image,chart_date,approx_trigger_chart_local,side,structure_observed,caveat,filename_claimed_R,audit_status,sha256,raw_quote_match_available
DAX-2026-01-08-001-8.9R.png,2026-01-08,07:57,sell,AB up; long base; breakout and reversal; highlighted signal range,B around 07:22; trigger 07:57,8.9,QUALITATIVE_ONLY_NOT_NUMERIC_MATCH,ac5fd4af1b6408aedb8c56e9408e66a53d5e993faa906956c7f14f56dafdfe98,False
DAX-2026-03-31-002-3.2R.png,2026-03-31,13:39,sell,AB up; brief BC then B breakout and bearish body trigger,B around 13:30,3.2,QUALITATIVE_ONLY_NOT_NUMERIC_MATCH,c1256c205f13f650ab4848f520c8eee2cdd9aeab699eae30dc0277f84b137f0b,False
DAX-2026-04-26-001-5.3R.png,2026-04-23,15:06,buy,AB down; B lower break; bullish reversal,Filename date 04-26 differs from Thu 23 Apr chart,5.3,QUALITATIVE_ONLY_NOT_NUMERIC_MATCH,54cac8c2473d102b0f0e62597a438fdaf871f751fa4172f4e39f81c40a70f302,False
DAX-2026-05-05-001-14.6R.png,2026-05-06,09:03,buy,AB down; base; second extension down then reversal,Filename date 05-05 differs from Wed 06 May chart,14.6,QUALITATIVE_ONLY_NOT_NUMERIC_MATCH,a18244d1e727c9a90a03ae3b5a84e8f930f154d7b06b52afce140ab95aa31df3,False
DAX-2026-05-08-001-1.3R.png,2026-05-08,,sell,AB up; B break around 17:00; bearish trigger before 17:18,17:18 label is later endpoint; exact entry minute unreadable,1.3,QUALITATIVE_ONLY_NOT_NUMERIC_MATCH,7b891a643503cc5126deeba0462321d3d797d012bac54dcfd755d4334fb58c8a,False
DAX-2026-05-11-001-1.6R.png,2026-05-11,06:02,sell,AB up; base; B extension; large bearish trigger,Later pullback near stop; exact fill unknown,1.6,QUALITATIVE_ONLY_NOT_NUMERIC_MATCH,c927823d22b7ce74d60bd621346bdd4ccd9f373a7742f8bccce260551a807db4,False
DAX-2026-05-13-001-13.1R.png,2026-05-13,06:26,buy,AB down; lower B break; bullish trigger,Large retrace after entry; cannot infer stop survival from filename,13.1,QUALITATIVE_ONLY_NOT_NUMERIC_MATCH,b73356023ece0a90494986b99ac91d1800b3ed58da80dc28ae5034b01ccff5cd,False
DAX-2026-05-13-002-2.2R.png,2026-05-13,11:04,buy,AB down; extended base; lower break; bullish trigger,TP/exit not determined by chart path alone,2.2,QUALITATIVE_ONLY_NOT_NUMERIC_MATCH,422a1150b3aab7cc7d024cd7b51f774aec258c4c7287efea0c6bce55eaa78f7c,False
DAX-2026-05-15-001-5.5R.png,2026-05-15,07:32,sell,AB up; long base; higher extension; bearish reversal,Potential multi-bar signal; raw OHLC needed,5.5,QUALITATIVE_ONLY_NOT_NUMERIC_MATCH,fb1c007eed40b3a1c4c7f6be27f9a9c1c456144ddce3ac89a9ccc656580a77a1,False
DAX-2026-05-19-001-2.1R.png,2026-05-19,11:32,sell,AB up in prior rising regime; extension then bearish trigger,"System is reversal, not continuation",2.1,QUALITATIVE_ONLY_NOT_NUMERIC_MATCH,4b5096c2212d8f3905c2c0d288cd92778a3d37b216d334c38b2613c92cbe8625,False
DAX-2026-05-20-001-1.5R.png,2026-05-20,11:06,sell,AB up; BC deep; highlighted liquidity box; two entry rectangles,Multiple discretionary entries/re-entry not defined by PDF,1.5,QUALITATIVE_ONLY_NOT_NUMERIC_MATCH,d8de707b5b43931f2db81a366ea3153fda1115ecdbc6099b0ff6eef7a14d1e05,False
DAX-2026-05-21-001-SL.png,2026-05-21,09:43,sell,AB up; base; higher extension then bearish trigger,Stop hit by rebound even though later price falls; outcome path matters,SL,QUALITATIVE_ONLY_NOT_NUMERIC_MATCH,703815daf4d57a6957855256e030feb83a7d4688cdea1830ce33f3a524a9bbde,False
DAX-2026-05-22-001-1R.png,2026-05-22,,sell,AB up; highlighted signal box; downside break around 05:30,Exact trigger minute not labelled,1,QUALITATIVE_ONLY_NOT_NUMERIC_MATCH,b00289ce1163adb3ab0600b99e4609df7e39485e73d81d215558a1c0f718533c,False
DAX-2026-05-26-001-3.8R.png,2026-05-26,14:45,sell,AB up; brief base; higher sweep then bearish trigger,Later reversal could stop tighter exits,3.8,QUALITATIVE_ONLY_NOT_NUMERIC_MATCH,cdc712a90c40398377cceea65a83a2c3bd838bc25e63029496c13a181f375316,False
DAX-2026-05-28-001-12.9R.png,2026-05-28,07:53,buy,AB down; base; lower extension then bullish trigger,Strong later expansion does not specify exit rule,12.9,QUALITATIVE_ONLY_NOT_NUMERIC_MATCH,8cb7e4584084a163f1e0264cddff31f08d2777036c0b2adefda6b99e3de48295,False
DAX-2026-06-01-001-4.7R.png,2026-06-01,13:36,buy,AB down; lower B break; bullish trigger,Late session reversal after chosen endpoint,4.7,QUALITATIVE_ONLY_NOT_NUMERIC_MATCH,90ec6d34cd89bee98a7b2f68a1a81abcff702901182071c193c7be97328199ca,False
DAX-2026-06-02-001-10R.png,2026-06-02,13:55,sell,AB up; base; B higher break then bearish trigger,Large later decline; screenshot return not fixed-TP result,10,QUALITATIVE_ONLY_NOT_NUMERIC_MATCH,43d0d722da82259329076141c69954360f35af06dcb84718d217ef2049476d6f,False
DAX-2026-06-02-002-1R.png,2026-06-02,17:06,sell,AB up; B extension then bearish trigger,Long hold/rebound; no trailing rule defined,1,QUALITATIVE_ONLY_NOT_NUMERIC_MATCH,a7baf7eeafda5ef682a06ec8395e5fd8f215c7668b3e629d0b8cc988c3d7c801,False
DAX-2026-06-03-001-1.6R.png,2026-06-03,16:09,buy,AB down; base; lower extension then bullish trigger,Endpoint 16:37; costs and exact R not reproducible,1.6,QUALITATIVE_ONLY_NOT_NUMERIC_MATCH,785cd627a3260feca9fadbde42782135a3d0fef0643db246d03d8d11a950a281,False
DAX-2026-06-05-001-1.6R.png,2026-06-05,09:49,sell,AB up; base; extension then bearish trigger,Duplicated byte-identically by filename (1),1.6,QUALITATIVE_ONLY_NOT_NUMERIC_MATCH,ef11e3e54ba55f08c21f081fe49a40c8cd8ee73bced3262dd8e1ea69344989e8,False
