family,config,TF,n,zk,tp_ATR,sl_ATR,risk_pct,signals,trades,win_pct,mean_R,pf,total_pct,monthly_geo_pct,max_dd_pct,worst_month_pct,pos_months_pct,n_months,tp_share,sl_share,n_h1,mean_R_h1,n_h2,mean_R_h2,N,pq,rmult
MR,MR TF5 EMA20 z2.0 TP1.0ATR,5,20.0,2.0,1.0,1.5,0.25,76643,14666,60.582299195417974,-0.15329265005206608,0.6596288917400506,-99.66392049918281,-11.188840091217301,99.66392049918281,-56.19104156321995,4.166666666666666,48,59.10950497749897,36.335742533751535,12521,-0.10733334773765377,2145,-0.42157070332887575,,,
MR,MR TF5 EMA20 z2.0 TP1.0ATR,5,20.0,2.0,1.0,1.5,0.5,76643,8567,60.03268355316914,-0.1303197186704053,0.5845834380027654,-99.66381766214593,-14.26647651266667,99.66381766214593,-62.75701991599058,2.7027027027027026,37,58.515232870316325,36.05696276409478,8468,-0.1270352096843814,99,-0.4112613559800086,,,
MR,MR TF5 EMA20 z2.0 TP1.0ATR,5,20.0,2.0,1.0,1.5,1.0,76643,4171,59.91368976264685,-0.12993204397721414,0.45934247457681454,-99.6561729133396,-22.7291911196734,99.6561729133396,-66.80950046891637,4.545454545454546,22,58.4991608726924,35.698873171901226,4043,-0.1313287594784289,128,-0.08581547545056417,,,
MR,MR TF5 EMA20 z2.0 TP1.0ATR,5,20.0,2.0,1.0,1.5,2.0,76643,1932,59.26501035196687,-0.14248609219148542,0.40117165298176305,-99.66686526225479,-27.160362898722788,99.66686526225479,-83.17149535553115,0.0,18,57.86749482401656,34.679089026915115,1920,-0.1394076524330121,12,-0.6350364535472122,,,
MR,MR TF5 EMA20 z2.0 TP2.0ATR,5,20.0,2.0,2.0,1.5,0.25,76643,12447,44.38017192897887,-0.17899679710953256,0.6884155402234033,-99.6639340519178,-11.188914705127884,99.6639340519178,-48.89212631192383,2.083333333333333,48,31.48549851369808,47.200128545030935,10904,-0.13521768272374493,1543,-0.4883729884657403,,,
MR,MR TF5 EMA20 z2.0 TP2.0ATR,5,20.0,2.0,2.0,1.5,0.5,76643,6424,43.7733499377335,-0.17240471150265876,0.6220837473205955,-99.66075908028098,-15.400481904072883,99.66075908028098,-64.44523663573668,2.941176470588235,34,30.074719800747197,46.4508094645081,6313,-0.16970283642486692,111,-0.3260708138999545,,,
MR,MR TF5 EMA20 z2.0 TP2.0ATR,5,20.0,2.0,2.0,1.5,1.0,76643,3352,43.4964200477327,-0.15681887083643578,0.54117926949304,-99.66140466992334,-24.75389085131824,99.66140466992334,-75.09804840533879,5.0,20,30.608591885441527,46.211217183770884,3347,-0.15272246544903506,5,-2.898952637162476,,,
MR,MR TF5 EMA20 z2.0 TP2.0ATR,5,20.0,2.0,2.0,1.5,2.0,76643,1696,43.3372641509434,-0.15520876405453757,0.5024877827756496,-99.66034744796687,-29.90457389542822,99.66034744796687,-83.30254024586021,0.0,16,30.18867924528302,44.45754716981132,1691,-0.15265187507223604,5,-1.0199486178689021,,,
MR,MR TF5 EMA20 z2.5 TP1.0ATR,5,20.0,2.5,1.0,1.5,0.25,38246,13595,60.13975726369989,-0.16570569004053856,0.6646515807596287,-99.66277629243226,-8.144904040199108,99.6632911890497,-44.92322254417118,2.9850746268656714,67,59.374770136079434,36.947407134976096,6758,-0.11300259141765015,6837,-0.21779981619140587,,,
MR,MR TF5 EMA20 z2.5 TP1.0ATR,5,20.0,2.5,1.0,1.5,0.5,38246,7630,59.94757536041939,-0.14674603561038016,0.6472710162499893,-99.66241660424761,-11.180578720918366,99.66346171289648,-40.47501061656038,4.166666666666666,48,58.61074705111402,37.3394495412844,6758,-0.11494975001188729,872,-0.3931672489986998,,,
MR,MR TF5 EMA20 z2.5 TP1.0ATR,5,20.0,2.5,1.0,1.5,1.0,38246,4653,60.11175585643671,-0.11889596246131119,0.5664550249513527,-99.66353405138308,-13.916581899184234,99.66558746828717,-49.33027353424071,5.263157894736842,38,58.65033311841823,36.64302600472813,4581,-0.116263921159641,72,-0.28635959028007624,,,
MR,MR TF5 EMA20 z2.5 TP1.0ATR,5,20.0,2.5,1.0,1.5,2.0,38246,2339,60.15391192817443,-0.11537103558493003,0.4862544190040185,-99.66311108544566,-24.77289724350118,99.66580172240289,-67.9785626933078,5.0,20,58.956819153484396,36.63958956819153,2320,-0.112965389239036,19,-0.4091131157151499,,,
MR,MR TF5 EMA20 z2.5 TP2.0ATR,5,20.0,2.5,2.0,1.5,0.25,38246,13151,44.71142878868527,-0.16491101210321557,0.7077547446383068,-99.65606937083629,-7.8921427863024025,99.65837555834267,-47.715612163412445,5.797101449275362,69,33.951790738346894,48.29290548247281,6105,-0.13661040962582632,7046,-0.18943204220887291,,,
MR,MR TF5 EMA20 z2.5 TP2.0ATR,5,20.0,2.5,2.0,1.5,0.5,38246,6241,43.90322063771831,-0.1755601425472956,0.6839533555849907,-99.66246948700098,-11.880175588580178,99.66698007662855,-51.31487313748862,4.444444444444445,45,31.212946643166163,48.66207338567538,6105,-0.16672311621961453,136,-0.5722516552715097,,,
MR,MR TF5 EMA20 z2.5 TP2.0ATR,5,20.0,2.5,2.0,1.5,1.0,38246,3578,43.87926215762996,-0.15347956184027475,0.623191662123176,-99.66260486128168,-15.008519415929545,99.67158596443988,-49.278272121183775,5.714285714285714,35,30.184460592509783,47.51257685858021,3565,-0.1488420889834226,13,-1.425217310661651,,,
MR,MR TF5 EMA20 z2.5 TP2.0ATR,5,20.0,2.5,2.0,1.5,2.0,38246,1767,42.840973401245044,-0.15255833110565784,0.5561361585508628,-99.66306186383403,-25.890981495440524,99.67577361835957,-70.08283231246082,10.526315789473683,19,31.861912846632713,48.38709677419355,1733,-0.15122034331516473,34,-0.22075635583873285,,,
MR,MR TF5 EMA60 z2.0 TP1.0ATR,5,60.0,2.0,1.0,1.5,0.25,254622,16225,60.024653312788914,-0.1362857498311775,0.6204205999435491,-99.66387364586782,-16.304288599573635,99.66387364586782,-60.90782109628944,0.0,32,58.00924499229584,33.84899845916795,16214,-0.1319163596192091,11,-6.576766922272603,,,
MR,MR TF5 EMA60 z2.0 TP1.0ATR,5,60.0,2.0,1.0,1.5,0.5,254622,7681,59.888035412055714,-0.14228300243809583,0.4864189494923076,-99.66292105871902,-24.770776168753162,99.66292105871902,-71.0799817232743,5.0,20,58.19554745475849,32.97747689102981,7327,-0.1473610857098599,354,-0.03717815460697958,,,
MR,MR TF5 EMA60 z2.0 TP1.0ATR,5,60.0,2.0,1.0,1.5,1.0,254622,2815,60.0,-0.19698395183807657,0.3903277436835951,-99.66310853880127,-37.77606096493277,99.66310853880127,-87.25770087588856,0.0,12,59.96447602131438,32.184724689165186,2812,-0.19219574543633985,3,-4.685129419066005,,,
MR,MR TF5 EMA60 z2.0 TP1.0ATR,5,60.0,2.0,1.0,1.5,2.0,254622,1553,59.81970379909852,-0.1800597974833267,0.39471683586294193,-99.65939704070914,-50.84914781243943,99.65939704070914,-95.74523168854871,0.0,8,60.65679330328396,34.44945267224727,1544,-0.17710620825983983,9,-0.6867644376015142,,,
MR,MR TF5 EMA60 z2.0 TP2.0ATR,5,60.0,2.0,2.0,1.5,0.25,254622,13238,44.96902855416226,-0.16814759173153015,0.6801835090071369,-99.66488842426351,-14.273868153886793,99.66488842426351,-61.455074652559546,2.7027027027027026,37,27.564586795588458,41.992748149267264,13231,-0.16134172256168744,7,-13.032212589758483,,,
MR,MR TF5 EMA60 z2.0 TP2.0ATR,5,60.0,2.0,2.0,1.5,0.5,254622,6878,44.693224774643795,-0.15522129823262412,0.6130213245376789,-99.66034025110072,-24.742081175548126,99.66034025110072,-60.356253777581756,0.0,20,28.56935155568479,42.221576039546385,6874,-0.15248052015150487,4,-4.8652484306360755,,,
MR,MR TF5 EMA60 z2.0 TP2.0ATR,5,60.0,2.0,2.0,1.5,1.0,254622,3073,45.23267165636186,-0.171065778604179,0.5547991369968013,-99.66342949800965,-31.58703652420626,99.66342949800965,-78.01259622025333,0.0,15,28.44126260982753,39.765701269118125,3071,-0.1679479980250632,2,-4.9584178578364595,,,
MR,MR TF5 EMA60 z2.0 TP2.0ATR,5,60.0,2.0,2.0,1.5,2.0,254622,1586,43.63177805800756,-0.1744236554464934,0.5560838161627839,-99.66133135026301,-55.6278253464737,99.66133135026301,-89.90039263134614,0.0,7,33.417402269861284,43.5687263556116,1584,-0.1708435378223339,2,-3.0098768137808056,,,
MR,MR TF5 EMA60 z2.5 TP1.0ATR,5,60.0,2.5,1.0,1.5,0.25,181807,15314,59.67741935483871,-0.14660497418895255,0.6290366813275962,-99.66390333163291,-12.969824615818549,99.66416440589644,-66.85483910058151,2.4390243902439024,41,57.64659788428889,34.850463628052765,15291,-0.1413303933654582,23,-3.6532839034085987,,,
MR,MR TF5 EMA60 z2.5 TP1.0ATR,5,60.0,2.5,1.0,1.5,0.5,181807,7590,59.23583662714097,-0.14667280183195688,0.533018843449986,-99.6601827425668,-23.71480537168573,99.66071026150856,-76.36980528224842,0.0,21,57.66798418972332,35.13833992094862,7565,-0.144044731901087,25,-0.941926762913177,,,
MR,MR TF5 EMA60 z2.5 TP1.0ATR,5,60.0,2.5,1.0,1.5,1.0,181807,3130,59.07348242811502,-0.1768121215175412,0.4218055085944649,-99.66123068617415,-28.435071933039747,99.66228084026689,-74.7086776184892,0.0,17,57.31629392971246,32.77955271565495,3100,-0.1758666918102696,30,-0.27450652460227537,,,
MR,MR TF5 EMA60 z2.5 TP1.0ATR,5,60.0,2.5,1.0,1.5,2.0,181807,2044,60.665362035225044,-0.13038877995999676,0.4244690187214233,-99.65559380486549,-46.74735087556624,99.65729883825655,-88.6887464274348,22.22222222222222,9,60.61643835616438,33.6105675146771,1788,-0.14847536749358642,256,-0.004065270155081499,,,
MR,MR TF5 EMA60 z2.5 TP2.0ATR,5,60.0,2.5,2.0,1.5,0.25,181807,13292,44.703581101414386,-0.1661495007381878,0.7015226158037833,-99.66385806377728,-12.405412451408038,99.66422238249228,-63.60782402036714,0.0,43,29.077640686126994,44.07162202828769,13190,-0.16106628972757528,102,-0.8234784539732812,,,
MR,MR TF5 EMA60 z2.5 TP2.0ATR,5,60.0,2.5,2.0,1.5,0.5,181807,7540,44.88063660477454,-0.144864867120329,0.6531102642062929,-99.65517615766369,-18.33103609102387,99.65592280517646,-37.79259238655888,0.0,28,29.323607427055702,43.55437665782493,7523,-0.14278551161022723,17,-1.0650408378553666,,,
MR,MR TF5 EMA60 z2.5 TP2.0ATR,5,60.0,2.5,2.0,1.5,1.0,181807,3579,44.789047219893824,-0.1486478752336342,0.5949364165403412,-99.67018152906813,-27.200836773803594,99.6716067557482,-61.64049208826427,0.0,18,27.242246437552385,41.07292539815591,3574,-0.14520262283286653,5,-2.6113142913023433,,,
MR,MR TF5 EMA60 z2.5 TP2.0ATR,5,60.0,2.5,2.0,1.5,2.0,181807,1984,45.16129032258064,-0.13243502300603627,0.5829688636226639,-99.66034929693346,-33.37377918244997,99.66269156669433,-77.72157604412064,0.0,14,29.63709677419355,40.725806451612904,1980,-0.130245313585644,4,-1.2163411861002058,,,
MR,MR TF15 EMA20 z2.0 TP1.0ATR,15,20.0,2.0,1.0,1.5,0.25,26643,11424,60.154061624649856,-0.0624953188834688,0.8043146354657826,-83.4953410519557,-2.1218409443420905,83.53700286386504,-7.358973663209111,13.095238095238097,84,57.834383753501406,35.819327731092436,4624,-0.06753391431499468,6800,-0.059069073990031216,,,
MR,MR TF15 EMA20 z2.0 TP1.0ATR,15,20.0,2.0,1.0,1.5,0.5,26643,11424,60.154061624649856,-0.06115459255975467,0.7954507835065496,-97.17159737878116,-4.155771243197847,97.24954758799358,-13.288206345909547,13.095238095238097,84,57.834383753501406,35.819327731092436,4624,-0.0677356748589727,6800,-0.05667945659628641,,,
MR,MR TF15 EMA20 z2.0 TP1.0ATR,15,20.0,2.0,1.0,1.5,1.0,26643,6432,58.95522388059702,-0.08401552611174835,0.7686402239022602,-99.65706649887458,-9.804341254813142,99.65706649887458,-33.64849936417181,10.909090909090908,55,56.4521144278607,36.61380597014926,4624,-0.066407704765143,1808,-0.12904791875926117,,,
MR,MR TF15 EMA20 z2.0 TP1.0ATR,15,20.0,2.0,1.0,1.5,2.0,26643,3739,58.866006953730945,-0.06983843950446268,0.7118120529021378,-99.65160987019857,-12.893535587214577,99.65448246895942,-41.4749490491916,14.634146341463413,41,56.05776945707408,36.159400909334046,3674,-0.06969149184420793,65,-0.07814437340870803,,,
MR,MR TF15 EMA20 z2.0 TP2.0ATR,15,20.0,2.0,2.0,1.5,0.25,26643,9922,45.2428945777061,-0.07711125118648336,0.8005164265000742,-85.58690714030422,-2.2796070715757843,85.7169611854967,-7.412554523258452,15.476190476190476,84,31.58637371497682,46.46240677282806,4102,-0.09616291883016775,5820,-0.06368342632834016,,,
MR,MR TF15 EMA20 z2.0 TP2.0ATR,15,20.0,2.0,2.0,1.5,0.5,26643,9922,45.2428945777061,-0.0771503944663103,0.7819145579221946,-98.07653271435976,-4.594713918776194,98.20168459313115,-17.135235045348917,15.476190476190476,84,31.58637371497682,46.46240677282806,4102,-0.09773190576076476,5820,-0.06264431898008135,,,
MR,MR TF15 EMA20 z2.0 TP2.0ATR,15,20.0,2.0,2.0,1.5,1.0,26643,4622,44.09346603202077,-0.1051381739134645,0.7561140247471677,-99.51239162586482,-10.29476697649695,99.65798019508121,-54.91417239166025,16.3265306122449,49,29.013414106447428,46.7979229770662,4102,-0.09354521793240819,520,-0.19658876128710479,,,
MR,MR TF15 EMA20 z2.0 TP2.0ATR,15,20.0,2.0,2.0,1.5,2.0,26643,2412,44.02985074626866,-0.10787133405170915,0.7191384261154407,-99.66221958291395,-17.277976581615672,99.67086796330065,-50.810531007107116,10.0,30,28.067993366500833,45.8955223880597,2397,-0.1068871516377765,15,-0.265143683798144,,,
MR,MR TF15 EMA20 z2.5 TP1.0ATR,15,20.0,2.5,1.0,1.5,0.25,13233,6366,58.63964813069431,-0.08279107621859425,0.7674051644219161,-73.48898925897701,-1.5680639688894438,73.79244298560548,-6.998567303326242,21.428571428571427,84,56.40904806786051,37.40182218033301,2472,-0.0825988095479839,3894,-0.08291313148560726,,,
MR,MR TF15 EMA20 z2.5 TP1.0ATR,15,20.0,2.5,1.0,1.5,0.5,13233,6366,58.63964813069431,-0.08211051865104203,0.7653121347109418,-92.95581574551309,-3.1089418451370587,93.11413221548992,-13.60624789732613,21.428571428571427,84,56.40904806786051,37.40182218033301,2472,-0.0819884751266969,3894,-0.08218799466341524,,,
MR,MR TF15 EMA20 z2.5 TP1.0ATR,15,20.0,2.5,1.0,1.5,1.0,13233,6112,58.63874345549738,-0.0861610766125084,0.763600052687586,-99.66110298216208,-6.622599394096884,99.6679467521921,-36.61120367561732,20.481927710843372,83,56.33180628272252,37.33638743455497,2472,-0.08213492412250123,3640,-0.08889532083099674,,,
MR,MR TF15 EMA20 z2.5 TP1.0ATR,15,20.0,2.5,1.0,1.5,2.0,13233,2873,57.396449704142015,-0.09408361177755359,0.7440406549934365,-99.67485481950779,-11.033589664337985,99.68754648416582,-50.18267198850117,22.448979591836736,49,54.785938043856596,37.76540201879568,2472,-0.07719221159038242,401,-0.19821214360470343,,,
MR,MR TF15 EMA20 z2.5 TP2.0ATR,15,20.0,2.5,2.0,1.5,0.25,13233,5770,44.280762564991335,-0.10058527223152484,0.762825051606697,-76.9153736453823,-1.730100904800358,77.40332447412358,-6.4503832693159735,16.666666666666664,84,30.883882149046794,48.05892547660312,2282,-0.12520721857259434,3488,-0.08447653325494212,,,
MR,MR TF15 EMA20 z2.5 TP2.0ATR,15,20.0,2.5,2.0,1.5,0.5,13233,5770,44.280762564991335,-0.09821512226308624,0.7423496443544714,-94.44852127832296,-3.3832367169183697,94.62276816482445,-12.272644118561649,16.666666666666664,84,30.883882149046794,48.05892547660312,2282,-0.12799989294897826,3488,-0.07872864098292409,,,
MR,MR TF15 EMA20 z2.5 TP2.0ATR,15,20.0,2.5,2.0,1.5,1.0,13233,4148,43.80424300867888,-0.12903245442188796,0.7243567657029444,-99.68155033370348,-8.107511687448621,99.69289435814996,-38.18289844281424,8.823529411764707,68,29.26711668273867,48.48119575699132,2282,-0.12354997444110748,1866,-0.13573718074350702,,,
MR,MR TF15 EMA20 z2.5 TP2.0ATR,15,20.0,2.5,2.0,1.5,2.0,13233,2019,43.486874690440814,-0.1284964409478429,0.7111622942469867,-99.67686178241284,-12.485745358019374,99.69874681748033,-38.3110237218686,11.627906976744185,43,27.241208519068845,47.94452699356117,1911,-0.1329887024472952,108,-0.04900836941586811,,,
MR,MR TF15 EMA60 z2.0 TP1.0ATR,15,60.0,2.0,1.0,1.5,0.25,96100,23107,59.19851127364002,-0.0947053916852347,0.7906868299263123,-99.67518726061193,-6.995987847835739,99.67533121018053,-57.96174679045467,3.79746835443038,79,56.086900073570774,34.413813995758865,10543,-0.06202307461142844,12564,-0.12213054839560873,,,
MR,MR TF15 EMA60 z2.0 TP1.0ATR,15,60.0,2.0,1.0,1.5,0.5,96100,12102,58.56056850107421,-0.0910849085401387,0.7615795911826967,-99.66473384349153,-11.193323143456347,99.66496566048289,-52.08668072385287,6.25,48,55.33796066765824,34.663691951743516,10543,-0.0642313387124331,1559,-0.27268669602795154,,,
MR,MR TF15 EMA60 z2.0 TP1.0ATR,15,60.0,2.0,1.0,1.5,1.0,96100,7122,58.67733782645325,-0.07335491701692336,0.7027626036560783,-99.67004304366601,-13.9608236117013,99.6704053588169,-40.85641750898233,5.263157894736842,38,55.20921089581579,34.18983431620332,7091,-0.07062793846399781,31,-0.6971292692361146,,,
MR,MR TF15 EMA60 z2.0 TP1.0ATR,15,60.0,2.0,1.0,1.5,2.0,96100,2969,57.999326372516,-0.07883678896834907,0.6213823488504221,-99.49526563690412,-23.23678710760735,99.65404941663468,-57.01694152596086,10.0,20,54.36173795890872,32.83933984506568,2869,-0.08679606360574511,100,0.14951480037854362,,,
MR,MR TF15 EMA60 z2.0 TP2.0ATR,15,60.0,2.0,2.0,1.5,0.25,96100,18258,45.03779165297404,-0.08405335034746711,0.7948733781462416,-98.01033429780875,-4.5562746558877265,98.1172137771921,-12.386008152940065,10.714285714285714,84,30.13473545842918,44.29838974696024,7933,-0.08326426956955899,10325,-0.08465962422748115,,,
MR,MR TF15 EMA60 z2.0 TP2.0ATR,15,60.0,2.0,2.0,1.5,0.5,96100,9248,44.44204152249135,-0.11781430743374625,0.7636854050283207,-99.6742707703216,-10.822121875697565,99.6766527469531,-51.9009509371981,8.0,50,28.384515570934255,44.38797577854671,7933,-0.0845825738102797,1315,-0.3182913742283928,,,
MR,MR TF15 EMA60 z2.0 TP2.0ATR,15,60.0,2.0,2.0,1.5,1.0,96100,5004,44.724220623501196,-0.10584149927662882,0.7201151617577619,-99.67477969899046,-15.935730411446746,99.67939015163014,-49.12670328198071,3.0303030303030303,33,27.258193445243805,43.38529176658673,4997,-0.10127137795037788,7,-3.3682552517446247,,,
MR,MR TF15 EMA60 z2.0 TP2.0ATR,15,60.0,2.0,2.0,1.5,2.0,96100,2044,44.52054794520548,-0.12858020181187987,0.6605157903716526,-99.66562307104542,-31.61685240457609,99.6737869217135,-64.9556027028939,0.0,15,24.70645792563601,40.94911937377691,2034,-0.12729993583143215,10,-0.3889863022349417,,,
MR,MR TF15 EMA60 z2.5 TP1.0ATR,15,60.0,2.5,1.0,1.5,0.25,70205,18436,59.785202863961814,-0.05763394557960722,0.817072498305102,-93.1554204619723,-3.14209288928039,93.31708311338808,-11.445938586461835,11.904761904761903,84,56.62833586461271,33.96615317856368,7838,-0.054491899205059216,10598,-0.059957719827928344,,,
MR,MR TF15 EMA60 z2.5 TP1.0ATR,15,60.0,2.5,1.0,1.5,0.5,70205,14654,59.478640644192716,-0.07383728671340482,0.8017917854520213,-99.65595389425626,-8.002976937078776,99.65699305553593,-53.802369264337216,10.294117647058822,68,56.264501160092806,33.92930257950047,7838,-0.054404447036979026,6816,-0.09618391191643089,,,
MR,MR TF15 EMA60 z2.5 TP1.0ATR,15,60.0,2.5,1.0,1.5,1.0,70205,8086,59.238189463269855,-0.06564500064439488,0.7621535227391536,-99.65670224956344,-11.846992752202102,99.65875852709215,-48.9443815831621,8.88888888888889,45,56.01038832550087,34.19490477368291,7838,-0.055426236626448605,248,-0.3886073892438422,,,
MR,MR TF15 EMA60 z2.5 TP1.0ATR,15,60.0,2.5,1.0,1.5,2.0,70205,4230,59.21985815602837,-0.061790334441568374,0.6809775032193627,-99.65776267482234,-18.352994083538597,99.66140215946515,-52.228690398006194,10.714285714285714,28,55.95744680851064,33.829787234042556,4229,-0.060431033464482295,1,-5.810274166538616,,,
MR,MR TF15 EMA60 z2.5 TP2.0ATR,15,60.0,2.5,2.0,1.5,0.25,70205,14037,45.60803590510793,-0.06683385327124892,0.8152738869952971,-90.71995131697479,-2.7904502480864735,90.87173140512348,-10.182898071987056,16.666666666666664,84,30.270000712402933,43.8626487141127,6009,-0.0827828280055398,8028,-0.05489596224255512,,,
MR,MR TF15 EMA60 z2.5 TP2.0ATR,15,60.0,2.5,2.0,1.5,0.5,70205,12177,45.4463332512113,-0.08056229192541325,0.7919149314329967,-99.50287018369457,-6.741077739426348,99.65704295581742,-42.77354340677514,17.105263157894736,76,29.761024882976102,43.836741397717006,6009,-0.08186776390011082,6168,-0.07929047268158096,,,
MR,MR TF15 EMA60 z2.5 TP2.0ATR,15,60.0,2.5,2.0,1.5,1.0,70205,5251,44.867644258236524,-0.10172903117945412,0.7563209587156323,-99.65759673003672,-12.930354122678311,99.663341661423,-53.49625499080527,4.878048780487805,41,27.232908017520472,43.61074081127405,5242,-0.09810499471647703,9,-2.2125289355045528,,,
MR,MR TF15 EMA60 z2.5 TP2.0ATR,15,60.0,2.5,2.0,1.5,2.0,70205,2768,45.122832369942195,-0.09201198812754756,0.7094134399418449,-99.66095313539711,-21.0968838099475,99.670974935511,-54.27275928431084,8.333333333333332,24,27.74566473988439,43.171965317919074,2767,-0.09005350560389956,1,-5.511133131061545,,,
VB,VB TF15 N20 pq0.25 SL1.0ATR R1.5,15,,,,1.0,0.25,6827,4925,36.690355329949234,-0.2559128427379136,0.6308483857626667,-95.78888568327955,-3.7005572160430322,95.81979217121703,-9.771045103335197,3.571428571428571,84,36.629441624365484,63.28934010152284,2109,-0.2030024049122311,2816,-0.29553930345324186,20.0,0.25,1.5
VB,VB TF15 N20 pq0.25 SL1.0ATR R1.5,15,,,,1.0,0.5,6827,4039,36.989353800445656,-0.2768897049424021,0.630012759471792,-99.65803119648291,-7.483542941507504,99.66205551970057,-27.89030737388498,4.10958904109589,73,36.915077989601386,62.985887595939595,2109,-0.20120654398403617,1930,-0.35959218497410883,20.0,0.25,1.5
VB,VB TF15 N20 pq0.25 SL1.0ATR R1.5,15,,,,1.0,1.0,6827,2714,38.09874723655122,-0.20392449815439168,0.5798745964285625,-99.65689395100532,-9.4763824104956,99.66494724494964,-26.899134252842593,7.017543859649122,57,38.025055268975684,61.86440677966102,2109,-0.19070379446701663,605,-0.25001121563649753,20.0,0.25,1.5
VB,VB TF15 N20 pq0.25 SL1.0ATR R1.5,15,,,,1.0,2.0,6827,1468,37.87465940054496,-0.18343520366991012,0.5324545863205166,-99.65707486611103,-13.87349496904584,99.66892006849037,-33.46219697007915,10.526315789473683,38,37.80653950953678,62.05722070844687,1370,-0.19060737516396667,98,-0.08317117359993514,20.0,0.25,1.5
VB,VB TF15 N20 pq0.25 SL1.0ATR R2.5,15,,,,1.0,0.25,6827,4291,25.89140060591937,-0.27053251226226815,0.6826719992360885,-94.63619386550613,-3.422784565456749,94.69197636346514,-9.225876276538825,11.904761904761903,84,25.821486832906082,74.08529480307621,1839,-0.19581253617962802,2452,-0.32657249432424823,20.0,0.25,2.5
VB,VB TF15 N20 pq0.25 SL1.0ATR R2.5,15,,,,1.0,0.5,6827,3733,26.145191534958478,-0.2988267104826546,0.6900120726980119,-99.66268371975124,-7.308374697700792,99.66684305045374,-29.14324205564881,13.333333333333334,75,26.06482721671578,73.82802035896063,1839,-0.19665209431951153,1894,-0.3980342707382091,20.0,0.25,2.5
VB,VB TF15 N20 pq0.25 SL1.0ATR R2.5,15,,,,1.0,1.0,6827,2483,26.94321385420862,-0.22032062259674837,0.6599099131376082,-99.65816185046063,-9.176057907916224,99.66643870971939,-27.419863948270674,18.64406779661017,59,26.862666129681838,73.01651228352799,1839,-0.19047676926831253,644,-0.3055424335765521,20.0,0.25,2.5
VB,VB TF15 N20 pq0.25 SL1.0ATR R2.5,15,,,,1.0,2.0,6827,1366,26.57393850658858,-0.19149240784111077,0.6487168349608331,-99.6556403669207,-13.218868997525423,99.6680669932696,-34.9252638405835,22.5,40,26.500732064421666,73.35285505124452,1322,-0.19002355530259232,44,-0.23562475002114225,20.0,0.25,2.5
VB,VB TF15 N20 pq0.25 SL1.5ATR R1.5,15,,,,1.5,0.25,6827,4098,37.896534895070765,-0.17999569604691532,0.751528611447638,-84.42164757288364,-2.189121181075304,84.61950462747497,-6.50323935224052,10.714285714285714,84,37.79892630551488,62.0546608101513,1744,-0.09614526798467211,2354,-0.24211767843457552,20.0,0.25,1.5
VB,VB TF15 N20 pq0.25 SL1.5ATR R1.5,15,,,,1.5,0.5,6827,4098,37.896534895070765,-0.17303664537368885,0.7768562074371087,-97.27761368367057,-4.199351389806482,97.34229834174671,-12.8493520234358,10.714285714285714,84,37.79892630551488,62.0546608101513,1744,-0.09733309597294319,2354,-0.22912287738511633,20.0,0.25,1.5
VB,VB TF15 N20 pq0.25 SL1.5ATR R1.5,15,,,,1.5,1.0,6827,3203,38.24539494224165,-0.171002366498924,0.7891666149079158,-99.66031779094223,-7.800278027230467,99.67059402657601,-33.46724849620743,12.857142857142856,70,38.12051201998127,61.692163596628156,1744,-0.09783732876422885,1459,-0.2584594095484841,20.0,0.25,1.5
VB,VB TF15 N20 pq0.25 SL1.5ATR R1.5,15,,,,1.5,2.0,6827,2240,39.91071428571429,-0.11612758211182594,0.7626557268675839,-99.66331830186842,-9.667671434551494,99.68386020457099,-31.017747590072197,12.5,56,39.77678571428571,60.0,1744,-0.0931711462206255,496,-0.1968453728260468,20.0,0.25,1.5
VB,VB TF15 N20 pq0.25 SL1.5ATR R2.5,15,,,,1.5,0.25,6827,3545,26.939351198871652,-0.18768827937801688,0.7738811479819524,-81.4496433752162,-1.9855949916992688,81.5617588828604,-7.519924420893509,20.238095238095237,84,26.713681241184766,72.94781382228491,1519,-0.10580100424293286,2026,-0.24908352662885236,20.0,0.25,2.5
VB,VB TF15 N20 pq0.25 SL1.5ATR R2.5,15,,,,1.5,0.5,6827,3545,26.939351198871652,-0.1833355496207535,0.7959737964319139,-96.42633585012341,-3.8885424386910006,96.47076055174912,-14.282734312474188,20.238095238095237,84,26.713681241184766,72.94781382228491,1519,-0.10523672607560239,2026,-0.24189039313757704,20.0,0.25,2.5
VB,VB TF15 N20 pq0.25 SL1.5ATR R2.5,15,,,,1.5,1.0,6827,2991,27.415580073553997,-0.17361617252484218,0.808978832718654,-99.62811818160388,-7.187729035382262,99.65130223103174,-29.248010827380533,24.0,75,27.148110999665665,72.45068538950183,1519,-0.10623097467595968,1472,-0.2431529357941713,20.0,0.25,2.5
VB,VB TF15 N20 pq0.25 SL1.5ATR R2.5,15,,,,1.5,2.0,6827,1972,28.448275862068968,-0.12585467064917435,0.7877553722692557,-99.65468770287208,-9.62683320570501,99.65866000031225,-33.46691151162635,23.214285714285715,56,28.14401622718053,71.34888438133873,1519,-0.10334024423527452,453,-0.20135006518055157,20.0,0.25,2.5
VB,VB TF15 N20 pq0.5 SL1.0ATR R1.5,15,,,,1.0,0.25,12608,7971,37.247522268222305,-0.2806309479824848,0.656223301469434,-99.65522693189442,-7.0113560336343745,99.65630270653159,-33.6005903500482,1.282051282051282,78,37.109522017312756,62.6646593902898,3873,-0.1879198183012602,4098,-0.3682517886987813,20.0,0.5,1.5
VB,VB TF15 N20 pq0.5 SL1.0ATR R1.5,15,,,,1.0,0.5,12608,5343,38.012352610892755,-0.20846008508040972,0.6220709938250022,-99.6582505369466,-9.32705503651614,99.6604025791763,-32.88363835277857,3.4482758620689653,58,37.86262399401086,61.89406700355605,3873,-0.1789549697765193,1470,-0.28619703172800665,20.0,0.5,1.5
VB,VB TF15 N20 pq0.5 SL1.0ATR R1.5,15,,,,1.0,1.0,12608,2515,37.335984095427435,-0.21824650600528514,0.5329438292713593,-99.65811347136356,-14.976400817252555,99.66241005322607,-41.00969569005215,5.714285714285714,35,37.137176938369784,62.54473161033797,2473,-0.21473029793014006,42,-0.4252841862394262,20.0,0.5,1.5
VB,VB TF15 N20 pq0.5 SL1.0ATR R1.5,15,,,,1.0,2.0,12608,1476,38.00813008130081,-0.18071979719429904,0.47177239530631593,-99.65802672321865,-21.8763963075005,99.66371858895936,-49.82670642428,8.695652173913043,23,37.80487804878049,61.78861788617886,1439,-0.180701056676566,37,-0.18144865138397126,20.0,0.5,1.5
VB,VB TF15 N20 pq0.5 SL1.0ATR R2.5,15,,,,1.0,0.25,12608,7201,25.87140674906263,-0.3106903194158594,0.6830346975495429,-99.65907300567174,-6.693799549797507,99.65966186634843,-31.80657793074584,3.6585365853658534,82,25.704763227329536,74.0313845299264,3315,-0.20906299463660347,3886,-0.39738475627721637,20.0,0.5,2.5
VB,VB TF15 N20 pq0.5 SL1.0ATR R2.5,15,,,,1.0,0.5,12608,4757,26.466260248055494,-0.2332363911824156,0.6575647149908027,-99.66144630435224,-8.504353408914511,99.66259147452956,-37.14670767863845,6.25,64,26.29808702964053,73.42863149043515,3315,-0.20522141286051393,1442,-0.2976397567421272,20.0,0.5,2.5
VB,VB TF15 N20 pq0.5 SL1.0ATR R2.5,15,,,,1.0,1.0,12608,2110,25.59241706161137,-0.2553435859848225,0.5897371075710283,-99.65555503873098,-16.717787783166806,99.65785155912607,-51.126103644828255,9.67741935483871,31,25.355450236966824,74.26540284360189,2085,-0.25244860121826657,25,-0.4967853155155859,20.0,0.5,2.5
VB,VB TF15 N20 pq0.5 SL1.0ATR R2.5,15,,,,1.0,2.0,12608,1436,26.67130919220056,-0.18226285629501565,0.5325692166428108,-99.65909857252342,-18.975589081195977,99.66346229496654,-51.90591216891707,11.11111111111111,27,26.46239554317549,73.11977715877437,1389,-0.1857776778950997,47,-0.07838866049678812,20.0,0.5,2.5
VB,VB TF15 N20 pq0.5 SL1.5ATR R1.5,15,,,,1.5,0.25,12608,7222,37.815009692605926,-0.15420399954347142,0.7613946332553964,-93.96721689076662,-3.2875570424620304,94.00001996415035,-9.382279854135644,8.333333333333332,84,37.60731099418443,62.03267792855165,3134,-0.12014321397135819,4088,-0.1803161575627969,20.0,0.5,1.5
VB,VB TF15 N20 pq0.5 SL1.5ATR R1.5,15,,,,1.5,0.5,12608,6098,38.110856018366675,-0.1803593446869846,0.7636035864383846,-99.65854805649448,-7.4854598725317185,99.65854805649448,-39.95414341315495,8.21917808219178,73,37.89767136766153,61.75795342735323,3134,-0.12190905996043716,2964,-0.242162041155608,20.0,0.5,1.5
VB,VB TF15 N20 pq0.5 SL1.5ATR R1.5,15,,,,1.5,1.0,12608,4213,39.1644908616188,-0.12913686236590977,0.7387203784436226,-99.66784541792897,-9.371563642037684,99.66784541792897,-30.27532305132127,12.068965517241379,58,38.92713031094232,60.69309280797531,3134,-0.11716617828571083,1079,-0.16390620797049124,20.0,0.5,1.5
VB,VB TF15 N20 pq0.5 SL1.5ATR R1.5,15,,,,1.5,2.0,12608,1881,38.38383838383838,-0.13802101301322045,0.6715566861947054,-99.65739933517081,-17.238896374852462,99.65739933517081,-51.949121819038766,13.333333333333334,30,38.01169590643275,61.40350877192983,1859,-0.1368472635105504,22,-0.23720284598883834,20.0,0.5,1.5
VB,VB TF15 N20 pq0.5 SL1.5ATR R2.5,15,,,,1.5,0.25,12608,6022,27.05081368316174,-0.1619440095024577,0.791032180316622,-91.55345088498487,-2.8992973156904966,91.72942150369661,-11.469536626489008,16.666666666666664,84,26.502822982397873,72.70009963467287,2617,-0.12518795593008047,3405,-0.1901938163156475,20.0,0.5,2.5
VB,VB TF15 N20 pq0.5 SL1.5ATR R2.5,15,,,,1.5,0.5,12608,5465,27.08142726440988,-0.19921460868912508,0.8019115048320272,-99.65656567600412,-7.015994060545916,99.65880349056604,-41.875597641338224,15.384615384615385,78,26.495882891125344,72.68069533394328,2617,-0.1255410124562666,2848,-0.266912572643265,20.0,0.5,2.5
VB,VB TF15 N20 pq0.5 SL1.5ATR R2.5,15,,,,1.5,1.0,12608,3679,27.724925251427017,-0.146148582017278,0.7933820776456065,-99.66788218582398,-8.93207411521253,99.67211702319871,-37.86814595059509,18.0327868852459,61,26.991030171242187,72.03044305517804,2617,-0.11986799840136872,1062,-0.210909681191322,20.0,0.5,2.5
VB,VB TF15 N20 pq0.5 SL1.5ATR R2.5,15,,,,1.5,2.0,12608,1848,28.13852813852814,-0.13271560342187166,0.7448220789454364,-99.66563042309004,-13.9307393100922,99.67441085789041,-46.67300190981551,21.052631578947366,38,27.110389610389614,71.53679653679653,1824,-0.12864568726388223,24,-0.44202923142906836,20.0,0.5,2.5
VB,VB TF15 N48 pq0.25 SL1.0ATR R1.5,15,,,,1.0,0.25,2983,2313,36.4461738002594,-0.26869312097014625,0.6209161387461641,-79.03703992579307,-1.842824072140381,79.08089108712386,-5.531709703784971,13.095238095238097,84,36.40293990488543,63.51059230436662,1026,-0.19617295300260804,1287,-0.3265064017274844,48.0,0.25,1.5
VB,VB TF15 N48 pq0.25 SL1.0ATR R1.5,15,,,,1.0,0.5,2983,2313,36.4461738002594,-0.2664688575543478,0.6282120716215218,-95.56566404262662,-3.6413256485766543,95.5844482584876,-10.704281591604136,13.095238095238097,84,36.40293990488543,63.51059230436662,1026,-0.1990680291729827,1287,-0.3202009864737577,48.0,0.25,1.5
VB,VB TF15 N48 pq0.25 SL1.0ATR R1.5,15,,,,1.0,1.0,2983,2114,36.23462630085147,-0.26321308504630114,0.6151649926768805,-99.66269563001144,-6.951550904555548,99.66554127434631,-31.30218316796036,13.924050632911392,79,36.18732261116367,63.71807000946074,1026,-0.19983361068583674,1088,-0.3229808614193125,48.0,0.25,1.5
VB,VB TF15 N48 pq0.25 SL1.0ATR R1.5,15,,,,1.0,2.0,2983,1434,37.58716875871688,-0.18849251320058666,0.5909467284951981,-99.65574793107125,-9.165224937470906,99.66043743416083,-23.928424224084043,18.64406779661017,59,37.58716875871688,62.34309623430963,1026,-0.18071372430351348,408,-0.2080538793976384,48.0,0.25,1.5
VB,VB TF15 N48 pq0.25 SL1.0ATR R2.5,15,,,,1.0,0.25,2983,2087,24.72448490656445,-0.31009690127910444,0.6385232847588614,-80.40834911807167,-1.9218480044329023,80.52106811766734,-6.002880483035733,13.095238095238097,84,24.67656923814087,75.22759942501199,926,-0.21486583776653853,1161,-0.38605208199627583,48.0,0.25,2.5
VB,VB TF15 N48 pq0.25 SL1.0ATR R2.5,15,,,,1.0,0.5,2983,2087,24.72448490656445,-0.3060653031833939,0.6497187547361016,-96.08833910149819,-3.7850861736111296,96.13330951975753,-11.73035191717191,11.904761904761903,84,24.67656923814087,75.22759942501199,926,-0.2199844017664905,1161,-0.3747224217984263,48.0,0.25,2.5
VB,VB TF15 N48 pq0.25 SL1.0ATR R2.5,15,,,,1.0,1.0,2983,1886,24.973488865323436,-0.2914928550832694,0.643599876312388,-99.65688424429196,-7.104915126423772,99.66465461859377,-22.178012204655573,11.688311688311687,77,24.920466595970307,74.97348886532343,926,-0.21858056853289412,960,-0.3618228314849855,48.0,0.25,2.5
VB,VB TF15 N48 pq0.25 SL1.0ATR R2.5,15,,,,1.0,2.0,2983,1312,26.067073170731707,-0.20138733661240338,0.635134587944343,-99.6574130423072,-9.323228538558093,99.66806815829996,-27.93641363804875,17.24137931034483,58,26.067073170731707,73.85670731707317,926,-0.19455932024716852,386,-0.2177675002243399,48.0,0.25,2.5
VB,VB TF15 N48 pq0.25 SL1.5ATR R1.5,15,,,,1.5,0.25,2983,2024,36.31422924901186,-0.21379077294664606,0.6893727392155196,-66.36201427410656,-1.2886654260564456,66.64781376860034,-5.1215128747916445,15.476190476190476,84,36.26482213438735,63.63636363636363,900,-0.14064555526302855,1124,-0.2723590077466956,48.0,0.25,1.5
VB,VB TF15 N48 pq0.25 SL1.5ATR R1.5,15,,,,1.5,0.5,2983,2024,36.31422924901186,-0.2145846858846026,0.7033975657016274,-88.95133797749124,-2.5883657109498692,89.13289122540635,-9.981086370788915,17.857142857142858,84,36.26482213438735,63.63636363636363,900,-0.1422387488280605,1124,-0.27251292729998333,48.0,0.25,1.5
VB,VB TF15 N48 pq0.25 SL1.5ATR R1.5,15,,,,1.5,1.0,2983,2024,36.31422924901186,-0.20246213127998489,0.7138826143290382,-98.5201106599008,-4.892007517363384,98.57020798901863,-18.467371775755993,17.857142857142858,84,36.26482213438735,63.63636363636363,900,-0.14453893491068134,1124,-0.24884191484971196,48.0,0.25,1.5
VB,VB TF15 N48 pq0.25 SL1.5ATR R1.5,15,,,,1.5,2.0,2983,1526,36.69724770642202,-0.1747615177672417,0.6921353199976268,-99.6603115168693,-7.492021804844384,99.68210652090629,-26.773938995776735,16.43835616438356,73,36.63171690694627,63.23722149410222,900,-0.1406644068535125,626,-0.2237829232342644,48.0,0.25,1.5
VB,VB TF15 N48 pq0.25 SL1.5ATR R2.5,15,,,,1.5,0.25,2983,1832,26.091703056768562,-0.21565795605429033,0.731098601794728,-63.17117022207689,-1.1821113534772776,63.337151033699016,-5.495580170965997,26.190476190476193,84,25.87336244541485,73.85371179039302,814,-0.12639352972193155,1018,-0.28703442268939844,48.0,0.25,2.5
VB,VB TF15 N48 pq0.25 SL1.5ATR R2.5,15,,,,1.5,0.5,2983,1832,26.091703056768562,-0.21412510556896847,0.7461133387644862,-86.55809915836336,-2.360728147938651,86.68460981873523,-10.74248010819332,26.190476190476193,84,25.87336244541485,73.85371179039302,814,-0.1268887833502817,1018,-0.2838798858106296,48.0,0.25,2.5
VB,VB TF15 N48 pq0.25 SL1.5ATR R2.5,15,,,,1.5,1.0,2983,1832,26.091703056768562,-0.2107382587728586,0.7586072744315466,-98.22329616058009,-4.684817485314474,98.25586746197644,-20.01311988492187,25.0,84,25.87336244541485,73.85371179039302,814,-0.128024888971754,1018,-0.27687645427197366,48.0,0.25,2.5
VB,VB TF15 N48 pq0.25 SL1.5ATR R2.5,15,,,,1.5,2.0,2983,1476,26.287262872628723,-0.17474502365838585,0.7451311104184138,-99.66237314407603,-7.4997359673513735,99.67452933396193,-28.57508920807591,23.28767123287671,73,26.0840108401084,73.6449864498645,814,-0.1246619453221638,662,-0.23632753992074948,48.0,0.25,2.5
VB,VB TF15 N48 pq0.5 SL1.0ATR R1.5,15,,,,1.0,0.25,6427,4822,38.09622563251763,-0.20071309661936465,0.6924350753921138,-91.25564389896883,-2.8592344283576265,91.30273109241135,-8.769732572823685,3.571428571428571,84,38.013272501036916,61.7793446702613,2142,-0.16953841953760343,2680,-0.22562957360038427,48.0,0.5,1.5
VB,VB TF15 N48 pq0.5 SL1.0ATR R1.5,15,,,,1.0,0.5,6427,4822,38.09622563251763,-0.2103628782721833,0.6834996536081378,-99.42134710287537,-5.9492808660322805,99.43482537600204,-15.496047535325985,3.571428571428571,84,38.013272501036916,61.7793446702613,2142,-0.17192598874237028,2680,-0.24108370565011591,48.0,0.5,1.5
VB,VB TF15 N48 pq0.5 SL1.0ATR R1.5,15,,,,1.0,1.0,6427,3130,38.594249201277954,-0.17608757246335577,0.6374462109834724,-99.6610455375775,-8.631626357259437,99.6610455375775,-26.199019999422134,6.349206349206349,63,38.498402555910545,61.277955271565496,2142,-0.16393470393628878,988,-0.2024351882376245,48.0,0.5,1.5
VB,VB TF15 N48 pq0.5 SL1.0ATR R1.5,15,,,,1.0,2.0,6427,1565,37.57188498402556,-0.17026616885501875,0.5790204613200816,-99.6590298951375,-13.886452294431528,99.6590298951375,-38.988415033555334,5.263157894736842,38,37.50798722044728,62.23642172523962,1539,-0.16675584659578957,26,-0.3780502441224681,48.0,0.5,1.5
VB,VB TF15 N48 pq0.5 SL1.0ATR R2.5,15,,,,1.0,0.25,6427,4219,25.977719838824363,-0.2378528937431912,0.6970761532066819,-92.05242852962343,-2.969660065818347,92.09752507058523,-8.502904264725665,8.333333333333332,84,25.835506044086276,73.88006636643755,1876,-0.20377292442787986,2343,-0.26514014190175883,48.0,0.5,2.5
VB,VB TF15 N48 pq0.5 SL1.0ATR R2.5,15,,,,1.0,0.5,6427,4158,25.998075998075997,-0.2668405133294623,0.6921333790756471,-99.65896897508497,-6.6155371221981,99.65983287281762,-26.03193222546205,7.228915662650602,83,25.85377585377585,73.88167388167388,1876,-0.20735455315333087,2282,-0.31574308181781574,48.0,0.5,2.5
VB,VB TF15 N48 pq0.5 SL1.0ATR R2.5,15,,,,1.0,1.0,6427,2589,26.535341830822713,-0.21060284297608764,0.6599970598486854,-99.65571882680429,-9.165094782070293,99.6574311614781,-30.056849628427717,8.47457627118644,59,26.38084202394747,73.31015836230205,1876,-0.19655713211009185,713,-0.24755901911158282,48.0,0.5,2.5
VB,VB TF15 N48 pq0.5 SL1.0ATR R2.5,15,,,,1.0,2.0,6427,1401,26.05281941470378,-0.18445370386818627,0.6393434143788794,-99.65845323692093,-13.882622876772766,99.6611281131248,-39.32960741390361,7.894736842105263,38,25.981441827266238,73.7330478229836,1389,-0.17801517904251665,12,-0.9297129524394423,48.0,0.5,2.5
VB,VB TF15 N48 pq0.5 SL1.5ATR R1.5,15,,,,1.5,0.25,6427,4084,37.24289911851126,-0.17083889228369475,0.7416128590338735,-82.78243891734017,-2.0725548629060175,82.98790777825769,-6.7592638584842994,14.285714285714285,84,37.071498530852104,62.58570029382958,1806,-0.12526505537925273,2278,-0.2069698621912551,48.0,0.5,1.5
VB,VB TF15 N48 pq0.5 SL1.5ATR R1.5,15,,,,1.5,0.5,6427,4084,37.24289911851126,-0.1664900948693665,0.7460248653325855,-96.84573597085252,-4.03127198978318,96.90785828277568,-12.821706178080937,14.285714285714285,84,37.071498530852104,62.58570029382958,1806,-0.12986616755400318,2278,-0.1955255701685527,48.0,0.5,1.5
VB,VB TF15 N48 pq0.5 SL1.5ATR R1.5,15,,,,1.5,1.0,6427,3208,37.46882793017456,-0.17096968948832725,0.7317997974658252,-99.66441872321265,-7.81627502772394,99.6683190559156,-46.51556536181117,12.857142857142856,70,37.250623441396506,62.406483790523694,1806,-0.12733296082947923,1402,-0.22718076791762792,48.0,0.5,1.5
VB,VB TF15 N48 pq0.5 SL1.5ATR R1.5,15,,,,1.5,2.0,6427,2143,38.730751283247784,-0.12133536366170625,0.6655490795836364,-99.66493964522444,-10.379737345970053,99.67240258398559,-34.7627674150752,21.153846153846153,52,38.54409706019599,61.08259449370041,1806,-0.12096605997440604,337,-0.12331448075151116,48.0,0.5,1.5
VB,VB TF15 N48 pq0.5 SL1.5ATR R2.5,15,,,,1.5,0.25,6427,3528,27.239229024943313,-0.15982288950241613,0.7841198405842451,-76.09255000656702,-1.6891193646151215,76.3243307951133,-7.574515054817743,27.380952380952383,84,26.72902494331066,72.50566893424036,1556,-0.13308973925983694,1972,-0.18091659222931944,48.0,0.5,2.5
VB,VB TF15 N48 pq0.5 SL1.5ATR R2.5,15,,,,1.5,0.5,6427,3528,27.239229024943313,-0.15854180414284313,0.783957693281124,-94.38585770171298,-3.3703254438523844,94.48686861646846,-14.462890013018326,27.380952380952383,84,26.72902494331066,72.50566893424036,1556,-0.13787361911539156,1972,-0.17484996636531505,48.0,0.5,2.5
VB,VB TF15 N48 pq0.5 SL1.5ATR R2.5,15,,,,1.5,1.0,6427,3154,27.203551046290425,-0.16726063207145736,0.7771054424358715,-99.66176372122048,-7.122193416098554,99.66437198810962,-34.446501220951596,23.376623376623375,77,26.63284717818643,72.5428027901078,1556,-0.1362649690185228,1598,-0.1974416406511608,48.0,0.5,2.5
VB,VB TF15 N48 pq0.5 SL1.5ATR R2.5,15,,,,1.5,2.0,6427,2020,27.871287128712872,-0.12458474543963292,0.7355175011249772,-99.66557079790167,-9.517052323833664,99.67053054024102,-32.26805274356494,24.561403508771928,57,27.17821782178218,71.88118811881188,1556,-0.12688361813229318,464,-0.11687559477200511,48.0,0.5,2.5
VBI,VBI TF15 N20 pq0.25 SL1.0ATR R1.5,15,,,,1.0,0.25,6827,5334,42.35095613048369,-0.14213967573323566,0.7497076719005591,-85.26409749413546,-2.2538359189632096,85.30427880434836,-8.470786347265491,13.095238095238097,84,42.33220847394076,57.61154855643045,2307,-0.14806407640932365,3027,-0.13762444865701,20.0,0.25,1.5
VBI,VBI TF15 N20 pq0.25 SL1.0ATR R1.5,15,,,,1.0,0.5,6827,5334,42.35095613048369,-0.13749441548343005,0.7341986758945098,-97.62173037556983,-4.353347512348316,97.62869344063905,-15.819631947818124,13.095238095238097,84,42.33220847394076,57.61154855643045,2307,-0.14986495853677376,3027,-0.12806632072820576,20.0,0.25,1.5
VBI,VBI TF15 N20 pq0.25 SL1.0ATR R1.5,15,,,,1.0,1.0,6827,3926,41.74732552215996,-0.13897399381546835,0.7096651491437554,-99.65897382428149,-7.689621608815855,99.65897382428149,-25.751073465869222,12.676056338028168,71,41.72185430463576,58.20173204279164,2307,-0.14608109740177522,1619,-0.1288467004407865,20.0,0.25,1.5
VBI,VBI TF15 N20 pq0.25 SL1.0ATR R1.5,15,,,,1.0,2.0,6827,2019,40.51510648836057,-0.13079066900652184,0.6825762146800768,-99.65786658286885,-12.369415354808933,99.65786658286885,-41.93112713740913,13.953488372093023,43,40.4655770183259,59.43536404160476,1848,-0.13764210166556726,171,-0.05674711605964465,20.0,0.25,1.5
VBI,VBI TF15 N20 pq0.25 SL1.0ATR R2.5,15,,,,1.0,0.25,6827,5114,30.1916308173641,-0.14662493286602304,0.7923517246725147,-85.12997400522218,-2.2432919775853266,85.39451453928378,-9.078131596434957,15.476190476190476,84,30.15252248728979,69.7692608525616,2212,-0.1367643452922466,2902,-0.15414099755010074,20.0,0.25,2.5
VBI,VBI TF15 N20 pq0.25 SL1.0ATR R2.5,15,,,,1.0,0.5,6827,5114,30.1916308173641,-0.14453184217812282,0.7858366192105085,-97.78778892060961,-4.435728310687148,97.83663756944885,-17.03528884328904,14.285714285714285,84,30.15252248728979,69.7692608525616,2212,-0.13780207178620404,2902,-0.14966149486831037,20.0,0.25,2.5
VBI,VBI TF15 N20 pq0.25 SL1.0ATR R2.5,15,,,,1.0,1.0,6827,3682,29.494839760999458,-0.1440742932699689,0.7698500680769409,-99.65664593828633,-7.786115505700031,99.65796237444499,-27.848573485789696,15.714285714285714,70,29.440521455730583,70.45084193373167,2212,-0.1349810227381442,1470,-0.15775750035595276,20.0,0.25,2.5
VBI,VBI TF15 N20 pq0.25 SL1.0ATR R2.5,15,,,,1.0,2.0,6827,2307,29.86562635457304,-0.1064957256920176,0.7457896129524952,-99.66069731927143,-10.956171961695382,99.66319813673117,-42.9171414868775,20.408163265306122,49,29.82228001733854,70.04768097095796,2032,-0.11727562024425574,275,-0.026842104855115984,20.0,0.25,2.5
VBI,VBI TF15 N20 pq0.25 SL1.5ATR R1.5,15,,,,1.5,0.25,6827,4484,41.770740410347905,-0.09439786400845727,0.8360784579372695,-65.88676089498959,-1.2721773801734448,65.94908686406542,-5.267516561302632,23.809523809523807,84,41.70383586083854,58.140053523639615,1930,-0.09280004875827702,2554,-0.09560529683259503,20.0,0.25,1.5
VBI,VBI TF15 N20 pq0.25 SL1.5ATR R1.5,15,,,,1.5,0.5,6827,4484,41.770740410347905,-0.09486628714345484,0.8294713506894372,-88.87912506210674,-2.580810646517817,88.89819575913562,-10.33282313690539,22.61904761904762,84,41.70383586083854,58.140053523639615,1930,-0.09448104741736772,2554,-0.09515740408603438,20.0,0.25,1.5
VBI,VBI TF15 N20 pq0.25 SL1.5ATR R1.5,15,,,,1.5,1.0,6827,4484,41.770740410347905,-0.09055065562171889,0.8154328786949914,-98.65733364630053,-5.0021216478824515,98.66852414218555,-18.856195152045984,23.809523809523807,84,41.70383586083854,58.140053523639615,1930,-0.09527820789553366,2554,-0.08697815135842112,20.0,0.25,1.5
VBI,VBI TF15 N20 pq0.25 SL1.5ATR R1.5,15,,,,1.5,2.0,6827,2642,40.6888720666162,-0.09638853767943747,0.7889753032309968,-99.65606554690501,-9.16664603127052,99.65606554690501,-26.467594891611355,22.033898305084744,59,40.613171839515516,59.159727479182436,1930,-0.09062298068415334,712,-0.11201708402901385,20.0,0.25,1.5
VBI,VBI TF15 N20 pq0.25 SL1.5ATR R2.5,15,,,,1.5,0.25,6827,4002,31.40929535232384,-0.04830635463093394,0.9290061841477385,-39.9682816206773,-0.6056550464564103,43.77833306862734,-6.215112399196743,45.23809523809524,84,31.2343828085957,68.49075462268866,1735,-0.02569878527572831,2267,-0.06560857467119939,20.0,0.25,2.5
VBI,VBI TF15 N20 pq0.25 SL1.5ATR R2.5,15,,,,1.5,0.5,6827,4002,31.40929535232384,-0.04850244964143164,0.9263076043503734,-66.07465847220901,-1.278668849805853,70.26135725384141,-12.200429668349456,44.047619047619044,84,31.2343828085957,68.49075462268866,1735,-0.025841275161014133,2267,-0.06584569521863692,20.0,0.25,2.5
VBI,VBI TF15 N20 pq0.25 SL1.5ATR R2.5,15,,,,1.5,1.0,6827,4002,31.40929535232384,-0.04789725739768444,0.920256933796638,-90.498598725252,-2.763166993038735,92.65515304949619,-22.006540323621227,42.857142857142854,84,31.2343828085957,68.49075462268866,1735,-0.026579366146999225,2267,-0.0642124498634713,20.0,0.25,2.5
VBI,VBI TF15 N20 pq0.25 SL1.5ATR R2.5,15,,,,1.5,2.0,6827,4002,31.40929535232384,-0.04108535856387759,0.9097856342396254,-99.1268226430044,-5.487486074012827,99.46411050906597,-35.496014209921526,41.66666666666667,84,31.2343828085957,68.49075462268866,1735,-0.026646040692659984,2267,-0.05213618190157612,20.0,0.25,2.5
VBI,VBI TF15 N20 pq0.5 SL1.0ATR R1.5,15,,,,1.0,0.25,12608,9697,42.19861812931834,-0.11648461230673211,0.7739860481399474,-94.24891533205768,-3.3425983551328975,94.27027049607514,-10.618037389689894,10.714285714285714,84,42.116118387130044,57.718882128493355,4262,-0.11950703500153653,5435,-0.11411449905461502,20.0,0.5,1.5
VBI,VBI TF15 N20 pq0.5 SL1.0ATR R1.5,15,,,,1.0,0.5,12608,7905,41.695129664769134,-0.13915447680629778,0.7488630725429655,-99.65756265530183,-7.5816796667386726,99.66004909435789,-29.41661677046006,8.333333333333332,72,41.631878557874764,58.21631878557875,4262,-0.11964776218824465,3643,-0.1619756729913492,20.0,0.5,1.5
VBI,VBI TF15 N20 pq0.5 SL1.0ATR R1.5,15,,,,1.0,1.0,12608,4318,40.898564150069475,-0.12367654602745956,0.6968458334972375,-99.65891055524584,-11.384878812575971,99.6638357732825,-35.85489779522864,8.51063829787234,47,40.82908754052802,58.98564150069476,4262,-0.11523379109011438,56,-0.7662305021518382,20.0,0.5,1.5
VBI,VBI TF15 N20 pq0.5 SL1.0ATR R1.5,15,,,,1.0,2.0,12608,1876,39.92537313432835,-0.1397506477451438,0.647749220429299,-99.65877547351383,-18.97274618620881,99.66784846283177,-53.645916471206135,11.11111111111111,27,39.76545842217484,59.914712153518124,1858,-0.13770307197549062,18,-0.3511059688571213,20.0,0.5,1.5
VBI,VBI TF15 N20 pq0.5 SL1.0ATR R2.5,15,,,,1.0,0.25,12608,9228,29.9739921976593,-0.12395600672092572,0.787501820412019,-94.5484138887654,-3.4041194759953597,94.67740383143733,-10.053061844633804,9.523809523809524,84,29.768097095795405,69.91764195925444,4045,-0.1341255517977731,5183,-0.11601932722336682,20.0,0.5,2.5
VBI,VBI TF15 N20 pq0.5 SL1.0ATR R2.5,15,,,,1.0,0.5,12608,7596,29.64718272775145,-0.14164180696162237,0.7562087262093944,-99.66190464725662,-7.497978882412215,99.66811356094702,-36.77517908121183,10.95890410958904,73,29.44971037388099,70.23433385992628,4045,-0.13263644547297196,3551,-0.15189995599614523,20.0,0.5,2.5
VBI,VBI TF15 N20 pq0.5 SL1.0ATR R2.5,15,,,,1.0,1.0,12608,3439,28.67112532712998,-0.15320675190633862,0.6898871068970468,-99.65766754284294,-12.104886956455807,99.67011733016649,-37.660814593025925,9.090909090909092,44,28.496656004652515,71.15440535039255,3412,-0.14819761995671726,27,-0.7862126116140454,20.0,0.5,2.5
VBI,VBI TF15 N20 pq0.5 SL1.0ATR R2.5,15,,,,1.0,2.0,12608,1651,28.043609933373716,-0.15371817638023094,0.6312608745186188,-99.65778574666734,-18.353190668956955,99.67854445259927,-48.191593354915064,10.714285714285714,28,27.801332525741973,71.71411265899454,1633,-0.1497375444739017,18,-0.5148499487711025,20.0,0.5,2.5
VBI,VBI TF15 N20 pq0.5 SL1.5ATR R1.5,15,,,,1.5,0.25,12608,7960,41.55778894472362,-0.08169558821979822,0.8461211104687645,-80.89059341896498,-1.950943469882782,81.04472573662478,-6.874421227008498,19.047619047619047,84,41.33165829145729,58.2035175879397,3469,-0.0837872239872651,4491,-0.08007993814690964,20.0,0.5,1.5
VBI,VBI TF15 N20 pq0.5 SL1.5ATR R1.5,15,,,,1.5,0.5,12608,7960,41.55778894472362,-0.08078584518613047,0.8320329432382744,-96.3962379877812,-3.8789458469836835,96.43718427210625,-13.08406555651267,17.857142857142858,84,41.33165829145729,58.2035175879397,3469,-0.08636305299387796,4491,-0.07647782160895923,20.0,0.5,1.5
VBI,VBI TF15 N20 pq0.5 SL1.5ATR R1.5,15,,,,1.5,1.0,12608,6143,41.11997395409409,-0.08601911489562179,0.8148273203793537,-99.66153251956183,-7.91351461485581,99.66698646322702,-33.25373088547404,20.28985507246377,69,40.94090835096858,58.603288295621034,3469,-0.08043672873689978,2674,-0.09326118579487634,20.0,0.5,1.5
VBI,VBI TF15 N20 pq0.5 SL1.5ATR R1.5,15,,,,1.5,2.0,12608,2929,40.4233526800956,-0.08475793727575166,0.7833756843893922,-99.66186021203391,-12.393340099767725,99.67197465593031,-37.97190538371365,18.6046511627907,43,40.252645954250596,59.2010925230454,2804,-0.08561287706635311,125,-0.06557992789297984,20.0,0.5,1.5
VBI,VBI TF15 N20 pq0.5 SL1.5ATR R2.5,15,,,,1.5,0.25,12608,6928,30.643764434180138,-0.058881734315866824,0.9056645395644082,-65.50669840748134,-1.2591543262708615,68.1703288379278,-8.632196201014963,34.523809523809526,84,30.138568129330256,69.1108545034642,2999,-0.04557524691022024,3929,-0.06903855684819925,20.0,0.5,2.5
VBI,VBI TF15 N20 pq0.5 SL1.5ATR R2.5,15,,,,1.5,0.5,12608,6928,30.643764434180138,-0.058853045829116706,0.8962368331170498,-89.09343722281487,-2.6033759643559806,90.72319347433312,-16.567354453530992,33.33333333333333,84,30.138568129330256,69.1108545034642,2999,-0.04640382886876159,3929,-0.06835551507424395,20.0,0.5,2.5
VBI,VBI TF15 N20 pq0.5 SL1.5ATR R2.5,15,,,,1.5,1.0,12608,6928,30.643764434180138,-0.052063883937623866,0.8820214972160789,-98.57502335947818,-4.9348099463017885,98.98278082948707,-29.270106727228963,34.523809523809526,84,30.138568129330256,69.1108545034642,2999,-0.046189852589409185,3929,-0.056547523543960275,20.0,0.5,2.5
VBI,VBI TF15 N20 pq0.5 SL1.5ATR R2.5,15,,,,1.5,2.0,12608,3697,30.132539897213956,-0.060196570984504996,0.8751843039695465,-99.66142175983663,-10.17653727067691,99.76479628681902,-46.93213761906152,30.18867924528302,53,29.564511766296995,69.54287259940493,2999,-0.042003093082088896,698,-0.13836596959388298,20.0,0.5,2.5
VBI,VBI TF15 N48 pq0.25 SL1.0ATR R1.5,15,,,,1.0,0.25,2983,2477,42.75333064190553,-0.1317513730778746,0.7776038838690651,-56.191055942027,-0.9777271803644516,56.44473856997718,-5.411098330816633,19.047619047619047,84,42.71295922486879,57.24666935809447,1115,-0.1369534004797149,1362,-0.1274927383105824,48.0,0.25,1.5
VBI,VBI TF15 N48 pq0.25 SL1.0ATR R1.5,15,,,,1.0,0.5,2983,2477,42.75333064190553,-0.13308409966303086,0.7676982609572444,-81.4842947164297,-1.9877766137418207,81.69675674281956,-10.630990972104893,19.047619047619047,84,42.71295922486879,57.24666935809447,1115,-0.1394013765181613,1362,-0.1279124669952846,48.0,0.25,1.5
VBI,VBI TF15 N48 pq0.25 SL1.0ATR R1.5,15,,,,1.0,1.0,2983,2477,42.75333064190553,-0.1271658368354584,0.751920503850004,-96.29514449380514,-3.847282528634721,96.37687716575066,-20.19856190482455,19.047619047619047,84,42.71295922486879,57.24666935809447,1115,-0.13955582073330294,1362,-0.11702278834346382,48.0,0.25,1.5
VBI,VBI TF15 N48 pq0.25 SL1.0ATR R1.5,15,,,,1.0,2.0,2983,2477,42.75333064190553,-0.10403246645398312,0.7269544878938641,-99.60731259645881,-6.382357155512109,99.61745143189285,-33.475769485452275,17.857142857142858,84,42.71295922486879,57.24666935809447,1115,-0.13234962019651733,1362,-0.0808506555707778,48.0,0.25,1.5
VBI,VBI TF15 N48 pq0.25 SL1.0ATR R2.5,15,,,,1.0,0.25,2983,2443,30.699959066721245,-0.12987377432731895,0.8203734190674451,-55.46671520932067,-0.9583936893220457,56.447673854966354,-5.3313546979554705,27.380952380952383,84,30.659025787965614,69.30004093327875,1102,-0.11395710387560719,1341,-0.1429536929237294,48.0,0.25,2.5
VBI,VBI TF15 N48 pq0.25 SL1.0ATR R2.5,15,,,,1.0,0.5,2983,2443,30.699959066721245,-0.1308369931679493,0.8161208936073409,-81.02080969573609,-1.95892430694532,81.83266360885375,-10.41354379032371,26.190476190476193,84,30.659025787965614,69.30004093327875,1102,-0.11469328817700823,1341,-0.14410348302627674,48.0,0.25,2.5
VBI,VBI TF15 N48 pq0.25 SL1.0ATR R2.5,15,,,,1.0,1.0,2983,2443,30.699959066721245,-0.12587506371144194,0.8110293318097914,-96.3674902533245,-3.8698533992028605,96.64398365437812,-19.714331932606278,26.190476190476193,84,30.659025787965614,69.30004093327875,1102,-0.11460615366121046,1341,-0.13513556995704598,48.0,0.25,2.5
VBI,VBI TF15 N48 pq0.25 SL1.0ATR R2.5,15,,,,1.0,2.0,2983,2443,30.699959066721245,-0.09382559033045079,0.806525557468755,-99.46994003482021,-6.047437223981634,99.53210509217749,-31.10428731312699,26.190476190476193,84,30.659025787965614,69.30004093327875,1102,-0.10573814440467001,1341,-0.08403615364902679,48.0,0.25,2.5
VBI,VBI TF15 N48 pq0.25 SL1.5ATR R1.5,15,,,,1.5,0.25,2983,2199,42.51932696680309,-0.07629390084842631,0.8712865271568577,-34.82890036321504,-0.5084104260186462,36.6329326099423,-3.6743741689817866,34.523809523809526,84,42.42837653478854,57.48067303319691,978,-0.06753106487821474,1221,-0.08331278174839925,48.0,0.25,1.5
VBI,VBI TF15 N48 pq0.25 SL1.5ATR R1.5,15,,,,1.5,0.5,2983,2199,42.51932696680309,-0.07703380156494036,0.870504331417349,-58.636981957408274,-1.0454291317704256,60.819398527749144,-7.287657341944609,34.523809523809526,84,42.42837653478854,57.48067303319691,978,-0.06807284792168564,1221,-0.08421137131359155,48.0,0.25,1.5
VBI,VBI TF15 N48 pq0.25 SL1.5ATR R1.5,15,,,,1.5,1.0,2983,2199,42.51932696680309,-0.07667553661515505,0.8683706452209545,-83.94905299335623,-2.1543157821784953,85.57789948502986,-14.058614120730207,33.33333333333333,84,42.42837653478854,57.48067303319691,978,-0.06918942869506298,1221,-0.08267178030544992,48.0,0.25,1.5
VBI,VBI TF15 N48 pq0.25 SL1.5ATR R1.5,15,,,,1.5,2.0,2983,2199,42.51932696680309,-0.06929182632517943,0.869047737757307,-97.1699330507872,-4.155100033622839,97.70719027094312,-24.553778046541275,32.142857142857146,84,42.42837653478854,57.48067303319691,978,-0.06730519111741172,1221,-0.07088308695842825,48.0,0.25,1.5
VBI,VBI TF15 N48 pq0.25 SL1.5ATR R2.5,15,,,,1.5,0.25,2983,2168,31.503690036900366,-0.04294016497554358,0.93678236860111,-21.92772703515562,-0.29425100659455916,28.663482373589066,-4.879092891610171,41.66666666666667,84,31.31918819188192,68.49630996309963,965,-0.03301623498710035,1203,-0.050900757194037104,48.0,0.25,2.5
VBI,VBI TF15 N48 pq0.25 SL1.5ATR R2.5,15,,,,1.5,0.5,2983,2168,31.503690036900366,-0.0440098651277463,0.9331506679924104,-41.59142856664314,-0.6380835641145222,51.214902344601576,-9.612238966744657,40.476190476190474,84,31.31918819188192,68.49630996309963,965,-0.03425555357303784,1203,-0.05183439600912093,48.0,0.25,2.5
VBI,VBI TF15 N48 pq0.25 SL1.5ATR R2.5,15,,,,1.5,1.0,2983,2168,31.503690036900366,-0.04353799099426311,0.9284615070492058,-69.47505589504148,-1.4027189153083208,78.5797651873821,-18.326541032996634,40.476190476190474,84,31.31918819188192,68.49630996309963,965,-0.03441943570813405,1203,-0.05085254282395102,48.0,0.25,2.5
VBI,VBI TF15 N48 pq0.25 SL1.5ATR R2.5,15,,,,1.5,2.0,2983,2168,31.503690036900366,-0.039380191110095185,0.9231394392397965,-92.48876135233947,-3.0348633533059943,96.1827174291291,-32.18946650000073,38.095238095238095,84,31.31918819188192,68.49630996309963,965,-0.03449614921158309,1203,-0.043297980330431154,48.0,0.25,2.5
VBI,VBI TF15 N48 pq0.5 SL1.0ATR R1.5,15,,,,1.0,0.25,6427,5254,41.891891891891895,-0.12225006329266129,0.7878452571000697,-80.31537306085734,-1.9163198923971003,80.6259045969108,-7.32353941405659,15.476190476190476,84,41.79672630376856,58.03197563760945,2351,-0.1144930017678194,2903,-0.12853213413141548,48.0,0.5,1.5
VBI,VBI TF15 N48 pq0.5 SL1.0ATR R1.5,15,,,,1.0,0.5,6427,5254,41.891891891891895,-0.12048510252755198,0.7771629741812258,-96.0849281824027,-3.784087815614201,96.20158640434818,-14.088142524968594,16.666666666666664,84,41.79672630376856,58.03197563760945,2351,-0.11596729367757226,2903,-0.1241438585062989,48.0,0.5,1.5
VBI,VBI TF15 N48 pq0.5 SL1.0ATR R1.5,15,,,,1.0,1.0,6427,4232,41.422495274102076,-0.12858457965419356,0.752314753631388,-99.66292205667399,-7.70476062997083,99.6693866603915,-34.453163878662764,15.492957746478872,71,41.35160680529301,58.50661625708885,2351,-0.11471424869337378,1881,-0.1459206498768875,48.0,0.5,1.5
VBI,VBI TF15 N48 pq0.5 SL1.0ATR R1.5,15,,,,1.0,2.0,6427,2443,41.056078591895215,-0.10513271171135294,0.7170141821279313,-99.65482039308274,-10.924960613081092,99.66862032804052,-35.61814727174285,18.367346938775512,49,40.93327875562833,58.86205485059354,2351,-0.09897631741465132,92,-0.2624553529238036,48.0,0.5,1.5
VBI,VBI TF15 N48 pq0.5 SL1.0ATR R2.5,15,,,,1.0,0.25,6427,5159,29.75382826129095,-0.13097653623893038,0.8032085042863103,-82.10771250235001,-2.027731262607624,83.29547588201662,-8.117394120775856,21.428571428571427,84,29.579375848032562,70.12987012987013,2307,-0.1292169780966925,2852,-0.13239985343182753,48.0,0.5,2.5
VBI,VBI TF15 N48 pq0.5 SL1.0ATR R2.5,15,,,,1.0,0.5,6427,5159,29.75382826129095,-0.1274114635208961,0.7919140444966526,-96.6764222998426,-3.9715167159509734,96.9678438737562,-15.05467235961958,21.428571428571427,84,29.579375848032562,70.12987012987013,2307,-0.1298054534598269,2852,-0.12547495062148747,48.0,0.5,2.5
VBI,VBI TF15 N48 pq0.5 SL1.0ATR R2.5,15,,,,1.0,1.0,6427,3716,28.90204520990312,-0.1439982984536722,0.7720526684690444,-99.65562909926284,-8.001700334732465,99.67055937407584,-22.420155975617075,17.647058823529413,68,28.74058127018299,70.96340150699677,2307,-0.12881284798907036,1409,-0.16886191394113598,48.0,0.5,2.5
VBI,VBI TF15 N48 pq0.5 SL1.0ATR R2.5,15,,,,1.0,2.0,6427,1747,28.277046365197485,-0.14406881268209043,0.7403566413330097,-99.65634695363588,-12.922616540999076,99.68031345852576,-39.18630795495073,19.51219512195122,41,28.048082427017746,71.55123068116772,1715,-0.14107108071476332,32,-0.30472851030602854,48.0,0.5,2.5
VBI,VBI TF15 N48 pq0.5 SL1.5ATR R1.5,15,,,,1.5,0.25,6427,4538,41.40590568532393,-0.08223974998048698,0.8562222711775769,-61.346307107493445,-1.1252025015265232,63.3662618616105,-6.012796317700319,26.190476190476193,84,41.20758043190833,58.417805200528875,2015,-0.07661248633358049,2523,-0.08673397758592359,48.0,0.5,1.5
VBI,VBI TF15 N48 pq0.5 SL1.5ATR R1.5,15,,,,1.5,0.5,6427,4538,41.40590568532393,-0.0825238871123537,0.8526556819272344,-85.68035378010264,-2.287173785084484,87.08201960498869,-12.20449116367941,25.0,84,41.20758043190833,58.417805200528875,2015,-0.07792012595766869,2523,-0.08620069199808113,48.0,0.5,1.5
VBI,VBI TF15 N48 pq0.5 SL1.5ATR R1.5,15,,,,1.5,1.0,6427,4538,41.40590568532393,-0.08021228711333311,0.8467788983799628,-97.97690325075436,-4.537339985765576,98.30560984609122,-22.62196302547429,26.190476190476193,84,41.20758043190833,58.417805200528875,2015,-0.079155522513374,2523,-0.08105627469514746,48.0,0.5,1.5
VBI,VBI TF15 N48 pq0.5 SL1.5ATR R1.5,15,,,,1.5,2.0,6427,3085,41.102106969205835,-0.07807951111358621,0.8486542919507656,-99.61059771033479,-8.30408752469205,99.69389066745839,-36.63550906114984,28.125,64,40.94003241491086,58.6709886547812,2015,-0.07721188554902017,1070,-0.07971340411601666,48.0,0.5,1.5
VBI,VBI TF15 N48 pq0.5 SL1.5ATR R2.5,15,,,,1.5,0.25,6427,4398,30.03638017280582,-0.07252054080659517,0.8914448729916363,-56.22156025634406,-0.9785482907208154,61.26737364849767,-7.589098844699982,36.904761904761905,84,29.67257844474761,69.78171896316508,1945,-0.06184664887797618,2453,-0.08098394064400408,48.0,0.5,2.5
VBI,VBI TF15 N48 pq0.5 SL1.5ATR R2.5,15,,,,1.5,0.5,6427,4398,30.03638017280582,-0.07293171940267662,0.8870119547053005,-82.09099685295772,-2.026642129675038,85.98938257171854,-15.041740224907763,38.095238095238095,84,29.67257844474761,69.78171896316508,1945,-0.06244059146282333,2453,-0.08125020445894023,48.0,0.5,2.5
VBI,VBI TF15 N48 pq0.5 SL1.5ATR R2.5,15,,,,1.5,1.0,6427,4398,30.03638017280582,-0.0751708099227493,0.8824365543675702,-97.60726679450899,-4.346443466790295,98.36781205416713,-27.5932136791446,34.523809523809526,84,29.67257844474761,69.78171896316508,1945,-0.06298812826084836,2453,-0.0848305391654714,48.0,0.5,2.5
VBI,VBI TF15 N48 pq0.5 SL1.5ATR R2.5,15,,,,1.5,2.0,6427,2689,29.26738564522127,-0.08628788654278792,0.8893123520082958,-99.65532943210583,-9.313748304624681,99.78683142082842,-45.10491521521486,32.758620689655174,58,28.82112309408702,70.47229453328376,1945,-0.06439072748842804,744,-0.14353247573731745,48.0,0.5,2.5
