family,config,setups,gross_mean_R,tp_first_pct,sl_first_pct,timeout_pct
MR,MR TF5 EMA20 z2.0 TP1.0ATR,76643,0.051,60.2,34.8,5.0
MR,MR TF5 EMA20 z2.0 TP2.0ATR,76643,0.0548,33.4,44.9,21.7
MR,MR TF5 EMA20 z2.5 TP1.0ATR,38246,0.0376,59.8,35.9,4.3
MR,MR TF5 EMA20 z2.5 TP2.0ATR,38246,0.04,33.6,46.4,19.9
MR,MR TF5 EMA60 z2.0 TP1.0ATR,254622,0.051,58.4,33.1,8.4
MR,MR TF5 EMA60 z2.0 TP2.0ATR,254622,0.0549,30.2,41.3,28.5
MR,MR TF5 EMA60 z2.5 TP1.0ATR,181807,0.0524,58.6,33.1,8.3
MR,MR TF5 EMA60 z2.5 TP2.0ATR,181807,0.061,30.5,41.3,28.2
MR,MR TF15 EMA20 z2.0 TP1.0ATR,26643,0.0396,57.0,33.5,9.6
MR,MR TF15 EMA20 z2.0 TP2.0ATR,26643,0.0243,29.2,42.9,27.9
MR,MR TF15 EMA20 z2.5 TP1.0ATR,13233,0.0115,55.5,35.3,9.2
MR,MR TF15 EMA20 z2.5 TP2.0ATR,13233,-0.0086,28.4,44.9,26.7
MR,MR TF15 EMA60 z2.0 TP1.0ATR,96100,0.0266,53.7,32.1,14.3
MR,MR TF15 EMA60 z2.0 TP2.0ATR,96100,0.0031,25.8,40.6,33.6
MR,MR TF15 EMA60 z2.5 TP1.0ATR,70205,0.0298,53.7,31.8,14.5
MR,MR TF15 EMA60 z2.5 TP2.0ATR,70205,0.0081,25.5,40.1,34.4
VB,VB TF15 N20 pq0.25 SL1.0ATR R1.5,6827,-0.1006,36.0,64.0,0.0
VB,VB TF15 N20 pq0.25 SL1.0ATR R2.5,6827,-0.1208,25.1,74.9,0.0
VB,VB TF15 N20 pq0.25 SL1.5ATR R1.5,6827,-0.0801,36.8,63.2,0.0
VB,VB TF15 N20 pq0.25 SL1.5ATR R2.5,6827,-0.0961,25.8,74.1,0.1
VB,VB TF15 N20 pq0.5 SL1.0ATR R1.5,12608,-0.1031,35.9,64.1,0.0
VB,VB TF15 N20 pq0.5 SL1.0ATR R2.5,12608,-0.1217,25.1,74.9,0.0
VB,VB TF15 N20 pq0.5 SL1.5ATR R1.5,12608,-0.0797,36.8,63.2,0.0
VB,VB TF15 N20 pq0.5 SL1.5ATR R2.5,12608,-0.0818,26.2,73.7,0.2
VB,VB TF15 N48 pq0.25 SL1.0ATR R1.5,2983,-0.1192,35.2,64.8,0.0
VB,VB TF15 N48 pq0.25 SL1.0ATR R2.5,2983,-0.1599,24.0,76.0,0.0
VB,VB TF15 N48 pq0.25 SL1.5ATR R1.5,2983,-0.1234,35.1,64.9,0.0
VB,VB TF15 N48 pq0.25 SL1.5ATR R2.5,2983,-0.1354,24.7,75.3,0.1
VB,VB TF15 N48 pq0.5 SL1.0ATR R1.5,6427,-0.0874,36.5,63.5,0.0
VB,VB TF15 N48 pq0.5 SL1.0ATR R2.5,6427,-0.1118,25.4,74.6,0.0
VB,VB TF15 N48 pq0.5 SL1.5ATR R1.5,6427,-0.0853,36.6,63.4,0.0
VB,VB TF15 N48 pq0.5 SL1.5ATR R2.5,6427,-0.0793,26.2,73.6,0.2
VBI,VBI TF15 N20 pq0.25 SL1.0ATR R1.5,6827,0.0788,43.2,56.8,0.0
VBI,VBI TF15 N20 pq0.25 SL1.0ATR R2.5,6827,0.0607,30.3,69.7,0.0
VBI,VBI TF15 N20 pq0.25 SL1.5ATR R1.5,6827,0.0565,42.3,57.7,0.0
VBI,VBI TF15 N20 pq0.25 SL1.5ATR R2.5,6827,0.0728,30.6,69.3,0.1
VBI,VBI TF15 N20 pq0.5 SL1.0ATR R1.5,12608,0.0805,43.2,56.8,0.0
VBI,VBI TF15 N20 pq0.5 SL1.0ATR R2.5,12608,0.0663,30.5,69.5,0.0
VBI,VBI TF15 N20 pq0.5 SL1.5ATR R1.5,12608,0.0622,42.5,57.5,0.0
VBI,VBI TF15 N20 pq0.5 SL1.5ATR R2.5,12608,0.0642,30.3,69.5,0.2
VBI,VBI TF15 N48 pq0.25 SL1.0ATR R1.5,2983,0.097,43.9,56.1,0.0
VBI,VBI TF15 N48 pq0.25 SL1.0ATR R2.5,2983,0.0888,31.1,68.9,0.0
VBI,VBI TF15 N48 pq0.25 SL1.5ATR R1.5,2983,0.0929,43.7,56.3,0.0
VBI,VBI TF15 N48 pq0.25 SL1.5ATR R2.5,2983,0.1189,31.9,68.0,0.0
VBI,VBI TF15 N48 pq0.5 SL1.0ATR R1.5,6427,0.0681,42.7,57.3,0.0
VBI,VBI TF15 N48 pq0.5 SL1.0ATR R2.5,6427,0.0429,29.8,70.2,0.0
VBI,VBI TF15 N48 pq0.5 SL1.5ATR R1.5,6427,0.0584,42.3,57.7,0.0
VBI,VBI TF15 N48 pq0.5 SL1.5ATR R2.5,6427,0.0629,30.3,69.6,0.1
