feature,AUC_abs,abs_corr,MI,quality_0_100,verdict
MTF_HTF2_Market_Structure_State,0.619,0.2324,0.05481,70.29,KEEP_STRONG
Structure_Streak_Count,0.6329,0.1935,0.04745,69.21,KEEP_STRONG
MTF_HTF2_Last_High_Class,0.6193,0.2277,0.04844,68.13,KEEP_STRONG
Dist_To_Bear_OB_ATR,0.6528,0.2232,0.01574,67.45,KEEP_STRONG
Price_to_EMA200_ATR,0.6259,0.2028,0.0459,67.38,KEEP_STRONG
EMA_Stack_Score,0.6071,0.2121,0.06068,66.81,KEEP_STRONG
Tenkan_Kijun_Dist_ATR,0.6437,0.2671,0.0,63.12,KEEP_STRONG
PS_AB_Range_ATR,0.6016,0.1694,0.03153,53.24,KEEP
Last_High_Class,0.595,0.2315,0.02099,53.15,KEEP
MTF_Alignment_Score,0.6175,0.2064,0.0,51.77,KEEP
HTF_Structure_Streak_Count,0.5783,0.0867,0.07006,50.85,KEEP
Market_Structure_State,0.5849,0.1522,0.04188,49.86,KEEP
Slope_200_ATR,0.612,0.191,0.0,48.88,KEEP
HTF_BOS_Same_Direction_Streak,0.6122,0.1671,0.0,47.03,KEEP
HTF_Last_High_Class,0.5996,0.1834,0.0079,46.87,KEEP
LSW_Bull_Sweep_Flag,0.5522,0.18,0.05724,46.76,KEEP
HTF_Last_Low_Class,0.5829,0.1215,0.04093,46.52,KEEP
MTF_HTF2_Structure_Range_Position,0.5818,0.138,0.03205,44.93,KEEP
HTF_Dist_To_SwingLow_ATR,0.6027,0.1577,0.00503,44.91,KEEP
PSA_Candle_Range_ATR,0.5849,0.1034,0.03484,43.9,KEEP
PS_BC_Bars,0.5653,0.0738,0.06217,43.62,KEEP
PW_AB_Range_ATR,0.5604,0.1332,0.04428,41.69,KEEP
Swing_Range_ATR,0.5604,0.1332,0.04428,41.69,KEEP
Tick_Buy_Pressure,0.569,0.1259,0.03637,41.38,KEEP
MTF_HTF2_Bars_Since_SwingLow,0.5974,0.1511,0.0,41.32,KEEP
PSA_AB_Range_ATR,0.5553,0.127,0.04844,40.89,KEEP
MTF_HTF2_Last_Low_Class,0.567,0.159,0.02702,40.71,KEEP
BOS_Same_Direction_Streak,0.5765,0.1173,0.02497,39.62,KEEP
HTF_Structure_Range_Position,0.5776,0.1137,0.02406,39.39,KEEP
Volume_per_Range,0.5626,0.0936,0.04126,38.3,KEEP
Slope_100_ATR,0.5553,0.1132,0.04303,38.21,KEEP
SwingHigh_Touch_Count,0.5833,0.1652,0.0,38.21,KEEP
LSW_Sweep_Tick_Align,0.5615,0.0513,0.05227,37.8,KEEP
LSW_Bars_Since_Bear_Sweep,0.5772,0.1496,0.00819,37.51,KEEP
Price_to_Kumo_ATR,0.5849,0.1472,0.0,37.24,KEEP
LSW_Rejection_Score,0.5734,0.185,0.0,36.83,KEEP
MTF_HTF2_Structure_Streak_Count,0.5919,0.1123,0.0,36.56,KEEP
PSA_Dist_To_B_ATR,0.5802,0.1424,0.0,35.46,KEEP
Slope_50_ATR,0.5686,0.1308,0.01514,35.45,KEEP
PS_Bars_Signal_To_Trigger,0.5529,0.0999,0.03955,35.4,KEEP
FVG_Dist_Bull_ATR,0.5761,0.0872,0.01866,35.24,KEEP
BOS_Impulse_Decay,0.5646,0.0475,0.0405,34.99,WEAK
PSA_Opp_Wick_Body_Ratio,0.5456,0.1619,0.02757,34.68,WEAK
FVG_Bull_Size_ATR,0.5811,0.1263,0.0,34.44,WEAK
NY_Killzone,0.5137,0.0469,0.09035,34.2,WEAK
LSW_Tick_Delta,0.569,0.1259,0.01144,34.11,WEAK
HTF_CHoCH_Recency_Decay,0.5716,0.1031,0.01465,34.02,WEAK
Bars_Since_SwingHigh,0.5,0.0752,0.09596,34.0,WEAK
Time_Sine,0.5681,0.109,0.01592,33.8,WEAK
Tick_Sell_Pressure,0.5701,0.1259,0.00781,33.38,WEAK
CHoCH_Recency_Decay,0.5708,0.1433,0.0,32.7,WEAK
MTF_HTF1_Bars_Since_SwingHigh,0.5575,0.1104,0.0223,32.6,WEAK
Time_Cosine,0.5637,0.1057,0.01557,32.11,WEAK
LSW_Bars_Since_Bull_Sweep,0.5452,0.0552,0.04442,30.93,WEAK
Tick_Delta_Ratio,0.569,0.1259,0.0,30.77,WEAK
MultiScale_Volatility_Ratio_5_40,0.5719,0.1109,0.0,30.43,WEAK
Range_Volume_Divergence_Z,0.5758,0.0795,0.0,29.11,WEAK
MTF_HTF1_Trend_Leg_Magnitude_ATR,0.5134,0.0744,0.06484,28.9,WEAK
MTF_HTF2_Dist_To_SwingHigh_ATR,0.567,0.0918,0.00369,28.52,WEAK
HTF_Bars_Since_CHoCH,0.5725,0.0651,0.00496,28.41,WEAK
Bars_Since_CHoCH,0.5657,0.1013,0.0,27.81,WEAK
Bars_Since_BOS,0.5642,0.0956,0.0,26.9,WEAK
Dist_To_Bull_OB_ATR,0.5401,0.0619,0.03285,26.57,WEAK
Bars_Since_SwingLow,0.5551,0.0925,0.00703,25.98,WEAK
MTF_HTF2_CHoCH_Flag,0.5251,0.1192,0.0292,25.59,WEAK
FVG_Bars_Since_Bull,0.5359,0.0071,0.04746,25.19,WEAK
Fractal_Dimension,0.5578,0.096,0.0,25.0,WEAK
Hurst_Exponent,0.5578,0.096,0.0,25.0,WEAK
FVG_Bars_Since_Bear,0.5529,0.1127,0.0,24.89,WEAK
MTF_HTF2_BOS_Impulse_Decay,0.5553,0.0588,0.01221,24.87,WEAK
MTF_HTF2_Dist_To_SwingLow_ATR,0.5518,0.1112,0.0,24.44,WEAK
MTF_HTF2_Bars_Since_CHoCH,0.5395,0.0419,0.03011,23.97,WEAK
BOS_Strength_ATR,0.5042,0.0196,0.07246,23.95,WEAK
LSW_Bull_Sweep_Depth_ATR,0.541,0.0377,0.02862,23.67,WEAK
Fractal_Range_Ratio_10_20,0.5558,0.0848,0.0,23.52,WEAK
MTF_HTF2_Swing_Range_ATR,0.5187,0.019,0.05466,23.08,WEAK
Dist_To_SwingHigh_ATR,0.556,0.0746,0.0,22.77,WEAK
PSA_Sweep_Depth_ATR,0.5037,0.1009,0.0449,22.29,WEAK
PS_BC_Retrace_Ratio,0.5487,0.0799,0.00292,21.86,WEAK
MTF_HTF1_BOS_Bull_Flag,0.5397,0.1204,0.0,21.54,WEAK
FVG_Bear_Size_ATR,0.5421,0.1081,0.0,21.28,WEAK
Dist_To_POC_ATR,0.55,0.0775,0.0,21.21,WEAK
MTF_HTF1_BOS_Same_Direction_Streak,0.5564,0.0513,0.0,21.03,WEAK
POC_Density_Score,0.5421,0.1002,0.0,20.65,WEAK
HTF_Swing_Range_ATR,0.5569,0.0436,0.0,20.55,WEAK
LSW_Bear_Sweep_Depth_ATR,0.5514,0.0535,0.0,19.69,DROP
MTF_HTF1_BOS_Strength_ATR,0.5095,0.0211,0.0497,19.03,DROP
RSI_14,0.5478,0.0572,0.0,18.93,DROP
PW_BC_AB_Bar_Ratio,0.5589,0.0129,0.0,18.69,DROP
Dist_To_Nearest_Fib_ATR,0.5516,0.0323,0.0,18.06,DROP
HTF_BOS_Bull_Flag,0.5397,0.0757,0.0,17.96,DROP
Trend_Leg_Magnitude_ATR,0.5121,0.0104,0.04615,17.93,DROP
Price_to_MA21_ATR,0.539,0.0032,0.01944,17.64,DROP
PSA_Bars_Since_B,0.5531,0.0131,0.0,16.99,DROP
MTF_HTF2_CHoCH_Recency_Decay,0.5406,0.0571,0.0,16.74,DROP
LSW_Bear_Sweep_Flag,0.5403,0.0322,0.00688,16.69,DROP
MACD_Hist,0.5,0.0689,0.03824,16.67,DROP
PSA_AB_Dir,0.502,0.0412,0.0436,16.61,DROP
PW_Bars_Since_Pivot,0.5529,0.0087,0.0,16.57,DROP
PSA_Close_Beyond_Box,0.5529,0.0074,0.0,16.46,DROP
PW_Wick_Beyond_Origin_Flag,0.5487,0.0224,0.0,16.41,DROP
Volatility_Regime_Ratio,0.5276,0.0471,0.01418,16.17,DROP
HTF_Bars_Since_SwingLow,0.5258,0.1046,0.0,16.11,DROP
CHoCH_Flag,0.5049,0.0812,0.02773,16.04,DROP
PSA_Sweep_Close_Flag,0.5459,0.0275,0.0,15.96,DROP
ADX_14,0.5419,0.0364,0.0,15.48,DROP
MTF_HTF1_Bars_Since_SwingLow,0.5373,0.0516,0.0,15.31,DROP
MTF_HTF1_CHoCH_Recency_Decay,0.5324,0.0682,0.0,15.17,DROP
HTF_Trend_Leg_Magnitude_ATR,0.5496,0.0031,0.0,15.13,DROP
HTF_BOS_Strength_ATR,0.5355,0.0493,0.0,14.59,DROP
BOS_Bear_Flag,0.5084,0.0401,0.03022,14.54,DROP
Squeeze_State,0.5218,0.0173,0.02236,14.46,DROP
MTF_HTF1_Dist_To_SwingLow_ATR,0.5344,0.0488,0.0,14.22,DROP
MTF_HTF1_Structure_Range_Position,0.5331,0.051,0.0,14.0,DROP
PSA_Sweep_Wick_Flag,0.504,0.0329,0.03441,13.86,DROP
Nearest_Fib_Ratio,0.5181,0.036,0.0188,13.79,DROP
HTF_Bars_Since_SwingHigh,0.5053,0.052,0.02722,13.68,DROP
PSA_Box_Position,0.5381,0.0268,0.0,13.58,DROP
PSA_BC_Retrace_Close,0.5071,0.1183,0.00657,13.49,DROP
MTF_HTF1_Structure_Streak_Count,0.5192,0.0394,0.01512,13.32,DROP
BOS_Bull_Flag,0.5192,0.0329,0.01491,12.74,DROP
PSA_CD_AB_Ratio,0.5198,0.0027,0.0222,12.64,DROP
MTF_HTF1_Dist_To_SwingHigh_ATR,0.5214,0.0589,0.00228,11.79,DROP
PSA_AB_Bars,0.5143,0.0387,0.01459,11.65,DROP
Garman_Klass_Volatility_20,0.5225,0.0605,0.0,11.58,DROP
PW_Retrace_Ratio,0.5035,0.1166,0.00175,10.9,DROP
Structure_Range_Position,0.5243,0.0424,0.0,10.67,DROP
MTF_HTF1_Last_High_Class,0.5196,0.0578,0.0,10.51,DROP
HTF_BOS_Bear_Flag,0.5289,0.023,0.0,10.5,DROP
HTF_BOS_Impulse_Decay,0.519,0.0552,0.0,10.1,DROP
MTF_HTF1_Bars_Since_CHoCH,0.5317,0.0058,0.0,9.99,DROP
HTF_Dist_To_SwingHigh_ATR,0.5148,0.066,0.0,9.71,DROP
PSA_BC_Retrace_Extreme,0.5071,0.0777,0.00407,9.52,DROP
FVG_Dist_Bear_ATR,0.5174,0.0005,0.01409,9.38,DROP
Fib_Position_In_Leg,0.5291,0.0042,0.0,9.06,DROP
MTF_HTF1_Last_Low_Class,0.528,0.0061,0.0,8.89,DROP
Dist_To_SwingLow_ATR,0.5084,0.0125,0.01838,8.87,DROP
MTF_HTF2_BOS_Same_Direction_Streak,0.5022,0.0329,0.01898,8.83,DROP
PW_AB_Bars,0.524,0.0184,0.0,8.68,DROP
PSA_Candle_Body_Ratio,0.504,0.0401,0.01402,8.49,DROP
HTF_CHoCH_Flag,0.5057,0.0826,0.0,8.33,DROP
Squeeze_Zscore,0.517,0.0368,0.0,8.04,DROP
MTF_HTF2_BOS_Bear_Flag,0.5231,0.0136,0.0,8.03,DROP
ATR_Normalized,0.5117,0.0366,0.00531,7.99,DROP
MTF_HTF1_BOS_Impulse_Decay,0.5075,0.0538,0.00472,7.93,DROP
Is_London_NY_Overlap,0.5137,0.0469,0.0,7.85,DROP
Bars_Since_Bull_OB,0.5104,0.0271,0.007,7.32,DROP
Mean_Reversion_ZScore_20,0.5209,0.0126,0.0,7.29,DROP
Bars_Since_Bear_OB,0.5179,0.0225,0.0,7.15,DROP
MTF_HTF1_Swing_Range_ATR,0.5179,0.0216,0.0,7.09,DROP
MTF_HTF2_BOS_Bull_Flag,0.502,0.0804,0.0,7.03,DROP
PSA_BC_In_SweetZone,0.5077,0.0532,0.00114,6.9,DROP
MTF_HTF1_BOS_Bear_Flag,0.5108,0.0407,0.0,6.5,DROP
HTF_Bars_Since_BOS,0.509,0.0467,0.0,6.45,DROP
MTF_HTF1_Market_Structure_State,0.5121,0.0346,0.0,6.4,DROP
MTF_HTF1_Bars_Since_BOS,0.5073,0.0526,0.0,6.39,DROP
MTF_HTF2_Bars_Since_SwingHigh,0.5018,0.0425,0.00804,6.27,DROP
MTF_HTF2_Bars_Since_BOS,0.5108,0.0362,0.0,6.14,DROP
MTF_HTF1_CHoCH_Flag,0.5157,0.0035,0.00349,5.99,DROP
BB_Width_ATR,0.5146,0.0138,0.0,5.47,DROP
London_Killzone,0.5057,0.0453,0.0,5.35,DROP
PS_CD_AB_Ratio,0.5024,0.0572,0.0,5.3,DROP
PSA_Setup_Readiness,0.5033,0.0526,0.0,5.2,DROP
HTF_Market_Structure_State,0.5057,0.0407,0.0,4.97,DROP
PS_AB_Bars,0.5057,0.0381,0.0,4.77,DROP
Last_Low_Class,0.5121,0.0088,0.0,4.34,DROP
SwingLow_Touch_Count,0.5035,0.0345,0.0,3.82,DROP
MTF_HTF2_BOS_Strength_ATR,0.5115,0.0027,0.0,3.66,DROP
PS_FL_Candle_Used,0.5042,0.0213,0.0,2.96,DROP
MTF_HTF2_Trend_Leg_Magnitude_ATR,0.5044,0.0156,0.0,2.57,DROP
Asia_Killzone,0.5049,0.0023,0.0,1.64,DROP
