name,n,wins,wr,fq,fitness,accepted_raw,rr,max_bars,config
swing1_loose_rr1,138,56,40.58,51.35,64.35,138,1.0,60,"{'swing_n': 1, 'ab_min_bars': 2, 'ab_max_bars': 12, 'ab_atr_mult_min': 1.1, 'ab_extended_min': 1.5, 'ab_extended_max': 6.0, 'bc_min_bars': 2, 'bc_retrace_min': 0.15, 'bc_retrace_max': 0.65, 'box_scale': 1.0, 'signal_search_bars': 100, 'signal_atr_mult': 0.4, 'signal_body_ratio_min': 0.3, 'signal_wick_reject_ratio': 1.5, 'allow_fl_candle': True, 'confirm_search_bars': 20, 'confirm_atr_mult': 0.3, 'sl_buffer_atr_mult': 0.1, 'cd_ab_mode': 'CD > AB (طبق نقاط تکرارشده در PDF)', 'ab_noise_fraction_max': 0.5, 'ab2_discount_mult': 0.7, 'rr': 1.0, 'max_bars': 60, 'use_trend_gate': False, 'trend_gate_mode': 'خلاف روند (Counter-Trend Reversal)', 'spread_raw': 0.00012}"
very_loose_rr1,115,49,42.61,45.65,62.35,115,1.0,100,"{'swing_n': 2, 'ab_min_bars': 2, 'ab_max_bars': 16, 'ab_atr_mult_min': 0.9, 'ab_extended_min': 1.5, 'ab_extended_max': 6.0, 'bc_min_bars': 1, 'bc_retrace_min': 0.1, 'bc_retrace_max': 0.75, 'box_scale': 1.0, 'signal_search_bars': 150, 'signal_atr_mult': 0.25, 'signal_body_ratio_min': 0.2, 'signal_wick_reject_ratio': 1.5, 'allow_fl_candle': True, 'confirm_search_bars': 30, 'confirm_atr_mult': 0.2, 'sl_buffer_atr_mult': 0.1, 'cd_ab_mode': 'CD > AB (طبق نقاط تکرارشده در PDF)', 'ab_noise_fraction_max': 0.6, 'ab2_discount_mult': 0.7, 'rr': 1.0, 'max_bars': 100, 'use_trend_gate': False, 'trend_gate_mode': 'خلاف روند (Counter-Trend Reversal)', 'spread_raw': 0.00012}"
loose_rr1,102,40,39.22,51.56,61.89,102,1.0,80,"{'swing_n': 2, 'ab_min_bars': 2, 'ab_max_bars': 14, 'ab_atr_mult_min': 1.0, 'ab_extended_min': 1.5, 'ab_extended_max': 6.0, 'bc_min_bars': 2, 'bc_retrace_min': 0.15, 'bc_retrace_max': 0.7, 'box_scale': 1.0, 'signal_search_bars': 120, 'signal_atr_mult': 0.4, 'signal_body_ratio_min': 0.3, 'signal_wick_reject_ratio': 1.5, 'allow_fl_candle': True, 'confirm_search_bars': 25, 'confirm_atr_mult': 0.3, 'sl_buffer_atr_mult': 0.1, 'cd_ab_mode': 'CD > AB (طبق نقاط تکرارشده در PDF)', 'ab_noise_fraction_max': 0.55, 'ab2_discount_mult': 0.7, 'rr': 1.0, 'max_bars': 80, 'use_trend_gate': False, 'trend_gate_mode': 'خلاف روند (Counter-Trend Reversal)', 'spread_raw': 0.00012}"
ab_gt_cd_rr1,882,398,45.12,14.2,61.4,882,1.0,60,"{'swing_n': 2, 'ab_min_bars': 2, 'ab_max_bars': 12, 'ab_atr_mult_min': 1.2, 'ab_extended_min': 1.5, 'ab_extended_max': 6.0, 'bc_min_bars': 2, 'bc_retrace_min': 0.15, 'bc_retrace_max': 0.65, 'box_scale': 1.0, 'signal_search_bars': 100, 'signal_atr_mult': 0.4, 'signal_body_ratio_min': 0.3, 'signal_wick_reject_ratio': 1.5, 'allow_fl_candle': True, 'confirm_search_bars': 20, 'confirm_atr_mult': 0.3, 'sl_buffer_atr_mult': 0.1, 'cd_ab_mode': 'AB > CD (طبق خط اول PDF)', 'ab_noise_fraction_max': 0.5, 'ab2_discount_mult': 0.7, 'rr': 1.0, 'max_bars': 60, 'use_trend_gate': False, 'trend_gate_mode': 'خلاف روند (Counter-Trend Reversal)', 'spread_raw': 0.00012}"
wide_ext_rr1,96,39,40.62,47.19,60.74,96,1.0,70,"{'swing_n': 2, 'ab_min_bars': 2, 'ab_max_bars': 14, 'ab_atr_mult_min': 1.0, 'ab_extended_min': 1.0, 'ab_extended_max': 8.0, 'bc_min_bars': 2, 'bc_retrace_min': 0.15, 'bc_retrace_max': 0.65, 'box_scale': 1.0, 'signal_search_bars': 100, 'signal_atr_mult': 0.4, 'signal_body_ratio_min': 0.3, 'signal_wick_reject_ratio': 1.5, 'allow_fl_candle': True, 'confirm_search_bars': 20, 'confirm_atr_mult': 0.3, 'sl_buffer_atr_mult': 0.1, 'cd_ab_mode': 'CD > AB (طبق نقاط تکرارشده در PDF)', 'ab_noise_fraction_max': 0.5, 'ab2_discount_mult': 0.7, 'rr': 1.0, 'max_bars': 70, 'use_trend_gate': False, 'trend_gate_mode': 'خلاف روند (Counter-Trend Reversal)', 'spread_raw': 0.00012}"
very_loose_rr1.2,112,40,35.71,48.29,58.15,112,1.2,90,"{'swing_n': 2, 'ab_min_bars': 2, 'ab_max_bars': 16, 'ab_atr_mult_min': 0.9, 'ab_extended_min': 1.5, 'ab_extended_max': 6.0, 'bc_min_bars': 1, 'bc_retrace_min': 0.15, 'bc_retrace_max': 0.75, 'box_scale': 1.0, 'signal_search_bars': 150, 'signal_atr_mult': 0.4, 'signal_body_ratio_min': 0.2, 'signal_wick_reject_ratio': 1.5, 'allow_fl_candle': True, 'confirm_search_bars': 20, 'confirm_atr_mult': 0.3, 'sl_buffer_atr_mult': 0.1, 'cd_ab_mode': 'CD > AB (طبق نقاط تکرارشده در PDF)', 'ab_noise_fraction_max': 0.6, 'ab2_discount_mult': 0.7, 'rr': 1.2, 'max_bars': 90, 'use_trend_gate': False, 'trend_gate_mode': 'خلاف روند (Counter-Trend Reversal)', 'spread_raw': 0.00012}"
loose_rr1.5,98,26,26.53,50.77,50.64,98,1.5,80,"{'swing_n': 2, 'ab_min_bars': 2, 'ab_max_bars': 14, 'ab_atr_mult_min': 1.0, 'ab_extended_min': 1.5, 'ab_extended_max': 6.0, 'bc_min_bars': 2, 'bc_retrace_min': 0.15, 'bc_retrace_max': 0.7, 'box_scale': 1.0, 'signal_search_bars': 120, 'signal_atr_mult': 0.4, 'signal_body_ratio_min': 0.3, 'signal_wick_reject_ratio': 1.5, 'allow_fl_candle': True, 'confirm_search_bars': 20, 'confirm_atr_mult': 0.3, 'sl_buffer_atr_mult': 0.1, 'cd_ab_mode': 'CD > AB (طبق نقاط تکرارشده در PDF)', 'ab_noise_fraction_max': 0.55, 'ab2_discount_mult': 0.7, 'rr': 1.5, 'max_bars': 80, 'use_trend_gate': False, 'trend_gate_mode': 'خلاف روند (Counter-Trend Reversal)', 'spread_raw': 0.00012}"
swing3_loose_rr1,62,27,43.55,53.62,-22.64,62,1.0,70,"{'swing_n': 3, 'ab_min_bars': 2, 'ab_max_bars': 14, 'ab_atr_mult_min': 1.1, 'ab_extended_min': 1.5, 'ab_extended_max': 6.0, 'bc_min_bars': 2, 'bc_retrace_min': 0.15, 'bc_retrace_max': 0.65, 'box_scale': 1.0, 'signal_search_bars': 100, 'signal_atr_mult': 0.4, 'signal_body_ratio_min': 0.3, 'signal_wick_reject_ratio': 1.5, 'allow_fl_candle': True, 'confirm_search_bars': 20, 'confirm_atr_mult': 0.3, 'sl_buffer_atr_mult': 0.1, 'cd_ab_mode': 'CD > AB (طبق نقاط تکرارشده در PDF)', 'ab_noise_fraction_max': 0.5, 'ab2_discount_mult': 0.7, 'rr': 1.0, 'max_bars': 70, 'use_trend_gate': False, 'trend_gate_mode': 'خلاف روند (Counter-Trend Reversal)', 'spread_raw': 0.00012}"
med_rr1,55,19,34.55,57.24,-29.28,55,1.0,60,"{'swing_n': 2, 'ab_min_bars': 2, 'ab_max_bars': 10, 'ab_atr_mult_min': 1.3, 'ab_extended_min': 1.5, 'ab_extended_max': 6.0, 'bc_min_bars': 2, 'bc_retrace_min': 0.15, 'bc_retrace_max': 0.6, 'box_scale': 1.0, 'signal_search_bars': 100, 'signal_atr_mult': 0.4, 'signal_body_ratio_min': 0.35, 'signal_wick_reject_ratio': 1.5, 'allow_fl_candle': True, 'confirm_search_bars': 20, 'confirm_atr_mult': 0.3, 'sl_buffer_atr_mult': 0.1, 'cd_ab_mode': 'CD > AB (طبق نقاط تکرارشده در PDF)', 'ab_noise_fraction_max': 0.4, 'ab2_discount_mult': 0.7, 'rr': 1.0, 'max_bars': 60, 'use_trend_gate': False, 'trend_gate_mode': 'خلاف روند (Counter-Trend Reversal)', 'spread_raw': 0.00012}"
med_rr1.5,55,15,27.27,51.83,-29.82,55,1.5,60,"{'swing_n': 2, 'ab_min_bars': 2, 'ab_max_bars': 10, 'ab_atr_mult_min': 1.3, 'ab_extended_min': 1.5, 'ab_extended_max': 6.0, 'bc_min_bars': 2, 'bc_retrace_min': 0.15, 'bc_retrace_max': 0.6, 'box_scale': 1.0, 'signal_search_bars': 100, 'signal_atr_mult': 0.4, 'signal_body_ratio_min': 0.35, 'signal_wick_reject_ratio': 1.5, 'allow_fl_candle': True, 'confirm_search_bars': 20, 'confirm_atr_mult': 0.3, 'sl_buffer_atr_mult': 0.1, 'cd_ab_mode': 'CD > AB (طبق نقاط تکرارشده در PDF)', 'ab_noise_fraction_max': 0.4, 'ab2_discount_mult': 0.7, 'rr': 1.5, 'max_bars': 60, 'use_trend_gate': False, 'trend_gate_mode': 'خلاف روند (Counter-Trend Reversal)', 'spread_raw': 0.00012}"
med_rr2,51,9,17.65,51.32,-33.87,51,2.0,60,"{'swing_n': 2, 'ab_min_bars': 2, 'ab_max_bars': 10, 'ab_atr_mult_min': 1.3, 'ab_extended_min': 1.5, 'ab_extended_max': 6.0, 'bc_min_bars': 2, 'bc_retrace_min': 0.15, 'bc_retrace_max': 0.55, 'box_scale': 1.0, 'signal_search_bars': 100, 'signal_atr_mult': 0.4, 'signal_body_ratio_min': 0.3, 'signal_wick_reject_ratio': 1.5, 'allow_fl_candle': True, 'confirm_search_bars': 20, 'confirm_atr_mult': 0.3, 'sl_buffer_atr_mult': 0.1, 'cd_ab_mode': 'CD > AB (طبق نقاط تکرارشده در PDF)', 'ab_noise_fraction_max': 0.4, 'ab2_discount_mult': 0.7, 'rr': 2.0, 'max_bars': 60, 'use_trend_gate': False, 'trend_gate_mode': 'خلاف روند (Counter-Trend Reversal)', 'spread_raw': 0.00012}"
counter_trend_rr1,48,20,41.67,55.55,-36.44,85,1.0,60,"{'swing_n': 2, 'ab_min_bars': 2, 'ab_max_bars': 12, 'ab_atr_mult_min': 1.2, 'ab_extended_min': 1.5, 'ab_extended_max': 6.0, 'bc_min_bars': 2, 'bc_retrace_min': 0.15, 'bc_retrace_max': 0.65, 'box_scale': 1.0, 'signal_search_bars': 100, 'signal_atr_mult': 0.4, 'signal_body_ratio_min': 0.3, 'signal_wick_reject_ratio': 1.5, 'allow_fl_candle': True, 'confirm_search_bars': 20, 'confirm_atr_mult': 0.3, 'sl_buffer_atr_mult': 0.1, 'cd_ab_mode': 'CD > AB (طبق نقاط تکرارشده در PDF)', 'ab_noise_fraction_max': 0.5, 'ab2_discount_mult': 0.7, 'rr': 1.0, 'max_bars': 60, 'use_trend_gate': True, 'trend_gate_mode': 'خلاف روند (Counter-Trend Reversal)', 'spread_raw': 0.00012}"
with_trend_rr1,37,14,37.84,53.74,-47.63,85,1.0,60,"{'swing_n': 2, 'ab_min_bars': 2, 'ab_max_bars': 12, 'ab_atr_mult_min': 1.2, 'ab_extended_min': 1.5, 'ab_extended_max': 6.0, 'bc_min_bars': 2, 'bc_retrace_min': 0.15, 'bc_retrace_max': 0.65, 'box_scale': 1.0, 'signal_search_bars': 100, 'signal_atr_mult': 0.4, 'signal_body_ratio_min': 0.3, 'signal_wick_reject_ratio': 1.5, 'allow_fl_candle': True, 'confirm_search_bars': 20, 'confirm_atr_mult': 0.3, 'sl_buffer_atr_mult': 0.1, 'cd_ab_mode': 'CD > AB (طبق نقاط تکرارشده در PDF)', 'ab_noise_fraction_max': 0.5, 'ab2_discount_mult': 0.7, 'rr': 1.0, 'max_bars': 60, 'use_trend_gate': True, 'trend_gate_mode': 'هم\u200cجهت روند (With-Trend Continuation)', 'spread_raw': 0.00012}"
qual_rr1,28,6,21.43,50.36,-56.96,28,1.0,45,"{'swing_n': 2, 'ab_min_bars': 2, 'ab_max_bars': 8, 'ab_atr_mult_min': 1.6, 'ab_extended_min': 1.5, 'ab_extended_max': 6.0, 'bc_min_bars': 2, 'bc_retrace_min': 0.2, 'bc_retrace_max': 0.5, 'box_scale': 1.0, 'signal_search_bars': 100, 'signal_atr_mult': 0.5, 'signal_body_ratio_min': 0.45, 'signal_wick_reject_ratio': 1.5, 'allow_fl_candle': True, 'confirm_search_bars': 20, 'confirm_atr_mult': 0.4, 'sl_buffer_atr_mult': 0.1, 'cd_ab_mode': 'CD > AB (طبق نقاط تکرارشده در PDF)', 'ab_noise_fraction_max': 0.3, 'ab2_discount_mult': 0.7, 'rr': 1.0, 'max_bars': 45, 'use_trend_gate': False, 'trend_gate_mode': 'خلاف روند (Counter-Trend Reversal)', 'spread_raw': 0.00012}"
qual_rr1.5,28,5,17.86,49.49,-57.05,28,1.5,50,"{'swing_n': 2, 'ab_min_bars': 2, 'ab_max_bars': 8, 'ab_atr_mult_min': 1.6, 'ab_extended_min': 1.5, 'ab_extended_max': 6.0, 'bc_min_bars': 2, 'bc_retrace_min': 0.2, 'bc_retrace_max': 0.5, 'box_scale': 1.0, 'signal_search_bars': 100, 'signal_atr_mult': 0.4, 'signal_body_ratio_min': 0.45, 'signal_wick_reject_ratio': 1.5, 'allow_fl_candle': True, 'confirm_search_bars': 20, 'confirm_atr_mult': 0.3, 'sl_buffer_atr_mult': 0.1, 'cd_ab_mode': 'CD > AB (طبق نقاط تکرارشده در PDF)', 'ab_noise_fraction_max': 0.3, 'ab2_discount_mult': 0.7, 'rr': 1.5, 'max_bars': 50, 'use_trend_gate': False, 'trend_gate_mode': 'خلاف روند (Counter-Trend Reversal)', 'spread_raw': 0.00012}"
