image,k,x,bullish,body_top,body_bot,wick_top,wick_bot
DAX-2026-01-08-001-8.9R.png,0,52,0,23,28,23,28
DAX-2026-01-08-001-8.9R.png,1,62,1,23,106,21,106
DAX-2026-01-08-001-8.9R.png,2,71,1,24,106,23,112
DAX-2026-01-08-001-8.9R.png,3,119,0,23,28,23,99
DAX-2026-01-08-001-8.9R.png,4,129,1,23,120,21,127
DAX-2026-01-08-001-8.9R.png,5,158,0,25,28,23,28
DAX-2026-01-08-001-8.9R.png,6,187,0,99,117,99,117
DAX-2026-01-08-001-8.9R.png,7,196,1,20,117,20,117
DAX-2026-01-08-001-8.9R.png,8,254,1,20,77,20,77
DAX-2026-01-08-001-8.9R.png,9,263,0,77,106,77,106
DAX-2026-01-08-001-8.9R.png,10,312,0,77,113,77,113
DAX-2026-01-08-001-8.9R.png,11,321,0,113,135,113,141
DAX-2026-01-08-001-8.9R.png,12,379,1,199,206,178,206
DAX-2026-01-08-001-8.9R.png,13,388,0,199,235,199,235
DAX-2026-01-08-001-8.9R.png,14,446,0,178,185,178,185
DAX-2026-01-08-001-8.9R.png,15,504,1,135,142,128,142
DAX-2026-01-08-001-8.9R.png,16,513,1,127,135,127,163
DAX-2026-01-08-001-8.9R.png,17,571,0,135,142,135,148
DAX-2026-01-08-001-8.9R.png,18,629,1,120,156,106,156
DAX-2026-01-08-001-8.9R.png,19,638,0,120,170,78,170
DAX-2026-01-08-001-8.9R.png,20,696,0,271,321,271,321
DAX-2026-01-08-001-8.9R.png,21,754,0,250,264,242,264
DAX-2026-01-08-001-8.9R.png,22,763,1,257,264,257,264
DAX-2026-01-08-001-8.9R.png,23,821,1,300,321,292,345
DAX-2026-01-08-001-8.9R.png,24,879,0,278,335,278,335
DAX-2026-01-08-001-8.9R.png,25,888,0,335,407,335,413
DAX-2026-01-08-001-8.9R.png,26,946,0,400,407,400,414
DAX-2026-01-08-001-8.9R.png,27,955,0,407,429,400,429
DAX-2026-01-08-001-8.9R.png,28,1013,0,343,350,343,377
DAX-2026-01-08-001-8.9R.png,29,1071,0,457,544,457,544
DAX-2026-01-08-001-8.9R.png,30,1080,0,544,558,544,564
DAX-2026-01-08-001-8.9R.png,31,1138,0,579,601,544,607
DAX-2026-01-08-001-8.9R.png,32,1196,1,400,429,400,442
DAX-2026-01-08-001-8.9R.png,33,1263,0,565,623,565,643
DAX-2026-01-08-001-8.9R.png,34,1321,0,687,701,680,707
DAX-2026-01-08-001-8.9R.png,35,1330,0,701,740,680,740
DAX-2026-03-31-002-3.2R.png,0,12,0,231,288,206,289
DAX-2026-03-31-002-3.2R.png,1,22,0,724,727,721,728
DAX-2026-03-31-002-3.2R.png,2,51,0,350,364,347,379
DAX-2026-03-31-002-3.2R.png,3,89,0,335,359,320,366
DAX-2026-03-31-002-3.2R.png,4,98,0,359,367,342,401
DAX-2026-03-31-002-3.2R.png,5,108,0,23,28,23,28
DAX-2026-03-31-002-3.2R.png,6,127,1,325,380,325,384
DAX-2026-03-31-002-3.2R.png,7,156,0,23,28,23,28
DAX-2026-03-31-002-3.2R.png,8,165,0,412,439,412,453
DAX-2026-03-31-002-3.2R.png,9,204,1,434,507,433,517
DAX-2026-03-31-002-3.2R.png,10,242,0,355,359,335,369
DAX-2026-03-31-002-3.2R.png,11,280,0,434,465,434,480
DAX-2026-03-31-002-3.2R.png,12,319,0,354,379,347,386
DAX-2026-03-31-002-3.2R.png,13,357,0,221,290,221,290
DAX-2026-03-31-002-3.2R.png,14,366,0,285,290,271,304
DAX-2026-03-31-002-3.2R.png,15,395,0,270,306,270,339
DAX-2026-03-31-002-3.2R.png,16,433,0,271,392,270,392
DAX-2026-03-31-002-3.2R.png,17,472,0,254,312,254,312
DAX-2026-03-31-002-3.2R.png,18,510,0,268,270,241,292
DAX-2026-03-31-002-3.2R.png,19,548,0,386,406,362,415
DAX-2026-03-31-002-3.2R.png,20,587,1,278,345,275,349
DAX-2026-03-31-002-3.2R.png,21,625,1,312,325,286,337
DAX-2026-03-31-002-3.2R.png,22,654,0,265,301,264,306
DAX-2026-03-31-002-3.2R.png,23,663,1,283,301,276,312
DAX-2026-03-31-002-3.2R.png,24,701,0,212,224,182,224
DAX-2026-03-31-002-3.2R.png,25,740,0,335,350,332,364
DAX-2026-03-31-002-3.2R.png,26,778,0,184,222,175,222
DAX-2026-03-31-002-3.2R.png,27,807,0,170,191,160,201
DAX-2026-03-31-002-3.2R.png,28,816,1,149,191,145,198
DAX-2026-03-31-002-3.2R.png,29,854,1,221,224,213,235
DAX-2026-03-31-002-3.2R.png,30,883,0,278,280,261,291
DAX-2026-03-31-002-3.2R.png,31,893,1,286,291,246,299
DAX-2026-03-31-002-3.2R.png,32,931,0,330,362,327,374
DAX-2026-03-31-002-3.2R.png,33,969,1,310,317,280,319
DAX-2026-03-31-002-3.2R.png,34,1008,0,285,323,276,337
DAX-2026-03-31-002-3.2R.png,35,1046,0,428,475,409,489
DAX-2026-03-31-002-3.2R.png,36,1075,0,565,574,555,596
DAX-2026-03-31-002-3.2R.png,37,1084,0,565,601,540,608
DAX-2026-03-31-002-3.2R.png,38,1122,0,629,636,596,653
DAX-2026-03-31-002-3.2R.png,39,1161,0,513,515,513,536
DAX-2026-03-31-002-3.2R.png,40,1199,1,406,431,404,431
DAX-2026-03-31-002-3.2R.png,41,1228,0,382,402,367,416
DAX-2026-03-31-002-3.2R.png,42,1237,0,402,412,392,432
DAX-2026-03-31-002-3.2R.png,43,1276,0,375,399,365,399
DAX-2026-03-31-002-3.2R.png,44,1314,1,281,342,21,364
DAX-2026-03-31-002-3.2R.png,45,1343,0,142,189,102,258
DAX-2026-03-31-002-3.2R.png,46,1352,1,81,142,49,142
DAX-2026-03-31-002-3.2R.png,47,1381,0,86,127,86,191
DAX-2026-03-31-002-3.2R.png,48,1390,0,127,180,101,180
DAX-2026-03-31-002-3.2R.png,49,1429,0,103,117,76,136
DAX-2026-03-31-002-3.2R.png,50,1467,0,219,333,219,333
DAX-2026-03-31-002-3.2R.png,51,1496,0,233,307,233,307
DAX-2026-03-31-002-3.2R.png,52,1505,1,291,307,276,319
DAX-2026-03-31-002-3.2R.png,53,1544,0,194,226,192,247
DAX-2026-03-31-002-3.2R.png,54,1582,0,189,228,189,270
DAX-2026-03-31-002-3.2R.png,55,1611,0,243,285,212,312
DAX-2026-03-31-002-3.2R.png,56,1620,0,285,322,266,322
DAX-2026-03-31-002-3.2R.png,57,1649,0,239,249,239,269
DAX-2026-03-31-002-3.2R.png,58,1658,1,212,239,196,239
DAX-2026-03-31-002-3.2R.png,59,1697,0,128,196,125,198
DAX-2026-03-31-002-3.2R.png,60,1735,1,140,199,135,199
DAX-2026-03-31-002-3.2R.png,61,1764,0,31,192,29,221
DAX-2026-03-31-002-3.2R.png,62,1773,0,192,286,175,304
DAX-2026-04-26-001-5.3R.png,0,13,0,602,607,602,624
DAX-2026-04-26-001-5.3R.png,1,22,1,585,607,585,608
DAX-2026-04-26-001-5.3R.png,2,32,1,571,585,554,585
DAX-2026-04-26-001-5.3R.png,3,41,0,571,618,571,624
DAX-2026-04-26-001-5.3R.png,4,51,0,23,28,23,28
DAX-2026-04-26-001-5.3R.png,5,60,0,590,606,580,610
DAX-2026-04-26-001-5.3R.png,6,70,0,606,613,602,617
DAX-2026-04-26-001-5.3R.png,7,79,0,613,664,606,664
DAX-2026-04-26-001-5.3R.png,8,88,0,23,28,23,28
DAX-2026-04-26-001-5.3R.png,9,98,1,630,643,623,673
DAX-2026-04-26-001-5.3R.png,10,107,0,630,638,602,642
DAX-2026-04-26-001-5.3R.png,11,117,0,23,28,21,28
DAX-2026-04-26-001-5.3R.png,12,126,0,588,609,563,609
DAX-2026-04-26-001-5.3R.png,13,136,1,600,609,585,624
DAX-2026-04-26-001-5.3R.png,14,145,0,600,602,578,615
DAX-2026-04-26-001-5.3R.png,15,155,1,597,602,585,622
DAX-2026-04-26-001-5.3R.png,16,164,0,597,616,595,624
DAX-2026-04-26-001-5.3R.png,17,173,0,616,661,604,665
DAX-2026-04-26-001-5.3R.png,18,183,0,661,675,657,686
DAX-2026-04-26-001-5.3R.png,19,192,1,647,675,647,679
DAX-2026-04-26-001-5.3R.png,20,202,0,647,668,623,670
DAX-2026-04-26-001-5.3R.png,21,211,0,668,678,666,698
DAX-2026-04-26-001-5.3R.png,22,221,0,678,706,674,727
DAX-2026-04-26-001-5.3R.png,23,230,1,695,706,688,715
DAX-2026-04-26-001-5.3R.png,24,240,0,20,28,20,28
DAX-2026-04-26-001-5.3R.png,25,249,0,642,656,640,687
DAX-2026-04-26-001-5.3R.png,26,258,0,656,680,650,691
DAX-2026-04-26-001-5.3R.png,27,268,1,650,680,647,701
DAX-2026-04-26-001-5.3R.png,28,277,0,650,654,637,670
DAX-2026-04-26-001-5.3R.png,29,287,1,619,654,602,654
DAX-2026-04-26-001-5.3R.png,30,296,1,597,619,595,622
DAX-2026-04-26-001-5.3R.png,31,306,0,597,623,595,637
DAX-2026-04-26-001-5.3R.png,32,315,1,592,623,588,641
DAX-2026-04-26-001-5.3R.png,33,324,1,578,592,571,605
DAX-2026-04-26-001-5.3R.png,34,334,1,549,578,542,591
DAX-2026-04-26-001-5.3R.png,35,343,0,549,556,549,577
DAX-2026-04-26-001-5.3R.png,36,353,1,531,556,500,556
DAX-2026-04-26-001-5.3R.png,37,362,1,513,531,509,537
DAX-2026-04-26-001-5.3R.png,38,372,0,513,583,513,583
DAX-2026-04-26-001-5.3R.png,39,381,1,526,583,526,583
DAX-2026-04-26-001-5.3R.png,40,391,1,519,526,506,536
DAX-2026-04-26-001-5.3R.png,41,400,1,495,519,488,525
DAX-2026-04-26-001-5.3R.png,42,419,1,437,495,435,495
DAX-2026-04-26-001-5.3R.png,43,438,0,437,468,437,474
DAX-2026-04-26-001-5.3R.png,44,447,1,435,468,421,470
DAX-2026-04-26-001-5.3R.png,45,457,0,435,447,423,462
DAX-2026-04-26-001-5.3R.png,46,466,1,438,447,430,462
DAX-2026-04-26-001-5.3R.png,47,476,0,438,475,432,484
DAX-2026-04-26-001-5.3R.png,48,485,0,475,513,469,517
DAX-2026-04-26-001-5.3R.png,49,494,1,495,513,482,513
DAX-2026-04-26-001-5.3R.png,50,504,0,495,502,495,518
DAX-2026-04-26-001-5.3R.png,51,513,0,502,521,502,532
DAX-2026-04-26-001-5.3R.png,52,523,1,492,521,490,524
DAX-2026-04-26-001-5.3R.png,53,532,1,488,492,481,503
DAX-2026-04-26-001-5.3R.png,54,542,0,488,500,476,505
DAX-2026-04-26-001-5.3R.png,55,551,0,500,511,480,511
DAX-2026-04-26-001-5.3R.png,56,560,0,511,530,509,536
DAX-2026-04-26-001-5.3R.png,57,570,1,516,530,516,541
DAX-2026-04-26-001-5.3R.png,58,589,1,497,516,473,516
DAX-2026-04-26-001-5.3R.png,59,598,1,483,497,475,501
DAX-2026-04-26-001-5.3R.png,60,608,1,476,483,464,500
DAX-2026-04-26-001-5.3R.png,61,617,1,444,476,420,476
DAX-2026-04-26-001-5.3R.png,62,627,1,432,444,421,446
DAX-2026-04-26-001-5.3R.png,63,636,1,385,432,375,432
DAX-2026-04-26-001-5.3R.png,64,674,1,371,385,366,386
DAX-2026-04-26-001-5.3R.png,65,693,0,371,388,345,393
DAX-2026-04-26-001-5.3R.png,66,702,1,380,388,378,401
DAX-2026-04-26-001-5.3R.png,67,712,0,380,404,373,406
DAX-2026-04-26-001-5.3R.png,68,721,0,404,428,404,431
DAX-2026-04-26-001-5.3R.png,69,730,0,428,454,428,481
DAX-2026-04-26-001-5.3R.png,70,740,0,454,456,444,465
DAX-2026-04-26-001-5.3R.png,71,749,0,456,476,456,482
DAX-2026-04-26-001-5.3R.png,72,768,0,475,476,468,491
DAX-2026-04-26-001-5.3R.png,73,778,0,475,478,464,489
DAX-2026-04-26-001-5.3R.png,74,787,1,461,478,454,487
DAX-2026-04-26-001-5.3R.png,75,796,0,461,490,454,548
DAX-2026-04-26-001-5.3R.png,76,806,1,481,490,473,506
DAX-2026-04-26-001-5.3R.png,77,815,0,481,504,473,515
DAX-2026-04-26-001-5.3R.png,78,825,0,504,511,485,539
DAX-2026-04-26-001-5.3R.png,79,834,1,494,511,475,511
DAX-2026-04-26-001-5.3R.png,80,844,1,485,494,482,505
DAX-2026-04-26-001-5.3R.png,81,853,1,459,485,449,485
DAX-2026-04-26-001-5.3R.png,82,863,1,456,459,452,486
DAX-2026-04-26-001-5.3R.png,83,872,0,456,466,452,470
DAX-2026-04-26-001-5.3R.png,84,881,0,466,483,464,501
DAX-2026-04-26-001-5.3R.png,85,891,1,468,483,466,483
DAX-2026-04-26-001-5.3R.png,86,900,1,461,468,442,477
DAX-2026-04-26-001-5.3R.png,87,910,0,461,485,444,485
DAX-2026-04-26-001-5.3R.png,88,919,0,485,490,476,494
DAX-2026-04-26-001-5.3R.png,89,929,0,490,516,480,522
DAX-2026-04-26-001-5.3R.png,90,938,0,516,544,516,596
DAX-2026-04-26-001-5.3R.png,91,948,0,544,557,537,591
DAX-2026-04-26-001-5.3R.png,92,957,1,540,557,532,565
DAX-2026-04-26-001-5.3R.png,93,966,0,540,575,530,580
DAX-2026-04-26-001-5.3R.png,94,976,0,575,616,571,616
DAX-2026-04-26-001-5.3R.png,95,985,1,612,616,585,627
DAX-2026-04-26-001-5.3R.png,96,995,1,594,612,587,612
DAX-2026-04-26-001-5.3R.png,97,1004,0,594,606,554,606
DAX-2026-04-26-001-5.3R.png,98,1014,1,554,606,509,606
DAX-2026-04-26-001-5.3R.png,99,1023,0,554,580,499,586
DAX-2026-04-26-001-5.3R.png,100,1032,1,557,580,552,584
DAX-2026-04-26-001-5.3R.png,101,1042,1,545,557,525,560
DAX-2026-04-26-001-5.3R.png,102,1051,1,523,545,506,553
DAX-2026-04-26-001-5.3R.png,103,1061,1,438,523,432,523
DAX-2026-04-26-001-5.3R.png,104,1070,0,438,454,423,463
DAX-2026-04-26-001-5.3R.png,105,1080,0,454,464,445,481
DAX-2026-04-26-001-5.3R.png,106,1089,1,457,464,447,474
DAX-2026-04-26-001-5.3R.png,107,1099,0,457,475,454,484
DAX-2026-04-26-001-5.3R.png,108,1108,1,375,475,356,481
DAX-2026-04-26-001-5.3R.png,109,1127,0,375,440,375,441
DAX-2026-04-26-001-5.3R.png,110,1136,0,440,456,426,460
DAX-2026-04-26-001-5.3R.png,111,1146,1,395,456,387,456
DAX-2026-04-26-001-5.3R.png,112,1155,1,330,395,299,395
DAX-2026-04-26-001-5.3R.png,113,1165,1,326,330,321,350
DAX-2026-04-26-001-5.3R.png,114,1174,1,299,326,285,326
DAX-2026-04-26-001-5.3R.png,115,1184,1,273,299,264,306
DAX-2026-04-26-001-5.3R.png,116,1193,0,273,287,266,291
DAX-2026-04-26-001-5.3R.png,117,1202,0,287,295,258,295
DAX-2026-04-26-001-5.3R.png,118,1212,0,295,318,287,329
DAX-2026-04-26-001-5.3R.png,119,1231,1,283,318,271,332
DAX-2026-04-26-001-5.3R.png,120,1240,1,252,283,237,289
DAX-2026-04-26-001-5.3R.png,121,1250,0,252,271,223,271
DAX-2026-04-26-001-5.3R.png,122,1259,0,271,297,263,297
DAX-2026-04-26-001-5.3R.png,123,1268,1,275,297,256,305
DAX-2026-04-26-001-5.3R.png,124,1278,1,223,275,221,276
DAX-2026-04-26-001-5.3R.png,125,1287,1,149,223,120,232
DAX-2026-04-26-001-5.3R.png,126,1297,1,137,149,71,193
DAX-2026-04-26-001-5.3R.png,127,1306,0,137,154,123,162
DAX-2026-04-26-001-5.3R.png,128,1316,0,154,171,139,171
DAX-2026-04-26-001-5.3R.png,129,1325,0,171,185,154,186
DAX-2026-04-26-001-5.3R.png,130,1335,1,164,185,139,193
DAX-2026-04-26-001-5.3R.png,131,1344,1,144,164,132,172
DAX-2026-04-26-001-5.3R.png,132,1353,1,130,144,116,165
DAX-2026-04-26-001-5.3R.png,133,1363,0,130,168,130,189
DAX-2026-04-26-001-5.3R.png,134,1372,0,168,206,168,206
DAX-2026-04-26-001-5.3R.png,135,1382,0,206,242,206,243
DAX-2026-04-26-001-5.3R.png,136,1391,1,185,242,182,242
DAX-2026-04-26-001-5.3R.png,137,1401,0,185,197,180,207
DAX-2026-04-26-001-5.3R.png,138,1410,0,197,245,183,245
DAX-2026-04-26-001-5.3R.png,139,1420,0,245,285,239,289
DAX-2026-04-26-001-5.3R.png,140,1429,0,285,351,282,351
DAX-2026-04-26-001-5.3R.png,141,1438,1,333,351,307,358
DAX-2026-04-26-001-5.3R.png,142,1448,1,321,333,311,350
DAX-2026-04-26-001-5.3R.png,143,1457,1,278,321,275,321
DAX-2026-04-26-001-5.3R.png,144,1467,0,278,285,278,305
DAX-2026-04-26-001-5.3R.png,145,1476,1,261,285,256,286
DAX-2026-04-26-001-5.3R.png,146,1486,0,261,278,261,284
DAX-2026-04-26-001-5.3R.png,147,1495,0,278,282,268,282
DAX-2026-04-26-001-5.3R.png,148,1504,1,263,282,263,282
DAX-2026-04-26-001-5.3R.png,149,1514,0,263,266,254,298
DAX-2026-04-26-001-5.3R.png,150,1523,0,266,287,245,291
DAX-2026-04-26-001-5.3R.png,151,1533,0,287,306,285,325
DAX-2026-04-26-001-5.3R.png,152,1542,0,306,330,302,336
DAX-2026-04-26-001-5.3R.png,153,1552,0,330,344,311,356
DAX-2026-04-26-001-5.3R.png,154,1561,0,344,357,338,362
DAX-2026-04-26-001-5.3R.png,155,1571,0,357,395,357,410
DAX-2026-04-26-001-5.3R.png,156,1580,1,361,395,347,401
DAX-2026-04-26-001-5.3R.png,157,1589,0,361,385,347,401
DAX-2026-04-26-001-5.3R.png,158,1599,1,368,385,359,391
DAX-2026-04-26-001-5.3R.png,159,1608,0,368,385,368,391
DAX-2026-04-26-001-5.3R.png,160,1618,1,375,385,370,387
DAX-2026-04-26-001-5.3R.png,161,1627,0,375,385,371,394
DAX-2026-04-26-001-5.3R.png,162,1637,0,385,402,378,402
DAX-2026-04-26-001-5.3R.png,163,1646,0,402,425,397,429
DAX-2026-04-26-001-5.3R.png,164,1656,0,425,557,382,595
DAX-2026-04-26-001-5.3R.png,165,1665,1,509,557,492,646
DAX-2026-04-26-001-5.3R.png,166,1674,0,509,531,490,546
DAX-2026-04-26-001-5.3R.png,167,1684,0,531,554,485,601
DAX-2026-04-26-001-5.3R.png,168,1693,1,533,554,523,558
DAX-2026-04-26-001-5.3R.png,169,1703,1,509,533,499,534
DAX-2026-04-26-001-5.3R.png,170,1712,1,464,509,461,515
DAX-2026-04-26-001-5.3R.png,171,1722,1,440,464,428,470
DAX-2026-04-26-001-5.3R.png,172,1731,0,440,451,430,460
DAX-2026-04-26-001-5.3R.png,173,1740,1,433,451,428,474
DAX-2026-04-26-001-5.3R.png,174,1750,1,390,433,364,434
DAX-2026-04-26-001-5.3R.png,175,1759,0,389,390,363,393
DAX-2026-04-26-001-5.3R.png,176,1769,0,389,390,376,408
DAX-2026-04-26-001-5.3R.png,177,1778,1,359,390,351,391
DAX-2026-04-26-001-5.3R.png,178,1788,1,351,359,344,377
DAX-2026-05-05-001-14.6R.png,0,25,0,25,26,22,28
DAX-2026-05-05-001-14.6R.png,1,46,1,20,25,20,25
DAX-2026-05-05-001-14.6R.png,2,67,1,23,28,23,28
DAX-2026-05-05-001-14.6R.png,3,77,0,418,432,397,436
DAX-2026-05-05-001-14.6R.png,4,88,0,23,28,23,28
DAX-2026-05-05-001-14.6R.png,5,98,0,24,27,23,28
DAX-2026-05-05-001-14.6R.png,6,130,0,23,28,21,28
DAX-2026-05-05-001-14.6R.png,7,151,1,20,28,20,28
DAX-2026-05-05-001-14.6R.png,8,161,1,25,28,23,28
DAX-2026-05-05-001-14.6R.png,9,235,0,395,410,394,424
DAX-2026-05-05-001-14.6R.png,10,318,0,474,500,471,507
DAX-2026-05-05-001-14.6R.png,11,339,0,339,343,291,347
DAX-2026-05-05-001-14.6R.png,12,402,0,320,334,297,338
DAX-2026-05-05-001-14.6R.png,13,497,0,244,246,230,259
DAX-2026-05-05-001-14.6R.png,14,518,0,249,254,238,256
DAX-2026-05-05-001-14.6R.png,15,601,0,246,260,215,264
DAX-2026-05-05-001-14.6R.png,16,654,0,35,56,32,87
DAX-2026-05-05-001-14.6R.png,17,675,0,64,85,61,104
DAX-2026-05-08-001-1.3R.png,0,21,1,20,28,20,28
DAX-2026-05-08-001-1.3R.png,1,52,1,23,157,23,176
DAX-2026-05-08-001-1.3R.png,2,94,0,206,221,199,245
DAX-2026-05-08-001-1.3R.png,3,136,0,218,260,216,274
DAX-2026-05-08-001-1.3R.png,4,157,0,23,28,23,28
DAX-2026-05-08-001-1.3R.png,5,178,0,307,347,307,347
DAX-2026-05-08-001-1.3R.png,6,220,1,428,435,401,439
DAX-2026-05-08-001-1.3R.png,7,241,1,20,28,20,28
DAX-2026-05-08-001-1.3R.png,8,262,1,344,389,339,407
DAX-2026-05-08-001-1.3R.png,9,304,0,334,361,329,370
DAX-2026-05-08-001-1.3R.png,10,346,1,285,310,270,310
DAX-2026-05-08-001-1.3R.png,11,388,1,312,329,280,348
DAX-2026-05-08-001-1.3R.png,12,430,1,349,384,349,397
DAX-2026-05-08-001-1.3R.png,13,472,0,319,352,319,370
DAX-2026-05-08-001-1.3R.png,14,514,0,292,295,290,309
DAX-2026-05-08-001-1.3R.png,15,556,1,268,290,265,301
DAX-2026-05-08-001-1.3R.png,16,598,0,275,317,260,333
DAX-2026-05-08-001-1.3R.png,17,640,0,162,179,154,203
DAX-2026-05-08-001-1.3R.png,18,682,0,211,223,206,245
DAX-2026-05-08-001-1.3R.png,19,724,1,305,322,300,333
DAX-2026-05-08-001-1.3R.png,20,766,1,374,423,369,437
DAX-2026-05-08-001-1.3R.png,21,808,0,371,379,319,383
DAX-2026-05-08-001-1.3R.png,22,850,1,386,450,381,474
DAX-2026-05-08-001-1.3R.png,23,892,0,475,527,472,538
DAX-2026-05-08-001-1.3R.png,24,934,0,435,448,421,464
DAX-2026-05-08-001-1.3R.png,25,976,1,467,504,450,508
DAX-2026-05-08-001-1.3R.png,26,1018,0,337,352,337,385
DAX-2026-05-08-001-1.3R.png,27,1060,1,268,312,258,321
DAX-2026-05-08-001-1.3R.png,28,1102,1,243,300,236,301
DAX-2026-05-08-001-1.3R.png,29,1144,0,179,194,159,205
DAX-2026-05-08-001-1.3R.png,30,1186,0,297,347,273,350
DAX-2026-05-08-001-1.3R.png,31,1228,1,201,270,196,277
DAX-2026-05-08-001-1.3R.png,32,1270,0,147,164,145,178
DAX-2026-05-08-001-1.3R.png,33,1312,0,182,194,167,198
DAX-2026-05-08-001-1.3R.png,34,1396,0,297,359,292,390
DAX-2026-05-08-001-1.3R.png,35,1438,1,455,495,450,518
DAX-2026-05-08-001-1.3R.png,36,1480,0,458,495,438,513
DAX-2026-05-08-001-1.3R.png,37,1522,1,423,485,408,485
DAX-2026-05-08-001-1.3R.png,38,1564,0,359,411,359,420
DAX-2026-05-08-001-1.3R.png,39,1606,1,581,630,559,651
DAX-2026-05-08-001-1.3R.png,40,1690,0,665,677,635,705
DAX-2026-05-08-001-1.3R.png,41,1732,0,687,711,672,723
DAX-2026-05-08-001-1.3R.png,42,1774,0,699,706,667,715
DAX-2026-05-11-001-1.6R.png,0,12,0,489,495,467,563
DAX-2026-05-11-001-1.6R.png,1,23,0,495,522,478,541
DAX-2026-05-11-001-1.6R.png,2,33,1,473,522,417,552
DAX-2026-05-11-001-1.6R.png,3,53,1,384,472,367,472
DAX-2026-05-11-001-1.6R.png,4,63,1,373,384,350,421
DAX-2026-05-11-001-1.6R.png,5,73,0,373,395,356,395
DAX-2026-05-11-001-1.6R.png,6,84,1,328,395,306,395
DAX-2026-05-11-001-1.6R.png,7,94,1,289,328,284,355
DAX-2026-05-11-001-1.6R.png,8,104,1,256,289,217,289
DAX-2026-05-11-001-1.6R.png,9,114,0,256,317,223,317
DAX-2026-05-11-001-1.6R.png,10,124,0,24,27,24,28
DAX-2026-05-11-001-1.6R.png,11,134,0,317,356,300,399
DAX-2026-05-11-001-1.6R.png,12,145,1,345,356,345,383
DAX-2026-05-11-001-1.6R.png,13,155,1,317,345,306,352
DAX-2026-05-11-001-1.6R.png,14,165,0,317,328,256,366
DAX-2026-05-11-001-1.6R.png,15,185,1,317,328,289,366
DAX-2026-05-11-001-1.6R.png,16,195,1,261,317,234,352
DAX-2026-05-11-001-1.6R.png,17,206,0,261,273,245,319
DAX-2026-05-11-001-1.6R.png,18,216,0,273,356,239,374
DAX-2026-05-11-001-1.6R.png,19,226,1,334,356,328,383
DAX-2026-05-11-001-1.6R.png,20,236,0,334,384,295,433
DAX-2026-05-11-001-1.6R.png,21,246,1,339,384,339,399
DAX-2026-05-11-001-1.6R.png,22,256,0,339,373,328,427
DAX-2026-05-11-001-1.6R.png,23,267,0,373,411,367,427
DAX-2026-05-11-001-1.6R.png,24,277,1,389,411,345,416
DAX-2026-05-11-001-1.6R.png,25,287,1,384,389,361,430
DAX-2026-05-11-001-1.6R.png,26,297,0,384,439,373,439
DAX-2026-05-11-001-1.6R.png,27,307,1,428,439,411,460
DAX-2026-05-11-001-1.6R.png,28,318,1,417,428,400,521
DAX-2026-05-11-001-1.6R.png,29,328,1,411,417,400,455
DAX-2026-05-11-001-1.6R.png,30,338,1,345,411,323,411
DAX-2026-05-11-001-1.6R.png,31,348,1,334,345,306,349
DAX-2026-05-11-001-1.6R.png,32,358,1,306,334,306,361
DAX-2026-05-11-001-1.6R.png,33,368,0,306,439,306,460
DAX-2026-05-11-001-1.6R.png,34,379,0,439,484,417,496
DAX-2026-05-11-001-1.6R.png,35,389,1,411,484,411,519
DAX-2026-05-11-001-1.6R.png,36,399,0,411,423,406,455
DAX-2026-05-11-001-1.6R.png,37,409,0,423,472,400,482
DAX-2026-05-11-001-1.6R.png,38,419,1,467,472,428,483
DAX-2026-05-11-001-1.6R.png,39,429,1,461,467,428,471
DAX-2026-05-11-001-1.6R.png,40,440,1,439,461,428,477
DAX-2026-05-11-001-1.6R.png,41,450,1,378,439,378,449
DAX-2026-05-11-001-1.6R.png,42,460,0,378,389,350,427
DAX-2026-05-11-001-1.6R.png,43,470,1,362,389,295,399
DAX-2026-05-11-001-1.6R.png,44,480,0,362,384,334,388
DAX-2026-05-11-001-1.6R.png,45,490,1,334,384,323,408
DAX-2026-05-11-001-1.6R.png,46,501,0,334,339,334,372
DAX-2026-05-11-001-1.6R.png,47,511,0,339,356,295,383
DAX-2026-05-11-001-1.6R.png,48,521,0,356,372,339,388
DAX-2026-05-11-001-1.6R.png,49,531,0,372,489,372,489
DAX-2026-05-11-001-1.6R.png,50,541,1,428,489,406,505
DAX-2026-05-11-001-1.6R.png,51,551,0,428,464,406,464
DAX-2026-05-11-001-1.6R.png,52,562,1,422,464,384,464
DAX-2026-05-11-001-1.6R.png,53,572,1,400,422,373,430
DAX-2026-05-11-001-1.6R.png,54,582,1,345,400,322,430
DAX-2026-05-11-001-1.6R.png,55,592,0,345,373,334,388
DAX-2026-05-11-001-1.6R.png,56,602,0,373,406,322,406
DAX-2026-05-11-001-1.6R.png,57,612,1,389,406,378,422
DAX-2026-05-11-001-1.6R.png,58,623,0,389,433,367,444
DAX-2026-05-11-001-1.6R.png,59,633,0,433,472,417,488
DAX-2026-05-11-001-1.6R.png,60,643,1,461,472,450,505
DAX-2026-05-11-001-1.6R.png,61,653,1,456,461,439,466
DAX-2026-05-11-001-1.6R.png,62,663,1,423,456,400,466
DAX-2026-05-11-001-1.6R.png,63,673,1,395,423,367,423
DAX-2026-05-11-001-1.6R.png,64,684,1,356,395,356,405
DAX-2026-05-11-001-1.6R.png,65,694,1,339,356,306,356
DAX-2026-05-11-001-1.6R.png,66,714,1,311,339,300,349
DAX-2026-05-11-001-1.6R.png,67,724,0,311,334,278,338
DAX-2026-05-11-001-1.6R.png,68,734,1,323,334,289,334
DAX-2026-05-11-001-1.6R.png,69,745,1,300,323,289,323
DAX-2026-05-11-001-1.6R.png,70,755,1,234,300,228,300
DAX-2026-05-11-001-1.6R.png,71,765,0,234,273,223,273
DAX-2026-05-11-001-1.6R.png,72,775,1,228,273,223,273
DAX-2026-05-11-001-1.6R.png,73,785,0,228,284,228,284
DAX-2026-05-11-001-1.6R.png,74,796,0,284,372,284,372
DAX-2026-05-11-001-1.6R.png,75,816,0,345,361,334,372
DAX-2026-05-11-001-1.6R.png,76,826,0,361,367,317,372
DAX-2026-05-11-001-1.6R.png,77,836,1,261,367,261,367
DAX-2026-05-11-001-1.6R.png,78,846,0,261,267,250,277
DAX-2026-05-11-001-1.6R.png,79,857,0,267,284,262,311
DAX-2026-05-11-001-1.6R.png,80,867,1,262,284,239,299
DAX-2026-05-11-001-1.6R.png,81,877,1,256,262,217,272
DAX-2026-05-11-001-1.6R.png,82,887,0,256,317,245,333
DAX-2026-05-11-001-1.6R.png,83,897,0,317,334,311,349
DAX-2026-05-11-001-1.6R.png,84,907,0,334,350,323,355
DAX-2026-05-11-001-1.6R.png,85,918,1,345,350,345,372
DAX-2026-05-11-001-1.6R.png,86,928,0,345,384,322,384
DAX-2026-05-11-001-1.6R.png,87,938,0,384,428,374,433
DAX-2026-05-11-001-1.6R.png,88,948,1,411,428,400,428
DAX-2026-05-11-001-1.6R.png,89,958,0,411,478,411,510
DAX-2026-05-11-001-1.6R.png,90,968,1,450,478,428,510
DAX-2026-05-11-001-1.6R.png,91,979,0,450,467,445,499
DAX-2026-05-11-001-1.6R.png,92,989,1,428,467,422,467
DAX-2026-05-11-001-1.6R.png,93,999,1,384,428,374,449
DAX-2026-05-11-001-1.6R.png,94,1009,0,384,406,374,416
DAX-2026-05-11-001-1.6R.png,95,1019,1,334,406,323,406
DAX-2026-05-11-001-1.6R.png,96,1029,0,334,443,323,443
DAX-2026-05-11-001-1.6R.png,97,1040,0,400,433,384,444
DAX-2026-05-11-001-1.6R.png,98,1050,1,428,433,411,433
DAX-2026-05-11-001-1.6R.png,99,1060,0,428,445,400,460
DAX-2026-05-11-001-1.6R.png,100,1070,0,445,456,411,456
DAX-2026-05-11-001-1.6R.png,101,1080,0,456,567,456,577
DAX-2026-05-11-001-1.6R.png,102,1090,0,567,572,533,677
DAX-2026-05-11-001-1.6R.png,103,1101,1,478,572,478,638
DAX-2026-05-11-001-1.6R.png,104,1111,0,478,500,478,521
DAX-2026-05-11-001-1.6R.png,105,1121,0,500,517,467,527
DAX-2026-05-11-001-1.6R.png,106,1131,1,500,517,483,541
DAX-2026-05-11-001-1.6R.png,107,1141,1,495,500,467,521
DAX-2026-05-11-001-1.6R.png,108,1151,0,495,578,478,578
DAX-2026-05-11-001-1.6R.png,109,1162,1,517,578,517,627
DAX-2026-05-11-001-1.6R.png,110,1172,1,495,517,489,533
DAX-2026-05-11-001-1.6R.png,111,1182,0,495,506,495,527
DAX-2026-05-11-001-1.6R.png,112,1192,1,461,506,456,516
DAX-2026-05-11-001-1.6R.png,113,1202,1,395,461,395,461
DAX-2026-05-11-001-1.6R.png,114,1223,1,356,395,339,395
DAX-2026-05-11-001-1.6R.png,115,1233,0,356,367,317,394
DAX-2026-05-11-001-1.6R.png,116,1243,0,367,423,345,449
DAX-2026-05-11-001-1.6R.png,117,1253,1,417,423,384,477
DAX-2026-05-11-001-1.6R.png,118,1263,1,350,417,350,427
DAX-2026-05-11-001-1.6R.png,119,1273,1,345,350,328,361
DAX-2026-05-11-001-1.6R.png,120,1284,1,300,345,273,361
DAX-2026-05-11-001-1.6R.png,121,1294,0,300,367,289,383
DAX-2026-05-11-001-1.6R.png,122,1304,0,367,389,356,408
DAX-2026-05-11-001-1.6R.png,123,1314,1,361,389,317,389
DAX-2026-05-11-001-1.6R.png,124,1324,1,328,361,322,361
DAX-2026-05-11-001-1.6R.png,125,1335,1,278,328,245,328
DAX-2026-05-11-001-1.6R.png,126,1345,0,278,295,267,310
DAX-2026-05-11-001-1.6R.png,127,1365,0,295,300,284,300
DAX-2026-05-11-001-1.6R.png,128,1375,1,267,300,256,310
DAX-2026-05-11-001-1.6R.png,129,1385,1,134,267,123,267
DAX-2026-05-11-001-1.6R.png,130,1396,0,134,145,123,188
DAX-2026-05-11-001-1.6R.png,131,1406,0,145,234,128,234
DAX-2026-05-11-001-1.6R.png,132,1416,1,206,234,150,234
DAX-2026-05-11-001-1.6R.png,133,1426,1,178,206,139,216
DAX-2026-05-11-001-1.6R.png,134,1436,0,178,278,162,311
DAX-2026-05-11-001-1.6R.png,135,1446,0,278,284,245,311
DAX-2026-05-11-001-1.6R.png,136,1457,1,278,284,278,299
DAX-2026-05-11-001-1.6R.png,137,1467,1,256,278,245,316
DAX-2026-05-11-001-1.6R.png,138,1477,1,239,256,217,256
DAX-2026-05-11-001-1.6R.png,139,1487,1,156,239,156,244
DAX-2026-05-11-001-1.6R.png,140,1497,0,156,178,156,205
DAX-2026-05-11-001-1.6R.png,141,1548,1,173,178,167,211
DAX-2026-05-11-001-1.6R.png,142,1558,1,139,173,117,173
DAX-2026-05-11-001-1.6R.png,143,1568,0,139,189,139,194
DAX-2026-05-11-001-1.6R.png,144,1579,1,150,189,117,189
DAX-2026-05-11-001-1.6R.png,145,1589,0,150,156,145,200
DAX-2026-05-11-001-1.6R.png,146,1599,1,123,156,112,156
DAX-2026-05-11-001-1.6R.png,147,1609,1,95,123,84,123
DAX-2026-05-11-001-1.6R.png,148,1629,0,20,34,20,44
DAX-2026-05-11-001-1.6R.png,149,1640,1,28,34,23,34
DAX-2026-05-11-001-1.6R.png,150,1650,0,28,56,21,61
DAX-2026-05-11-001-1.6R.png,151,1660,0,56,117,56,117
DAX-2026-05-11-001-1.6R.png,152,1670,1,101,117,95,150
DAX-2026-05-11-001-1.6R.png,153,1680,0,101,117,89,117
DAX-2026-05-11-001-1.6R.png,154,1690,1,106,117,106,139
DAX-2026-05-11-001-1.6R.png,155,1701,0,106,178,100,178
DAX-2026-05-11-001-1.6R.png,156,1711,1,145,178,134,216
DAX-2026-05-11-001-1.6R.png,157,1721,1,128,145,128,177
DAX-2026-05-11-001-1.6R.png,158,1731,0,128,156,123,161
DAX-2026-05-11-001-1.6R.png,159,1741,0,156,189,134,189
DAX-2026-05-11-001-1.6R.png,160,1751,1,178,189,178,200
DAX-2026-05-11-001-1.6R.png,161,1772,1,156,178,139,178
DAX-2026-05-11-001-1.6R.png,162,1782,0,156,178,134,200
DAX-2026-05-11-001-1.6R.png,163,1792,0,178,189,178,261
DAX-2026-05-13-001-13.1R.png,0,15,0,302,391,285,391
DAX-2026-05-13-001-13.1R.png,1,48,0,457,507,457,556
DAX-2026-05-13-001-13.1R.png,2,58,0,507,534,507,567
DAX-2026-05-13-001-13.1R.png,3,69,0,523,534,523,534
DAX-2026-05-13-001-13.1R.png,4,90,0,462,468,462,468
DAX-2026-05-13-001-13.1R.png,5,101,1,429,462,424,489
DAX-2026-05-13-001-13.1R.png,6,112,0,429,463,429,463
DAX-2026-05-13-001-13.1R.png,7,133,0,23,28,23,28
DAX-2026-05-13-001-13.1R.png,8,144,1,518,535,496,556
DAX-2026-05-13-001-13.1R.png,9,155,0,512,518,512,518
DAX-2026-05-13-001-13.1R.png,10,165,0,540,573,512,573
DAX-2026-05-13-001-13.1R.png,11,187,0,523,562,507,572
DAX-2026-05-13-001-13.1R.png,12,198,0,562,596,562,596
DAX-2026-05-13-001-13.1R.png,13,219,0,535,546,535,568
DAX-2026-05-13-001-13.1R.png,14,230,0,568,573,557,589
DAX-2026-05-13-001-13.1R.png,15,240,0,20,28,20,28
DAX-2026-05-13-001-13.1R.png,16,272,0,507,529,507,529
DAX-2026-05-13-001-13.1R.png,17,283,0,507,518,496,518
DAX-2026-05-13-001-13.1R.png,18,294,0,496,518,496,518
DAX-2026-05-13-001-13.1R.png,19,326,1,534,579,534,579
DAX-2026-05-13-001-13.1R.png,20,337,0,512,534,512,534
DAX-2026-05-13-001-13.1R.png,21,347,0,496,512,496,512
DAX-2026-05-13-001-13.1R.png,22,369,1,601,623,557,650
DAX-2026-05-13-001-13.1R.png,23,380,0,595,601,595,601
DAX-2026-05-13-001-13.1R.png,24,390,0,595,607,595,607
DAX-2026-05-13-001-13.1R.png,25,412,0,562,595,562,606
DAX-2026-05-13-001-13.1R.png,26,422,1,584,595,579,611
DAX-2026-05-13-001-13.1R.png,27,444,0,596,601,596,601
DAX-2026-05-13-001-13.1R.png,28,455,1,568,601,562,606
DAX-2026-05-13-001-13.1R.png,29,465,1,507,568,496,568
DAX-2026-05-13-001-13.1R.png,30,497,0,523,584,523,584
DAX-2026-05-13-001-13.1R.png,31,508,1,557,584,518,589
DAX-2026-05-13-001-13.1R.png,32,519,0,551,557,551,557
DAX-2026-05-13-001-13.1R.png,33,562,0,557,651,557,651
DAX-2026-05-13-001-13.1R.png,34,572,0,551,557,551,557
DAX-2026-05-13-001-13.1R.png,35,605,0,601,634,601,634
DAX-2026-05-13-001-13.1R.png,36,615,0,634,640,634,640
DAX-2026-05-13-001-13.1R.png,37,637,1,618,629,601,639
DAX-2026-05-13-001-13.1R.png,38,647,0,618,640,618,650
DAX-2026-05-13-001-13.1R.png,39,679,0,457,523,457,523
DAX-2026-05-13-001-13.1R.png,40,690,0,457,496,435,511
DAX-2026-05-13-001-13.1R.png,41,722,0,473,501,473,501
DAX-2026-05-13-001-13.1R.png,42,733,1,446,473,446,473
DAX-2026-05-13-001-13.1R.png,43,744,0,446,463,446,463
DAX-2026-05-13-001-13.1R.png,44,776,1,446,452,440,467
DAX-2026-05-13-001-13.1R.png,45,787,0,446,468,446,468
DAX-2026-05-13-001-13.1R.png,46,819,0,451,457,446,467
DAX-2026-05-13-001-13.1R.png,47,829,0,457,468,446,468
DAX-2026-05-13-001-13.1R.png,48,862,1,335,374,307,378
DAX-2026-05-13-001-13.1R.png,49,872,1,302,335,302,345
DAX-2026-05-13-001-13.1R.png,50,904,0,196,224,196,224
DAX-2026-05-13-001-13.1R.png,51,915,0,196,202,196,218
DAX-2026-05-13-001-13.1R.png,52,947,0,180,185,180,185
DAX-2026-05-13-001-13.1R.png,53,958,1,141,180,119,180
DAX-2026-05-13-001-13.1R.png,54,969,0,141,185,141,185
DAX-2026-05-13-001-13.1R.png,55,1001,1,124,135,108,157
DAX-2026-05-13-001-13.1R.png,56,1011,1,97,124,97,140
DAX-2026-05-13-001-13.1R.png,57,1044,1,147,163,141,168
DAX-2026-05-13-001-13.1R.png,58,1054,1,141,147,113,147
DAX-2026-05-13-001-13.1R.png,59,1076,0,191,202,191,213
DAX-2026-05-13-001-13.1R.png,60,1086,0,213,219,213,219
DAX-2026-05-13-001-13.1R.png,61,1097,0,219,235,185,268
DAX-2026-05-13-001-13.1R.png,62,1129,0,180,185,180,185
DAX-2026-05-13-001-13.1R.png,63,1140,1,169,185,158,201
DAX-2026-05-13-001-13.1R.png,64,1151,0,169,180,169,180
DAX-2026-05-13-001-13.1R.png,65,1172,0,158,196,158,196
DAX-2026-05-13-001-13.1R.png,66,1183,0,158,224,158,240
DAX-2026-05-13-001-13.1R.png,67,1226,0,169,202,169,202
DAX-2026-05-13-001-13.1R.png,68,1236,1,169,202,169,212
DAX-2026-05-13-001-13.1R.png,69,1247,0,196,213,169,213
DAX-2026-05-13-001-13.1R.png,70,1269,0,268,313,241,317
DAX-2026-05-13-001-13.1R.png,71,1279,1,252,313,241,313
DAX-2026-05-13-001-13.1R.png,72,1301,0,241,246,241,246
DAX-2026-05-13-001-13.1R.png,73,1311,0,208,246,208,246
DAX-2026-05-13-001-13.1R.png,74,1322,1,180,208,169,208
DAX-2026-05-13-001-13.1R.png,75,1354,0,163,185,163,185
DAX-2026-05-13-001-13.1R.png,76,1365,0,163,196,158,196
DAX-2026-05-13-001-13.1R.png,77,1376,0,196,241,196,241
DAX-2026-05-13-001-13.1R.png,78,1408,0,102,169,102,169
DAX-2026-05-13-001-13.1R.png,79,1418,0,169,241,163,241
DAX-2026-05-13-001-13.1R.png,80,1451,1,97,152,97,152
DAX-2026-05-13-001-13.1R.png,81,1633,0,20,80,20,176
DAX-2026-05-13-001-13.1R.png,82,1643,0,80,102,80,107
DAX-2026-05-13-002-2.2R.png,0,11,1,442,454,442,456
DAX-2026-05-13-002-2.2R.png,1,22,0,440,442,440,442
DAX-2026-05-13-002-2.2R.png,2,32,0,444,450,440,450
DAX-2026-05-13-002-2.2R.png,3,54,1,442,450,436,453
DAX-2026-05-13-002-2.2R.png,4,65,0,442,457,442,457
DAX-2026-05-13-002-2.2R.png,5,97,1,467,471,454,478
DAX-2026-05-13-002-2.2R.png,6,107,0,467,479,455,479
DAX-2026-05-13-002-2.2R.png,7,129,0,23,28,21,28
DAX-2026-05-13-002-2.2R.png,8,139,0,446,448,446,448
DAX-2026-05-13-002-2.2R.png,9,150,0,446,481,444,481
DAX-2026-05-13-002-2.2R.png,10,161,1,25,28,23,28
DAX-2026-05-13-002-2.2R.png,11,182,0,419,432,419,432
DAX-2026-05-13-002-2.2R.png,12,193,0,419,438,409,438
DAX-2026-05-13-002-2.2R.png,13,204,0,417,438,417,438
DAX-2026-05-13-002-2.2R.png,14,236,1,369,376,363,381
DAX-2026-05-13-002-2.2R.png,15,247,0,369,386,369,386
DAX-2026-05-13-002-2.2R.png,16,257,0,386,394,386,394
DAX-2026-05-13-002-2.2R.png,17,279,1,369,390,361,391
DAX-2026-05-13-002-2.2R.png,18,289,1,326,369,326,373
DAX-2026-05-13-002-2.2R.png,19,322,0,344,355,340,373
DAX-2026-05-13-002-2.2R.png,20,332,1,349,355,330,360
DAX-2026-05-13-002-2.2R.png,21,364,0,336,340,336,340
DAX-2026-05-13-002-2.2R.png,22,375,0,340,353,328,353
DAX-2026-05-13-002-2.2R.png,23,386,0,330,353,330,353
DAX-2026-05-13-002-2.2R.png,24,418,1,319,326,311,331
DAX-2026-05-13-002-2.2R.png,25,429,0,282,319,282,319
DAX-2026-05-13-002-2.2R.png,26,461,0,301,317,299,331
DAX-2026-05-13-002-2.2R.png,27,471,0,317,322,315,335
DAX-2026-05-13-002-2.2R.png,28,482,0,317,322,317,322
DAX-2026-05-13-002-2.2R.png,29,504,0,311,359,309,362
DAX-2026-05-13-002-2.2R.png,30,514,1,344,359,340,368
DAX-2026-05-13-002-2.2R.png,31,536,0,334,340,334,340
DAX-2026-05-13-002-2.2R.png,32,546,0,315,340,315,340
DAX-2026-05-13-002-2.2R.png,33,589,0,308,324,308,324
DAX-2026-05-13-002-2.2R.png,34,600,0,308,476,301,502
DAX-2026-05-13-002-2.2R.png,35,611,0,476,501,476,501
DAX-2026-05-13-002-2.2R.png,36,643,0,370,391,335,408
DAX-2026-05-13-002-2.2R.png,37,686,0,532,569,532,595
DAX-2026-05-13-002-2.2R.png,38,696,1,561,569,538,591
DAX-2026-05-13-002-2.2R.png,39,729,1,480,495,478,535
DAX-2026-05-13-002-2.2R.png,40,739,0,480,484,441,496
DAX-2026-05-13-002-2.2R.png,41,761,0,493,524,493,524
DAX-2026-05-13-002-2.2R.png,42,771,0,493,503,493,503
DAX-2026-05-13-002-2.2R.png,43,814,0,573,600,573,600
DAX-2026-05-13-002-2.2R.png,44,825,0,600,627,600,641
DAX-2026-05-13-002-2.2R.png,45,836,0,627,636,627,636
DAX-2026-05-13-002-2.2R.png,46,868,1,569,607,567,607
DAX-2026-05-13-002-2.2R.png,47,878,0,569,582,549,583
DAX-2026-05-13-002-2.2R.png,48,911,1,345,382,339,390
DAX-2026-05-13-002-2.2R.png,49,921,0,345,376,330,388
DAX-2026-05-13-002-2.2R.png,50,943,0,310,328,310,360
DAX-2026-05-13-002-2.2R.png,51,953,0,360,391,360,391
DAX-2026-05-13-002-2.2R.png,52,964,0,391,409,360,419
DAX-2026-05-13-002-2.2R.png,53,996,0,405,430,405,430
DAX-2026-05-13-002-2.2R.png,54,1007,0,430,438,420,450
DAX-2026-05-13-002-2.2R.png,55,1039,0,463,499,463,499
DAX-2026-05-13-002-2.2R.png,56,1050,0,499,505,474,506
DAX-2026-05-13-002-2.2R.png,57,1061,0,505,553,505,553
DAX-2026-05-13-002-2.2R.png,58,1093,1,524,540,507,545
DAX-2026-05-13-002-2.2R.png,59,1103,1,457,524,455,527
DAX-2026-05-13-002-2.2R.png,60,1136,0,465,499,465,510
DAX-2026-05-13-002-2.2R.png,61,1146,0,499,544,495,566
DAX-2026-05-13-002-2.2R.png,62,1178,0,366,399,366,399
DAX-2026-05-13-002-2.2R.png,63,1189,1,341,366,326,366
DAX-2026-05-13-002-2.2R.png,64,1221,0,237,274,237,274
DAX-2026-05-13-002-2.2R.png,65,1232,1,223,237,210,253
DAX-2026-05-13-002-2.2R.png,66,1264,0,133,162,133,162
DAX-2026-05-13-002-2.2R.png,67,1275,0,162,206,158,226
DAX-2026-05-13-002-2.2R.png,68,1285,0,204,206,191,222
DAX-2026-05-13-002-2.2R.png,69,1318,0,216,231,214,234
DAX-2026-05-13-002-2.2R.png,70,1328,1,222,231,202,238
DAX-2026-05-13-002-2.2R.png,71,1360,0,156,169,156,169
DAX-2026-05-13-002-2.2R.png,72,1371,0,169,262,150,271
DAX-2026-05-13-002-2.2R.png,73,1393,0,364,376,364,376
DAX-2026-05-13-002-2.2R.png,74,1403,0,364,385,364,385
DAX-2026-05-13-002-2.2R.png,75,1414,1,376,385,368,396
DAX-2026-05-13-002-2.2R.png,76,1446,0,339,343,339,343
DAX-2026-05-13-002-2.2R.png,77,1457,1,306,339,287,339
DAX-2026-05-13-002-2.2R.png,78,1468,0,306,333,306,333
DAX-2026-05-13-002-2.2R.png,79,1500,1,347,355,339,369
DAX-2026-05-13-002-2.2R.png,80,1510,0,347,395,347,417
DAX-2026-05-13-002-2.2R.png,81,1542,0,443,499,443,510
DAX-2026-05-13-002-2.2R.png,82,1553,1,466,499,455,504
DAX-2026-05-13-002-2.2R.png,83,1585,0,488,499,488,499
DAX-2026-05-13-002-2.2R.png,84,1596,0,488,509,488,525
DAX-2026-05-13-002-2.2R.png,85,1628,0,412,443,412,443
DAX-2026-05-13-002-2.2R.png,86,1639,0,412,428,391,444
DAX-2026-05-13-002-2.2R.png,87,1671,0,422,459,422,459
DAX-2026-05-13-002-2.2R.png,88,1682,0,459,472,449,489
DAX-2026-05-13-002-2.2R.png,89,1692,1,463,472,451,487
DAX-2026-05-13-002-2.2R.png,90,1735,0,559,569,540,569
DAX-2026-05-13-002-2.2R.png,91,1767,0,578,590,578,590
DAX-2026-05-13-002-2.2R.png,92,1778,1,540,578,540,587
DAX-2026-05-15-001-5.5R.png,0,20,0,20,28,20,28
DAX-2026-05-15-001-5.5R.png,1,30,0,26,28,21,51
DAX-2026-05-15-001-5.5R.png,2,49,0,24,25,21,28
DAX-2026-05-15-001-5.5R.png,3,68,0,23,28,21,28
DAX-2026-05-15-001-5.5R.png,4,78,0,23,28,21,42
DAX-2026-05-15-001-5.5R.png,5,87,0,23,28,23,28
DAX-2026-05-15-001-5.5R.png,6,106,0,20,27,20,28
DAX-2026-05-15-001-5.5R.png,7,116,0,27,28,21,31
DAX-2026-05-15-001-5.5R.png,8,135,1,25,64,23,64
DAX-2026-05-15-001-5.5R.png,9,164,1,23,105,23,105
DAX-2026-05-15-001-5.5R.png,10,173,1,27,105,27,124
DAX-2026-05-15-001-5.5R.png,11,183,1,22,98,21,108
DAX-2026-05-15-001-5.5R.png,12,202,0,20,27,20,28
DAX-2026-05-15-001-5.5R.png,13,212,0,27,28,21,28
DAX-2026-05-15-001-5.5R.png,14,221,0,24,30,21,55
DAX-2026-05-15-001-5.5R.png,15,240,1,20,57,20,57
DAX-2026-05-15-001-5.5R.png,16,269,0,94,109,94,109
DAX-2026-05-15-001-5.5R.png,17,279,0,94,119,70,120
DAX-2026-05-15-001-5.5R.png,18,288,1,109,119,86,119
DAX-2026-05-15-001-5.5R.png,19,298,1,86,109,74,109
DAX-2026-05-15-001-5.5R.png,20,307,0,51,86,51,86
DAX-2026-05-15-001-5.5R.png,21,336,0,121,141,101,141
DAX-2026-05-15-001-5.5R.png,22,365,0,184,203,184,203
DAX-2026-05-15-001-5.5R.png,23,374,0,203,223,195,251
DAX-2026-05-15-001-5.5R.png,24,384,0,223,340,223,374
DAX-2026-05-15-001-5.5R.png,25,393,0,340,411,336,413
DAX-2026-05-15-001-5.5R.png,26,403,1,383,411,368,437
DAX-2026-05-15-001-5.5R.png,27,470,0,274,278,274,278
DAX-2026-05-15-001-5.5R.png,28,479,1,238,274,238,277
DAX-2026-05-15-001-5.5R.png,29,499,1,219,238,203,245
DAX-2026-05-15-001-5.5R.png,30,508,1,215,219,184,230
DAX-2026-05-15-001-5.5R.png,31,566,0,262,270,262,270
DAX-2026-05-15-001-5.5R.png,32,575,1,203,270,203,308
DAX-2026-05-15-001-5.5R.png,33,585,1,164,203,164,210
DAX-2026-05-15-001-5.5R.png,34,594,1,133,164,121,175
DAX-2026-05-15-001-5.5R.png,35,604,1,90,133,88,159
DAX-2026-05-15-001-5.5R.png,36,613,0,90,141,90,141
DAX-2026-05-15-001-5.5R.png,37,671,0,133,141,133,141
DAX-2026-05-15-001-5.5R.png,38,680,0,133,188,133,191
DAX-2026-05-15-001-5.5R.png,39,700,0,188,198,176,198
DAX-2026-05-15-001-5.5R.png,40,709,0,200,211,200,222
DAX-2026-05-15-001-5.5R.png,41,767,0,192,238,192,238
DAX-2026-05-15-001-5.5R.png,42,776,0,238,274,238,288
DAX-2026-05-15-001-5.5R.png,43,786,0,274,293,270,306
DAX-2026-05-15-001-5.5R.png,44,795,1,270,293,231,300
DAX-2026-05-15-001-5.5R.png,45,805,0,270,309,227,309
DAX-2026-05-15-001-5.5R.png,46,814,0,305,309,305,309
DAX-2026-05-15-001-5.5R.png,47,872,0,285,309,285,309
DAX-2026-05-15-001-5.5R.png,48,881,0,309,324,305,335
DAX-2026-05-15-001-5.5R.png,49,910,1,254,324,254,324
DAX-2026-05-15-001-5.5R.png,50,968,0,266,278,266,278
DAX-2026-05-15-001-5.5R.png,51,977,0,278,313,274,316
DAX-2026-05-15-001-5.5R.png,52,987,0,313,340,313,371
DAX-2026-05-15-001-5.5R.png,53,996,0,340,379,340,400
DAX-2026-05-15-001-5.5R.png,54,1006,1,375,379,371,402
DAX-2026-05-15-001-5.5R.png,55,1015,0,375,383,375,383
DAX-2026-05-15-001-5.5R.png,56,1073,0,426,434,426,434
DAX-2026-05-15-001-5.5R.png,57,1082,1,426,434,422,460
DAX-2026-05-15-001-5.5R.png,58,1092,0,426,454,426,460
DAX-2026-05-15-001-5.5R.png,59,1102,1,442,454,430,460
DAX-2026-05-15-001-5.5R.png,60,1111,1,418,442,414,453
DAX-2026-05-15-001-5.5R.png,61,1169,0,453,512,453,512
DAX-2026-05-15-001-5.5R.png,62,1178,0,453,493,453,493
DAX-2026-05-15-001-5.5R.png,63,1188,0,493,504,473,531
DAX-2026-05-15-001-5.5R.png,64,1197,0,504,598,501,644
DAX-2026-05-15-001-5.5R.png,65,1207,0,598,602,598,640
DAX-2026-05-15-001-5.5R.png,66,1216,0,575,602,575,602
DAX-2026-05-15-001-5.5R.png,67,1245,0,583,614,583,614
DAX-2026-05-15-001-5.5R.png,68,1274,0,473,547,473,547
DAX-2026-05-15-001-5.5R.png,69,1283,0,547,591,532,617
DAX-2026-05-15-001-5.5R.png,70,1293,0,591,602,583,617
DAX-2026-05-15-001-5.5R.png,71,1303,1,590,602,587,644
DAX-2026-05-15-001-5.5R.png,72,1312,1,528,590,524,601
DAX-2026-05-15-001-5.5R.png,73,1370,0,555,591,555,591
DAX-2026-05-15-001-5.5R.png,74,1379,0,540,555,540,555
DAX-2026-05-15-001-5.5R.png,75,1389,1,532,540,524,554
DAX-2026-05-15-001-5.5R.png,76,1398,0,532,634,524,652
DAX-2026-05-15-001-5.5R.png,77,1408,0,634,716,630,726
DAX-2026-05-15-001-5.5R.png,78,1417,1,712,716,700,740
DAX-2026-05-15-001-5.5R.png,79,1475,0,731,740,731,740
DAX-2026-05-15-001-5.5R.png,80,1494,1,719,739,708,740
DAX-2026-05-15-001-5.5R.png,81,1503,0,719,740,716,740
DAX-2026-05-15-001-5.5R.png,82,1676,0,536,567,536,567
DAX-2026-05-15-001-5.5R.png,83,1685,1,469,567,454,567
DAX-2026-05-15-001-5.5R.png,84,1695,1,446,469,438,535
DAX-2026-05-15-001-5.5R.png,85,1704,1,411,446,364,468
DAX-2026-05-15-001-5.5R.png,86,1714,0,411,426,379,460
DAX-2026-05-15-001-5.5R.png,87,1781,0,203,282,203,282
DAX-2026-05-15-001-5.5R.png,88,1791,1,192,203,172,238
DAX-2026-05-19-001-2.1R.png,0,44,0,20,25,20,28
DAX-2026-05-19-001-2.1R.png,1,55,0,24,28,23,28
DAX-2026-05-19-001-2.1R.png,2,107,0,23,28,23,28
DAX-2026-05-19-001-2.1R.png,3,117,0,23,28,21,28
DAX-2026-05-19-001-2.1R.png,4,128,0,23,28,21,28
DAX-2026-05-19-001-2.1R.png,5,159,0,25,28,23,28
DAX-2026-05-19-001-2.1R.png,6,243,1,20,28,20,28
DAX-2026-05-19-001-2.1R.png,7,253,1,20,28,20,28
DAX-2026-05-19-001-2.1R.png,8,285,0,729,730,703,739
DAX-2026-05-19-001-2.1R.png,9,295,0,730,740,730,740
DAX-2026-05-19-001-2.1R.png,10,337,1,663,694,663,694
DAX-2026-05-19-001-2.1R.png,11,347,1,535,663,505,671
DAX-2026-05-19-001-2.1R.png,12,358,1,496,535,496,535
DAX-2026-05-19-001-2.1R.png,13,400,0,439,443,439,443
DAX-2026-05-19-001-2.1R.png,14,410,0,439,452,410,455
DAX-2026-05-19-001-2.1R.png,15,420,0,412,452,412,452
DAX-2026-05-19-001-2.1R.png,16,462,1,298,318,298,318
DAX-2026-05-19-001-2.1R.png,17,473,1,278,298,238,315
DAX-2026-05-19-001-2.1R.png,18,483,0,278,309,278,309
DAX-2026-05-19-001-2.1R.png,19,535,1,265,278,250,281
DAX-2026-05-19-001-2.1R.png,20,546,1,212,265,212,265
DAX-2026-05-19-001-2.1R.png,21,588,0,128,190,128,190
DAX-2026-05-19-001-2.1R.png,22,598,0,190,206,174,206
DAX-2026-05-19-001-2.1R.png,23,609,0,206,221,206,221
DAX-2026-05-19-001-2.1R.png,24,650,0,205,269,205,269
DAX-2026-05-19-001-2.1R.png,25,661,0,269,276,256,288
DAX-2026-05-19-001-2.1R.png,26,671,0,276,331,276,331
DAX-2026-05-19-001-2.1R.png,27,682,0,364,367,331,421
DAX-2026-05-19-001-2.1R.png,28,713,0,470,480,470,480
DAX-2026-05-19-001-2.1R.png,29,724,0,480,494,469,532
DAX-2026-05-19-001-2.1R.png,30,734,0,494,514,494,514
DAX-2026-05-19-001-2.1R.png,31,776,1,573,582,573,582
DAX-2026-05-19-001-2.1R.png,32,786,1,562,573,558,607
DAX-2026-05-19-001-2.1R.png,33,797,1,472,562,472,562
DAX-2026-05-19-001-2.1R.png,34,838,0,366,393,366,393
DAX-2026-05-19-001-2.1R.png,35,859,0,393,403,393,403
DAX-2026-05-19-001-2.1R.png,36,901,0,388,439,388,439
DAX-2026-05-19-001-2.1R.png,37,912,0,439,481,425,484
DAX-2026-05-19-001-2.1R.png,38,922,0,481,544,481,544
DAX-2026-05-19-001-2.1R.png,39,964,1,549,591,549,591
DAX-2026-05-19-001-2.1R.png,40,974,1,489,549,489,555
DAX-2026-05-19-001-2.1R.png,41,985,0,487,489,487,489
DAX-2026-05-19-001-2.1R.png,42,1027,0,408,410,408,410
DAX-2026-05-19-001-2.1R.png,43,1037,1,338,408,327,414
DAX-2026-05-19-001-2.1R.png,44,1047,0,304,338,304,338
DAX-2026-05-19-001-2.1R.png,45,1089,0,311,331,311,331
DAX-2026-05-19-001-2.1R.png,46,1100,1,291,331,283,337
DAX-2026-05-19-001-2.1R.png,47,1110,1,250,291,250,291
DAX-2026-05-19-001-2.1R.png,48,1152,1,227,267,227,267
DAX-2026-05-19-001-2.1R.png,49,1162,0,227,245,212,248
DAX-2026-05-19-001-2.1R.png,50,1173,0,245,249,245,249
DAX-2026-05-19-001-2.1R.png,51,1215,0,210,218,210,218
DAX-2026-05-19-001-2.1R.png,52,1236,0,217,219,217,219
DAX-2026-05-19-001-2.1R.png,53,1277,0,221,227,221,227
DAX-2026-05-19-001-2.1R.png,54,1288,0,225,227,205,248
DAX-2026-05-19-001-2.1R.png,55,1298,0,225,227,225,227
DAX-2026-05-19-001-2.1R.png,56,1340,1,175,203,175,203
DAX-2026-05-19-001-2.1R.png,57,1351,0,175,190,175,202
DAX-2026-05-19-001-2.1R.png,58,1361,0,190,212,190,212
DAX-2026-05-19-001-2.1R.png,59,1403,0,280,283,280,283
DAX-2026-05-19-001-2.1R.png,60,1413,1,217,283,217,292
DAX-2026-05-19-001-2.1R.png,61,1465,1,216,234,216,240
DAX-2026-05-19-001-2.1R.png,62,1476,0,216,223,208,248
DAX-2026-05-19-001-2.1R.png,63,1486,0,223,232,223,232
DAX-2026-05-19-001-2.1R.png,64,1528,1,177,190,177,190
DAX-2026-05-19-001-2.1R.png,65,1539,0,177,225,175,259
DAX-2026-05-19-001-2.1R.png,66,1591,1,359,362,359,362
DAX-2026-05-19-001-2.1R.png,67,1601,0,359,426,349,435
DAX-2026-05-19-001-2.1R.png,68,1612,1,360,426,360,426
DAX-2026-05-19-001-2.1R.png,69,1654,1,269,293,269,293
DAX-2026-05-19-001-2.1R.png,70,1664,1,238,269,225,271
DAX-2026-05-19-001-2.1R.png,71,1674,0,221,238,221,238
DAX-2026-05-19-001-2.1R.png,72,1716,0,272,324,272,324
DAX-2026-05-19-001-2.1R.png,73,1727,1,313,324,309,341
DAX-2026-05-19-001-2.1R.png,74,1737,0,313,331,313,331
DAX-2026-05-19-001-2.1R.png,75,1779,1,423,437,423,437
DAX-2026-05-19-001-2.1R.png,76,1789,1,393,423,392,451
DAX-2026-05-20-001-1.5R.png,0,17,0,345,388,321,388
DAX-2026-05-20-001-1.5R.png,1,37,1,316,388,311,388
DAX-2026-05-20-001-1.5R.png,2,47,0,316,345,302,346
DAX-2026-05-20-001-1.5R.png,3,58,0,345,369,330,370
DAX-2026-05-20-001-1.5R.png,4,68,0,369,371,352,387
DAX-2026-05-20-001-1.5R.png,5,78,0,371,388,352,398
DAX-2026-05-20-001-1.5R.png,6,88,0,388,421,388,439
DAX-2026-05-20-001-1.5R.png,7,98,1,385,421,385,421
DAX-2026-05-20-001-1.5R.png,8,108,0,385,407,380,408
DAX-2026-05-20-001-1.5R.png,9,119,0,407,438,376,439
DAX-2026-05-20-001-1.5R.png,10,129,1,428,438,409,456
DAX-2026-05-20-001-1.5R.png,11,139,0,428,459,428,484
DAX-2026-05-20-001-1.5R.png,12,149,0,459,469,416,469
DAX-2026-05-20-001-1.5R.png,13,159,1,404,469,388,469
DAX-2026-05-20-001-1.5R.png,14,169,0,404,445,404,446
DAX-2026-05-20-001-1.5R.png,15,179,0,445,461,440,472
DAX-2026-05-20-001-1.5R.png,16,190,0,461,490,449,490
DAX-2026-05-20-001-1.5R.png,17,200,0,490,499,483,499
DAX-2026-05-20-001-1.5R.png,18,210,1,473,499,473,499
DAX-2026-05-20-001-1.5R.png,19,220,0,24,25,21,28
DAX-2026-05-20-001-1.5R.png,20,230,1,442,473,442,473
DAX-2026-05-20-001-1.5R.png,21,240,0,442,464,430,467
DAX-2026-05-20-001-1.5R.png,22,251,1,461,464,449,472
DAX-2026-05-20-001-1.5R.png,23,261,1,457,461,449,470
DAX-2026-05-20-001-1.5R.png,24,271,1,452,457,452,470
DAX-2026-05-20-001-1.5R.png,25,281,1,404,452,404,452
DAX-2026-05-20-001-1.5R.png,26,291,1,326,404,326,404
DAX-2026-05-20-001-1.5R.png,27,301,1,319,326,302,332
DAX-2026-05-20-001-1.5R.png,28,312,0,319,321,307,344
DAX-2026-05-20-001-1.5R.png,29,322,0,321,335,319,341
DAX-2026-05-20-001-1.5R.png,30,332,0,335,338,323,341
DAX-2026-05-20-001-1.5R.png,31,352,0,338,342,326,348
DAX-2026-05-20-001-1.5R.png,32,362,1,335,342,331,351
DAX-2026-05-20-001-1.5R.png,33,373,1,316,335,311,372
DAX-2026-05-20-001-1.5R.png,34,383,0,316,417,316,530
DAX-2026-05-20-001-1.5R.png,35,393,0,417,460,386,468
DAX-2026-05-20-001-1.5R.png,36,403,1,441,460,355,460
DAX-2026-05-20-001-1.5R.png,37,413,1,412,441,364,441
DAX-2026-05-20-001-1.5R.png,38,423,0,412,429,393,463
DAX-2026-05-20-001-1.5R.png,39,433,1,405,429,379,447
DAX-2026-05-20-001-1.5R.png,40,444,1,374,405,360,405
DAX-2026-05-20-001-1.5R.png,41,454,1,322,374,319,397
DAX-2026-05-20-001-1.5R.png,42,464,1,250,322,243,322
DAX-2026-05-20-001-1.5R.png,43,474,1,222,250,217,256
DAX-2026-05-20-001-1.5R.png,44,484,0,222,250,219,275
DAX-2026-05-20-001-1.5R.png,45,494,1,222,250,217,283
DAX-2026-05-20-001-1.5R.png,46,505,0,222,272,198,272
DAX-2026-05-20-001-1.5R.png,47,515,0,272,293,250,316
DAX-2026-05-20-001-1.5R.png,48,525,0,293,317,269,328
DAX-2026-05-20-001-1.5R.png,49,545,1,298,317,276,321
DAX-2026-05-20-001-1.5R.png,50,555,0,298,307,260,314
DAX-2026-05-20-001-1.5R.png,51,566,0,307,321,279,321
DAX-2026-05-20-001-1.5R.png,52,586,1,262,269,234,285
DAX-2026-05-20-001-1.5R.png,53,596,1,241,262,203,262
DAX-2026-05-20-001-1.5R.png,54,606,1,165,241,148,241
DAX-2026-05-20-001-1.5R.png,55,616,0,165,193,158,201
DAX-2026-05-20-001-1.5R.png,56,627,1,150,193,138,201
DAX-2026-05-20-001-1.5R.png,57,637,1,112,150,98,152
DAX-2026-05-20-001-1.5R.png,58,647,0,112,136,107,149
DAX-2026-05-20-001-1.5R.png,59,667,1,100,136,98,145
DAX-2026-05-20-001-1.5R.png,60,687,1,81,100,81,128
DAX-2026-05-20-001-1.5R.png,61,698,0,81,110,81,126
DAX-2026-05-20-001-1.5R.png,62,718,0,110,200,105,201
DAX-2026-05-20-001-1.5R.png,63,728,1,179,200,174,201
DAX-2026-05-20-001-1.5R.png,64,738,0,179,227,177,249
DAX-2026-05-20-001-1.5R.png,65,748,0,227,321,222,321
DAX-2026-05-20-001-1.5R.png,66,769,0,307,360,307,368
DAX-2026-05-20-001-1.5R.png,67,779,1,284,360,281,360
DAX-2026-05-20-001-1.5R.png,68,789,1,279,284,279,321
DAX-2026-05-20-001-1.5R.png,69,799,1,212,279,200,279
DAX-2026-05-20-001-1.5R.png,70,809,0,212,265,212,268
DAX-2026-05-20-001-1.5R.png,71,820,1,212,265,207,266
DAX-2026-05-20-001-1.5R.png,72,830,0,212,226,200,242
DAX-2026-05-20-001-1.5R.png,73,840,0,226,234,210,247
DAX-2026-05-20-001-1.5R.png,74,850,0,234,236,226,264
DAX-2026-05-20-001-1.5R.png,75,860,0,236,250,224,250
DAX-2026-05-20-001-1.5R.png,76,870,1,205,250,205,271
DAX-2026-05-20-001-1.5R.png,77,881,0,206,222,206,228
DAX-2026-05-20-001-1.5R.png,78,891,0,222,241,207,242
DAX-2026-05-20-001-1.5R.png,79,901,0,241,300,241,306
DAX-2026-05-20-001-1.5R.png,80,911,0,300,376,300,387
DAX-2026-05-20-001-1.5R.png,81,921,0,376,391,376,425
DAX-2026-05-20-001-1.5R.png,82,931,1,355,391,341,416
DAX-2026-05-20-001-1.5R.png,83,941,0,355,383,347,387
DAX-2026-05-20-001-1.5R.png,84,952,0,383,467,378,467
DAX-2026-05-20-001-1.5R.png,85,962,0,467,486,462,506
DAX-2026-05-20-001-1.5R.png,86,972,1,483,486,474,502
DAX-2026-05-20-001-1.5R.png,87,982,0,483,569,483,575
DAX-2026-05-20-001-1.5R.png,88,992,1,543,569,529,597
DAX-2026-05-20-001-1.5R.png,89,1002,0,543,562,541,604
DAX-2026-05-20-001-1.5R.png,90,1013,1,502,562,479,590
DAX-2026-05-20-001-1.5R.png,91,1023,1,484,502,455,502
DAX-2026-05-20-001-1.5R.png,92,1033,1,460,484,436,494
DAX-2026-05-20-001-1.5R.png,93,1043,0,460,479,460,516
DAX-2026-05-20-001-1.5R.png,94,1053,1,417,479,405,511
DAX-2026-05-20-001-1.5R.png,95,1063,0,417,441,407,447
DAX-2026-05-20-001-1.5R.png,96,1074,0,441,557,426,568
DAX-2026-05-20-001-1.5R.png,97,1084,0,557,626,538,630
DAX-2026-05-20-001-1.5R.png,98,1094,0,626,664,626,711
DAX-2026-05-20-001-1.5R.png,99,1114,0,664,681,638,687
DAX-2026-05-20-001-1.5R.png,100,1124,1,583,681,579,701
DAX-2026-05-20-001-1.5R.png,101,1135,1,576,583,557,583
DAX-2026-05-20-001-1.5R.png,102,1145,0,576,595,550,613
DAX-2026-05-20-001-1.5R.png,103,1155,0,595,612,595,644
DAX-2026-05-20-001-1.5R.png,104,1165,0,612,631,588,640
DAX-2026-05-20-001-1.5R.png,105,1175,1,602,631,588,631
DAX-2026-05-20-001-1.5R.png,106,1185,1,576,602,571,640
DAX-2026-05-20-001-1.5R.png,107,1195,0,576,598,562,601
DAX-2026-05-20-001-1.5R.png,108,1206,0,598,626,598,673
DAX-2026-05-20-001-1.5R.png,109,1216,1,538,626,538,637
DAX-2026-05-20-001-1.5R.png,110,1226,1,481,538,479,578
DAX-2026-05-20-001-1.5R.png,111,1236,1,436,481,426,485
DAX-2026-05-20-001-1.5R.png,112,1246,1,376,436,367,444
DAX-2026-05-20-001-1.5R.png,113,1256,0,376,395,350,395
DAX-2026-05-20-001-1.5R.png,114,1267,1,367,395,360,402
DAX-2026-05-20-001-1.5R.png,115,1277,0,367,369,345,378
DAX-2026-05-20-001-1.5R.png,116,1297,1,184,203,110,203
DAX-2026-05-20-001-1.5R.png,117,1307,0,184,217,141,242
DAX-2026-05-20-001-1.5R.png,118,1317,1,200,217,181,217
DAX-2026-05-20-001-1.5R.png,119,1328,0,200,217,169,226
DAX-2026-05-20-001-1.5R.png,120,1338,1,193,217,165,218
DAX-2026-05-20-001-1.5R.png,121,1348,0,193,196,174,204
DAX-2026-05-20-001-1.5R.png,122,1358,1,177,196,155,197
DAX-2026-05-20-001-1.5R.png,123,1399,0,20,31,20,35
DAX-2026-05-20-001-1.5R.png,124,1409,0,31,55,21,55
DAX-2026-05-20-001-1.5R.png,125,1419,1,29,55,22,66
DAX-2026-05-20-001-1.5R.png,126,1429,1,22,29,21,29
DAX-2026-05-20-001-1.5R.png,127,1439,0,22,24,21,24
DAX-2026-05-21-001-SL.png,0,13,0,30,35,21,35
DAX-2026-05-21-001-SL.png,1,24,0,21,35,21,35
DAX-2026-05-21-001-SL.png,2,44,0,20,25,20,28
DAX-2026-05-21-001-SL.png,3,54,1,25,28,23,28
DAX-2026-05-21-001-SL.png,4,85,0,26,28,23,28
DAX-2026-05-21-001-SL.png,5,105,0,20,74,20,80
DAX-2026-05-21-001-SL.png,6,115,0,74,96,61,96
DAX-2026-05-21-001-SL.png,7,125,1,92,96,83,111
DAX-2026-05-21-001-SL.png,8,135,1,25,95,23,95
DAX-2026-05-21-001-SL.png,9,145,1,83,95,66,98
DAX-2026-05-21-001-SL.png,10,156,1,23,83,23,90
DAX-2026-05-21-001-SL.png,11,166,1,23,82,21,82
DAX-2026-05-21-001-SL.png,12,176,0,82,83,70,85
DAX-2026-05-21-001-SL.png,13,186,0,83,91,66,98
DAX-2026-05-21-001-SL.png,14,196,1,20,91,20,98
DAX-2026-05-21-001-SL.png,15,206,1,57,72,57,77
DAX-2026-05-21-001-SL.png,16,217,1,25,82,21,90
DAX-2026-05-21-001-SL.png,17,227,1,30,82,30,93
DAX-2026-05-21-001-SL.png,18,237,0,20,28,20,35
DAX-2026-05-21-001-SL.png,19,247,0,20,40,20,51
DAX-2026-05-21-001-SL.png,20,257,1,27,44,21,64
DAX-2026-05-21-001-SL.png,21,278,0,20,53,20,53
DAX-2026-05-21-001-SL.png,22,288,0,53,82,53,115
DAX-2026-05-21-001-SL.png,23,298,0,82,83,66,107
DAX-2026-05-21-001-SL.png,24,318,0,83,98,79,111
DAX-2026-05-21-001-SL.png,25,328,0,98,120,96,163
DAX-2026-05-21-001-SL.png,26,339,0,120,148,111,175
DAX-2026-05-21-001-SL.png,27,349,0,148,207,148,267
DAX-2026-05-21-001-SL.png,28,359,0,207,255,203,258
DAX-2026-05-21-001-SL.png,29,379,0,255,259,254,279
DAX-2026-05-21-001-SL.png,30,389,1,253,259,251,271
DAX-2026-05-21-001-SL.png,31,399,1,247,253,232,262
DAX-2026-05-21-001-SL.png,32,410,0,247,251,243,271
DAX-2026-05-21-001-SL.png,33,420,0,251,255,243,267
DAX-2026-05-21-001-SL.png,34,430,0,255,268,238,271
DAX-2026-05-21-001-SL.png,35,440,0,268,277,256,297
DAX-2026-05-21-001-SL.png,36,450,0,277,279,264,284
DAX-2026-05-21-001-SL.png,37,460,0,279,286,264,289
DAX-2026-05-21-001-SL.png,38,471,1,238,286,199,286
DAX-2026-05-21-001-SL.png,39,481,0,238,280,234,280
DAX-2026-05-21-001-SL.png,40,491,0,280,305,275,305
DAX-2026-05-21-001-SL.png,41,501,0,305,424,305,424
DAX-2026-05-21-001-SL.png,42,511,0,424,482,389,526
DAX-2026-05-21-001-SL.png,43,521,1,380,482,370,521
DAX-2026-05-21-001-SL.png,44,532,1,375,380,371,405
DAX-2026-05-21-001-SL.png,45,542,1,325,375,325,392
DAX-2026-05-21-001-SL.png,46,552,0,325,337,297,340
DAX-2026-05-21-001-SL.png,47,562,0,337,351,332,361
DAX-2026-05-21-001-SL.png,48,572,1,328,351,319,366
DAX-2026-05-21-001-SL.png,49,582,0,328,349,328,361
DAX-2026-05-21-001-SL.png,50,593,0,349,368,336,374
DAX-2026-05-21-001-SL.png,51,603,0,368,371,346,371
DAX-2026-05-21-001-SL.png,52,613,1,359,371,338,371
DAX-2026-05-21-001-SL.png,53,633,1,351,359,333,378
DAX-2026-05-21-001-SL.png,54,643,0,351,391,344,403
DAX-2026-05-21-001-SL.png,55,653,1,353,391,342,403
DAX-2026-05-21-001-SL.png,56,674,1,325,353,320,353
DAX-2026-05-21-001-SL.png,57,684,1,253,325,253,326
DAX-2026-05-21-001-SL.png,58,694,1,241,253,232,253
DAX-2026-05-21-001-SL.png,59,704,1,230,241,230,270
DAX-2026-05-21-001-SL.png,60,714,0,230,243,230,261
DAX-2026-05-21-001-SL.png,61,725,0,243,301,238,304
DAX-2026-05-21-001-SL.png,62,735,1,297,301,275,315
DAX-2026-05-21-001-SL.png,63,745,0,297,310,297,326
DAX-2026-05-21-001-SL.png,64,755,0,310,331,310,337
DAX-2026-05-21-001-SL.png,65,765,0,331,354,322,354
DAX-2026-05-21-001-SL.png,66,775,0,356,361,356,363
DAX-2026-05-21-001-SL.png,67,786,0,361,368,356,369
DAX-2026-05-21-001-SL.png,68,796,0,368,407,368,412
DAX-2026-05-21-001-SL.png,69,806,0,407,409,398,419
DAX-2026-05-21-001-SL.png,70,816,1,398,409,394,423
DAX-2026-05-21-001-SL.png,71,836,1,374,398,374,410
DAX-2026-05-21-001-SL.png,72,857,0,217,221,135,231
DAX-2026-05-21-001-SL.png,73,867,0,221,228,202,237
DAX-2026-05-21-001-SL.png,74,877,1,221,228,215,240
DAX-2026-05-21-001-SL.png,75,887,0,221,247,200,248
DAX-2026-05-21-001-SL.png,76,897,0,247,249,228,252
DAX-2026-05-21-001-SL.png,77,907,1,240,249,232,268
DAX-2026-05-21-001-SL.png,78,918,1,234,240,223,248
DAX-2026-05-21-001-SL.png,79,928,0,234,243,234,276
DAX-2026-05-21-001-SL.png,80,948,1,225,243,210,243
DAX-2026-05-21-001-SL.png,81,958,1,184,225,184,229
DAX-2026-05-21-001-SL.png,82,968,0,184,195,184,216
DAX-2026-05-21-001-SL.png,83,979,0,195,221,195,233
DAX-2026-05-21-001-SL.png,84,989,0,221,240,210,252
DAX-2026-05-21-001-SL.png,85,1019,1,228,241,223,259
DAX-2026-05-21-001-SL.png,86,1029,1,221,228,219,233
DAX-2026-05-21-001-SL.png,87,1040,0,221,245,213,245
DAX-2026-05-21-001-SL.png,88,1050,0,245,260,243,283
DAX-2026-05-21-001-SL.png,89,1060,0,260,273,253,276
DAX-2026-05-21-001-SL.png,90,1070,0,273,357,264,357
DAX-2026-05-21-001-SL.png,91,1080,0,357,379,355,382
DAX-2026-05-21-001-SL.png,92,1090,0,379,428,379,436
DAX-2026-05-21-001-SL.png,93,1101,0,428,439,428,457
DAX-2026-05-21-001-SL.png,94,1111,1,404,439,400,445
DAX-2026-05-21-001-SL.png,95,1121,0,404,441,402,455
DAX-2026-05-21-001-SL.png,96,1131,0,441,450,437,466
DAX-2026-05-21-001-SL.png,97,1141,0,450,463,450,483
DAX-2026-05-21-001-SL.png,98,1151,1,428,463,428,477
DAX-2026-05-21-001-SL.png,99,1161,0,428,430,420,455
DAX-2026-05-21-001-SL.png,100,1172,1,422,430,420,432
DAX-2026-05-21-001-SL.png,101,1182,0,422,437,420,440
DAX-2026-05-21-001-SL.png,102,1192,1,433,437,424,468
DAX-2026-05-21-001-SL.png,103,1212,1,417,433,413,451
DAX-2026-05-21-001-SL.png,104,1222,1,394,417,383,417
DAX-2026-05-21-001-SL.png,105,1233,0,394,404,385,419
DAX-2026-05-21-001-SL.png,106,1243,1,323,404,323,471
DAX-2026-05-21-001-SL.png,107,1253,1,276,323,256,324
DAX-2026-05-21-001-SL.png,108,1263,1,211,276,189,288
DAX-2026-05-21-001-SL.png,109,1273,0,211,213,185,262
DAX-2026-05-21-001-SL.png,110,1283,0,213,282,202,320
DAX-2026-05-21-001-SL.png,111,1294,0,280,282,267,305
DAX-2026-05-21-001-SL.png,112,1304,0,280,310,280,348
DAX-2026-05-21-001-SL.png,113,1314,1,228,310,224,310
DAX-2026-05-21-001-SL.png,114,1324,0,228,306,228,348
DAX-2026-05-21-001-SL.png,115,1334,1,302,306,284,329
DAX-2026-05-21-001-SL.png,116,1344,0,302,327,295,367
DAX-2026-05-21-001-SL.png,117,1355,0,327,338,327,372
DAX-2026-05-21-001-SL.png,118,1365,1,317,338,297,338
DAX-2026-05-21-001-SL.png,119,1375,0,317,366,310,380
DAX-2026-05-21-001-SL.png,120,1385,0,366,379,360,389
DAX-2026-05-21-001-SL.png,121,1395,0,379,425,353,445
DAX-2026-05-21-001-SL.png,122,1405,0,425,494,425,525
DAX-2026-05-21-001-SL.png,123,1415,0,494,517,494,542
DAX-2026-05-21-001-SL.png,124,1426,0,517,528,457,538
DAX-2026-05-21-001-SL.png,125,1436,1,461,528,461,529
DAX-2026-05-21-001-SL.png,126,1446,1,446,461,422,512
DAX-2026-05-21-001-SL.png,127,1456,1,407,446,394,447
DAX-2026-05-21-001-SL.png,128,1466,0,407,453,407,456
DAX-2026-05-21-001-SL.png,129,1476,1,420,453,403,478
DAX-2026-05-21-001-SL.png,130,1487,0,420,444,403,444
DAX-2026-05-21-001-SL.png,131,1497,0,444,530,442,555
DAX-2026-05-21-001-SL.png,132,1507,0,530,608,522,608
DAX-2026-05-21-001-SL.png,133,1517,0,608,651,591,661
DAX-2026-05-21-001-SL.png,134,1527,1,617,651,584,663
DAX-2026-05-21-001-SL.png,135,1537,0,617,694,617,719
DAX-2026-05-21-001-SL.png,136,1548,1,636,694,582,694
DAX-2026-05-21-001-SL.png,137,1558,1,604,636,601,644
DAX-2026-05-21-001-SL.png,138,1568,1,601,604,563,616
DAX-2026-05-21-001-SL.png,139,1578,1,571,601,567,648
DAX-2026-05-21-001-SL.png,140,1588,1,539,571,532,572
DAX-2026-05-21-001-SL.png,141,1598,1,506,539,494,549
DAX-2026-05-21-001-SL.png,142,1609,1,450,506,448,506
DAX-2026-05-21-001-SL.png,143,1619,0,450,474,448,499
DAX-2026-05-21-001-SL.png,144,1629,1,453,474,435,482
DAX-2026-05-21-001-SL.png,145,1639,1,437,453,407,462
DAX-2026-05-21-001-SL.png,146,1649,0,437,444,435,482
DAX-2026-05-21-001-SL.png,147,1659,1,405,444,384,445
DAX-2026-05-21-001-SL.png,148,1669,1,388,405,386,408
DAX-2026-05-21-001-SL.png,149,1680,1,368,388,362,413
DAX-2026-05-21-001-SL.png,150,1690,0,368,379,353,393
DAX-2026-05-21-001-SL.png,151,1700,1,325,379,325,393
DAX-2026-05-21-001-SL.png,152,1710,1,252,325,252,335
DAX-2026-05-21-001-SL.png,153,1720,1,241,252,239,262
DAX-2026-05-21-001-SL.png,154,1741,1,174,241,172,247
DAX-2026-05-21-001-SL.png,155,1751,0,174,181,159,195
DAX-2026-05-21-001-SL.png,156,1761,1,172,181,163,206
DAX-2026-05-21-001-SL.png,157,1771,1,155,172,148,173
DAX-2026-05-21-001-SL.png,158,1781,0,155,183,140,186
DAX-2026-05-21-001-SL.png,159,1791,0,183,233,183,236
DAX-2026-05-22-001-1R.png,0,16,0,324,353,287,353
DAX-2026-05-22-001-1R.png,1,36,0,353,388,345,394
DAX-2026-05-22-001-1R.png,2,46,0,388,416,377,426
DAX-2026-05-22-001-1R.png,3,56,1,366,416,366,426
DAX-2026-05-22-001-1R.png,4,66,0,366,385,366,395
DAX-2026-05-22-001-1R.png,5,76,1,319,385,308,385
DAX-2026-05-22-001-1R.png,6,86,1,271,319,271,319
DAX-2026-05-22-001-1R.png,7,106,0,271,343,271,343
DAX-2026-05-22-001-1R.png,8,116,0,343,353,300,363
DAX-2026-05-22-001-1R.png,9,126,1,311,353,271,353
DAX-2026-05-22-001-1R.png,10,135,0,311,332,292,363
DAX-2026-05-22-001-1R.png,11,145,1,311,332,311,332
DAX-2026-05-22-001-1R.png,12,155,0,311,321,300,342
DAX-2026-05-22-001-1R.png,13,165,0,23,28,21,28
DAX-2026-05-22-001-1R.png,14,175,1,269,311,258,331
DAX-2026-05-22-001-1R.png,15,185,0,269,311,258,311
DAX-2026-05-22-001-1R.png,16,205,0,311,364,311,395
DAX-2026-05-22-001-1R.png,17,215,0,364,438,364,479
DAX-2026-05-22-001-1R.png,18,225,0,438,456,435,479
DAX-2026-05-22-001-1R.png,19,235,0,456,564,430,564
DAX-2026-05-22-001-1R.png,20,245,1,490,564,480,564
DAX-2026-05-22-001-1R.png,21,255,1,480,490,480,553
DAX-2026-05-22-001-1R.png,22,265,0,480,501,480,564
DAX-2026-05-22-001-1R.png,23,275,0,501,522,491,532
DAX-2026-05-22-001-1R.png,24,285,0,522,543,440,564
DAX-2026-05-22-001-1R.png,25,305,1,501,543,501,564
DAX-2026-05-22-001-1R.png,26,315,0,501,512,501,564
DAX-2026-05-22-001-1R.png,27,325,1,491,512,448,532
DAX-2026-05-22-001-1R.png,28,335,1,470,491,448,491
DAX-2026-05-22-001-1R.png,29,345,1,417,470,385,470
DAX-2026-05-22-001-1R.png,30,355,1,395,417,303,417
DAX-2026-05-22-001-1R.png,31,375,1,364,396,345,416
DAX-2026-05-22-001-1R.png,32,384,0,364,385,364,395
DAX-2026-05-22-001-1R.png,33,394,0,385,406,353,406
DAX-2026-05-22-001-1R.png,34,404,1,353,406,332,406
DAX-2026-05-22-001-1R.png,35,414,1,269,353,258,353
DAX-2026-05-22-001-1R.png,36,434,0,269,322,250,331
DAX-2026-05-22-001-1R.png,37,444,0,322,335,300,373
DAX-2026-05-22-001-1R.png,38,454,0,335,430,335,490
DAX-2026-05-22-001-1R.png,39,464,0,430,477,430,500
DAX-2026-05-22-001-1R.png,40,474,1,351,477,351,477
DAX-2026-05-22-001-1R.png,41,484,0,351,398,345,398
DAX-2026-05-22-001-1R.png,42,494,1,364,398,335,405
DAX-2026-05-22-001-1R.png,43,504,0,364,374,353,384
DAX-2026-05-22-001-1R.png,44,514,1,342,374,342,416
DAX-2026-05-22-001-1R.png,45,524,0,342,398,324,416
DAX-2026-05-22-001-1R.png,46,534,0,398,459,393,459
DAX-2026-05-22-001-1R.png,47,544,0,459,467,430,500
DAX-2026-05-22-001-1R.png,48,564,0,467,499,467,550
DAX-2026-05-22-001-1R.png,49,574,0,499,520,499,550
DAX-2026-05-22-001-1R.png,50,584,1,483,520,467,542
DAX-2026-05-22-001-1R.png,51,594,1,425,483,425,500
DAX-2026-05-22-001-1R.png,52,604,0,425,427,387,447
DAX-2026-05-22-001-1R.png,53,614,0,427,535,382,545
DAX-2026-05-22-001-1R.png,54,633,1,343,377,335,394
DAX-2026-05-22-001-1R.png,55,653,0,343,353,292,363
DAX-2026-05-22-001-1R.png,56,673,1,332,353,303,353
DAX-2026-05-22-001-1R.png,57,683,0,332,343,303,343
DAX-2026-05-22-001-1R.png,58,693,1,322,343,292,343
DAX-2026-05-22-001-1R.png,59,703,1,239,322,239,331
DAX-2026-05-22-001-1R.png,60,713,1,195,239,108,239
DAX-2026-05-22-001-1R.png,61,733,0,195,205,165,224
DAX-2026-05-22-001-1R.png,62,743,0,205,237,195,237
DAX-2026-05-22-001-1R.png,63,753,0,237,279,226,279
DAX-2026-05-22-001-1R.png,64,763,0,279,332,250,342
DAX-2026-05-22-001-1R.png,65,773,0,332,342,314,342
DAX-2026-05-22-001-1R.png,66,793,1,311,321,303,321
DAX-2026-05-22-001-1R.png,67,803,1,292,311,292,311
DAX-2026-05-22-001-1R.png,68,813,0,292,308,277,323
DAX-2026-05-22-001-1R.png,69,833,1,293,308,292,321
DAX-2026-05-22-001-1R.png,70,843,0,293,311,282,321
DAX-2026-05-22-001-1R.png,71,853,1,229,311,218,311
DAX-2026-05-22-001-1R.png,72,863,0,229,398,229,413
DAX-2026-05-22-001-1R.png,73,882,1,377,398,344,413
DAX-2026-05-22-001-1R.png,74,892,1,364,377,344,405
DAX-2026-05-22-001-1R.png,75,902,0,364,395,356,416
DAX-2026-05-22-001-1R.png,76,922,1,374,395,374,415
DAX-2026-05-22-001-1R.png,77,932,1,364,374,344,405
DAX-2026-05-22-001-1R.png,78,942,1,300,364,300,364
DAX-2026-05-22-001-1R.png,79,952,0,300,321,290,321
DAX-2026-05-22-001-1R.png,80,962,1,311,321,311,321
DAX-2026-05-22-001-1R.png,81,972,1,300,311,300,342
DAX-2026-05-22-001-1R.png,82,982,1,269,300,237,320
DAX-2026-05-22-001-1R.png,83,992,0,269,276,240,320
DAX-2026-05-22-001-1R.png,84,1002,0,276,292,276,307
DAX-2026-05-22-001-1R.png,85,1012,0,292,319,292,342
DAX-2026-05-22-001-1R.png,86,1022,0,319,430,298,479
DAX-2026-05-22-001-1R.png,87,1032,1,427,430,382,458
DAX-2026-05-22-001-1R.png,88,1042,0,427,438,366,438
DAX-2026-05-22-001-1R.png,89,1052,0,438,501,419,511
DAX-2026-05-22-001-1R.png,90,1062,0,501,522,483,542
DAX-2026-05-22-001-1R.png,91,1082,0,522,533,522,542
DAX-2026-05-22-001-1R.png,92,1092,1,522,533,504,533
DAX-2026-05-22-001-1R.png,93,1102,1,493,522,483,522
DAX-2026-05-22-001-1R.png,94,1112,0,493,546,493,585
DAX-2026-05-22-001-1R.png,95,1122,0,546,575,546,606
DAX-2026-05-22-001-1R.png,96,1131,1,522,575,483,575
DAX-2026-05-22-001-1R.png,97,1151,1,469,522,451,522
DAX-2026-05-22-001-1R.png,98,1161,0,469,480,419,480
DAX-2026-05-22-001-1R.png,99,1181,1,459,480,430,480
DAX-2026-05-22-001-1R.png,100,1191,1,438,459,427,479
DAX-2026-05-22-001-1R.png,101,1201,0,438,459,419,468
DAX-2026-05-22-001-1R.png,102,1221,1,374,459,356,459
DAX-2026-05-22-001-1R.png,103,1231,1,364,374,298,374
DAX-2026-05-22-001-1R.png,104,1251,0,187,250,187,321
DAX-2026-05-22-001-1R.png,105,1261,0,250,269,248,289
DAX-2026-05-22-001-1R.png,106,1271,1,237,269,226,321
DAX-2026-05-22-001-1R.png,107,1281,1,226,237,205,268
DAX-2026-05-22-001-1R.png,108,1301,1,216,226,205,246
DAX-2026-05-22-001-1R.png,109,1311,1,184,216,163,236
DAX-2026-05-22-001-1R.png,110,1321,1,152,184,110,184
DAX-2026-05-22-001-1R.png,111,1331,0,152,174,152,215
DAX-2026-05-22-001-1R.png,112,1341,0,174,195,152,215
DAX-2026-05-22-001-1R.png,113,1351,0,195,237,174,237
DAX-2026-05-22-001-1R.png,114,1361,0,237,269,237,289
DAX-2026-05-22-001-1R.png,115,1390,1,237,269,160,269
DAX-2026-05-22-001-1R.png,116,1400,1,145,237,134,237
DAX-2026-05-22-001-1R.png,117,1410,0,145,152,121,194
DAX-2026-05-22-001-1R.png,118,1420,0,152,345,70,345
DAX-2026-05-22-001-1R.png,119,1430,1,303,345,303,437
DAX-2026-05-22-001-1R.png,120,1440,0,303,409,298,471
DAX-2026-05-22-001-1R.png,121,1450,0,409,459,396,490
DAX-2026-05-22-001-1R.png,122,1460,0,459,480,440,480
DAX-2026-05-22-001-1R.png,123,1470,0,480,533,472,542
DAX-2026-05-22-001-1R.png,124,1480,1,522,533,512,542
DAX-2026-05-22-001-1R.png,125,1490,1,512,522,493,532
DAX-2026-05-22-001-1R.png,126,1500,1,469,512,440,521
DAX-2026-05-22-001-1R.png,127,1510,0,469,501,451,501
DAX-2026-05-22-001-1R.png,128,1520,1,480,501,469,501
DAX-2026-05-22-001-1R.png,129,1530,0,480,491,480,491
DAX-2026-05-22-001-1R.png,130,1540,1,480,491,469,500
DAX-2026-05-22-001-1R.png,131,1550,0,480,491,469,500
DAX-2026-05-22-001-1R.png,132,1570,0,491,501,472,501
DAX-2026-05-22-001-1R.png,133,1580,1,491,501,472,501
DAX-2026-05-22-001-1R.png,134,1600,0,491,533,488,553
DAX-2026-05-22-001-1R.png,135,1620,0,282,427,245,427
DAX-2026-05-22-001-1R.png,136,1629,0,427,459,414,459
DAX-2026-05-22-001-1R.png,137,1639,1,353,459,345,459
DAX-2026-05-22-001-1R.png,138,1649,0,353,364,332,364
DAX-2026-05-22-001-1R.png,139,1659,1,321,364,311,364
DAX-2026-05-22-001-1R.png,140,1669,0,321,353,300,353
DAX-2026-05-22-001-1R.png,141,1679,1,321,353,321,353
DAX-2026-05-22-001-1R.png,142,1689,1,308,321,218,321
DAX-2026-05-22-001-1R.png,143,1699,0,308,332,282,342
DAX-2026-05-22-001-1R.png,144,1709,0,332,353,321,353
DAX-2026-05-22-001-1R.png,145,1719,1,332,353,282,353
DAX-2026-05-22-001-1R.png,146,1729,1,282,332,282,342
DAX-2026-05-22-001-1R.png,147,1749,1,269,282,229,289
DAX-2026-05-22-001-1R.png,148,1759,1,237,269,187,269
DAX-2026-05-22-001-1R.png,149,1779,0,237,247,216,247
DAX-2026-05-22-001-1R.png,150,1789,0,247,269,247,289
DAX-2026-05-26-001-3.8R.png,0,44,0,20,25,20,28
DAX-2026-05-26-001-3.8R.png,1,55,0,24,28,23,28
DAX-2026-05-26-001-3.8R.png,2,88,0,23,28,23,28
DAX-2026-05-26-001-3.8R.png,3,132,0,23,28,23,28
DAX-2026-05-26-001-3.8R.png,4,164,0,23,28,23,28
DAX-2026-05-26-001-3.8R.png,5,197,1,20,24,20,28
DAX-2026-05-26-001-3.8R.png,6,219,0,24,25,21,28
DAX-2026-05-26-001-3.8R.png,7,241,1,20,28,20,28
DAX-2026-05-28-001-12.9R.png,0,26,0,384,407,324,415
DAX-2026-05-28-001-12.9R.png,1,48,0,24,25,21,27
DAX-2026-05-28-001-12.9R.png,2,59,1,360,416,356,423
DAX-2026-05-28-001-12.9R.png,3,70,0,360,368,360,368
DAX-2026-05-28-001-12.9R.png,4,92,0,377,447,377,451
DAX-2026-05-28-001-12.9R.png,5,124,0,404,424,395,427
DAX-2026-05-28-001-12.9R.png,6,135,1,25,28,23,28
DAX-2026-05-28-001-12.9R.png,7,157,0,441,460,435,460
DAX-2026-05-28-001-12.9R.png,8,168,0,505,531,505,531
DAX-2026-05-28-001-12.9R.png,9,179,0,565,576,505,576
DAX-2026-05-28-001-12.9R.png,10,190,0,565,578,558,589
DAX-2026-05-28-001-12.9R.png,11,222,0,445,451,435,462
DAX-2026-05-28-001-12.9R.png,12,233,1,20,28,20,28
DAX-2026-05-28-001-12.9R.png,13,255,0,600,617,590,617
DAX-2026-05-28-001-12.9R.png,14,266,0,549,589,549,589
DAX-2026-05-28-001-12.9R.png,15,277,0,561,589,561,589
DAX-2026-05-28-001-12.9R.png,16,288,0,610,625,610,644
DAX-2026-05-28-001-12.9R.png,17,320,1,598,617,598,617
DAX-2026-05-28-001-12.9R.png,18,353,1,570,584,564,588
DAX-2026-05-28-001-12.9R.png,19,375,0,524,533,505,533
DAX-2026-05-28-001-12.9R.png,20,386,1,487,524,487,527
DAX-2026-05-28-001-12.9R.png,21,418,1,420,437,401,439
DAX-2026-05-28-001-12.9R.png,22,440,0,452,460,452,460
DAX-2026-05-28-001-12.9R.png,23,451,0,480,501,477,523
DAX-2026-05-28-001-12.9R.png,24,473,0,532,540,532,540
DAX-2026-05-28-001-12.9R.png,25,516,1,453,465,421,465
DAX-2026-05-28-001-12.9R.png,26,549,0,469,480,449,484
DAX-2026-05-28-001-12.9R.png,27,582,0,499,539,499,539
DAX-2026-05-28-001-12.9R.png,28,614,1,477,481,477,516
DAX-2026-05-28-001-12.9R.png,29,636,0,432,448,411,448
DAX-2026-05-28-001-12.9R.png,30,647,1,429,432,417,447
DAX-2026-05-28-001-12.9R.png,31,680,1,485,497,483,523
DAX-2026-05-28-001-12.9R.png,32,712,1,339,357,320,357
DAX-2026-05-28-001-12.9R.png,33,745,1,178,298,158,314
DAX-2026-05-28-001-12.9R.png,34,778,0,111,128,107,142
DAX-2026-05-28-001-12.9R.png,35,810,1,35,65,29,77
DAX-2026-05-28-001-12.9R.png,36,843,1,39,59,35,59
DAX-2026-05-28-001-12.9R.png,37,876,0,45,51,45,58
DAX-2026-05-28-001-12.9R.png,38,908,0,55,71,51,74
DAX-2026-05-28-001-12.9R.png,39,930,0,69,71,62,71
DAX-2026-05-28-001-12.9R.png,40,941,1,51,69,21,69
DAX-2026-05-28-001-12.9R.png,41,974,0,71,99,71,106
DAX-2026-05-28-001-12.9R.png,42,1006,0,93,101,91,110
DAX-2026-05-28-001-12.9R.png,43,1181,0,29,57,23,70
DAX-2026-06-01-001-4.7R.png,0,24,1,571,583,571,589
DAX-2026-06-01-001-4.7R.png,1,35,0,571,580,571,589
DAX-2026-06-01-001-4.7R.png,2,45,0,582,594,580,594
DAX-2026-06-01-001-4.7R.png,3,55,0,582,603,580,611
DAX-2026-06-01-001-4.7R.png,4,76,0,580,592,580,592
DAX-2026-06-01-001-4.7R.png,5,86,0,534,545,527,554
DAX-2026-06-01-001-4.7R.png,6,107,0,23,28,23,28
DAX-2026-06-01-001-4.7R.png,7,117,0,482,529,475,529
DAX-2026-06-01-001-4.7R.png,8,128,0,23,28,21,28
DAX-2026-06-01-001-4.7R.png,9,148,0,446,461,446,489
DAX-2026-06-01-001-4.7R.png,10,159,0,25,28,23,28
DAX-2026-06-01-001-4.7R.png,11,169,0,438,448,438,448
DAX-2026-06-01-001-4.7R.png,12,179,0,482,490,468,491
DAX-2026-06-01-001-4.7R.png,13,190,0,473,483,473,483
DAX-2026-06-01-001-4.7R.png,14,200,0,457,483,457,483
DAX-2026-06-01-001-4.7R.png,15,210,1,494,501,483,502
DAX-2026-06-01-001-4.7R.png,16,242,0,439,476,432,476
DAX-2026-06-01-001-4.7R.png,17,273,0,392,411,371,414
DAX-2026-06-01-001-4.7R.png,18,304,0,448,476,441,477
DAX-2026-06-01-001-4.7R.png,19,324,0,497,499,483,499
DAX-2026-06-01-001-4.7R.png,20,335,1,494,497,476,505
DAX-2026-06-01-001-4.7R.png,21,366,0,557,617,555,618
DAX-2026-06-01-001-4.7R.png,22,376,0,573,597,573,597
DAX-2026-06-01-001-4.7R.png,23,386,0,597,605,597,605
DAX-2026-06-01-001-4.7R.png,24,397,0,590,606,587,618
DAX-2026-06-01-001-4.7R.png,25,407,0,582,597,582,597
DAX-2026-06-01-001-4.7R.png,26,428,0,655,680,655,697
DAX-2026-06-01-001-4.7R.png,27,459,0,626,659,619,668
DAX-2026-06-01-001-4.7R.png,28,469,0,636,638,636,638
DAX-2026-06-01-001-4.7R.png,29,490,1,594,617,582,617
DAX-2026-06-01-001-4.7R.png,30,531,0,506,508,506,508
DAX-2026-06-01-001-4.7R.png,31,542,0,513,515,508,515
DAX-2026-06-01-001-4.7R.png,32,552,0,513,539,513,542
DAX-2026-06-01-001-4.7R.png,33,583,0,513,534,510,537
DAX-2026-06-01-001-4.7R.png,34,614,1,432,441,431,441
DAX-2026-06-01-001-4.7R.png,35,624,0,443,461,443,461
DAX-2026-06-01-001-4.7R.png,36,635,0,443,454,443,454
DAX-2026-06-01-001-4.7R.png,37,645,1,424,429,418,437
DAX-2026-06-01-001-4.7R.png,38,707,0,438,441,434,456
DAX-2026-06-01-001-4.7R.png,39,738,0,387,403,373,417
DAX-2026-06-01-001-4.7R.png,40,769,1,334,357,325,370
DAX-2026-06-01-001-4.7R.png,41,780,0,288,292,288,292
DAX-2026-06-01-001-4.7R.png,42,800,0,248,299,239,301
DAX-2026-06-01-001-4.7R.png,43,821,0,348,376,339,376
DAX-2026-06-01-001-4.7R.png,44,831,1,327,348,327,372
DAX-2026-06-01-001-4.7R.png,45,863,0,397,418,390,419
DAX-2026-06-01-001-4.7R.png,46,894,0,478,487,478,496
DAX-2026-06-01-001-4.7R.png,47,925,0,434,438,434,460
DAX-2026-06-01-001-4.7R.png,48,956,0,487,497,482,497
DAX-2026-06-01-001-4.7R.png,49,987,0,429,459,427,467
DAX-2026-06-01-001-4.7R.png,50,997,0,439,446,439,446
DAX-2026-06-01-001-4.7R.png,51,1018,0,394,408,387,419
DAX-2026-06-01-001-4.7R.png,52,1028,0,418,427,418,427
DAX-2026-06-01-001-4.7R.png,53,1049,1,338,366,338,366
DAX-2026-06-01-001-4.7R.png,54,1080,0,267,287,267,302
DAX-2026-06-01-001-4.7R.png,55,1111,0,338,352,324,352
DAX-2026-06-01-001-4.7R.png,56,1142,0,325,329,317,333
DAX-2026-06-01-001-4.7R.png,57,1173,1,295,306,290,314
DAX-2026-06-01-001-4.7R.png,58,1183,0,285,295,285,310
DAX-2026-06-01-001-4.7R.png,59,1204,1,269,292,269,309
DAX-2026-06-01-001-4.7R.png,60,1235,0,245,260,229,263
DAX-2026-06-01-001-4.7R.png,61,1266,0,259,287,255,287
DAX-2026-06-01-001-4.7R.png,62,1287,0,343,353,327,353
DAX-2026-06-01-001-4.7R.png,63,1297,1,313,343,311,343
DAX-2026-06-01-001-4.7R.png,64,1318,0,339,348,339,348
DAX-2026-06-01-001-4.7R.png,65,1328,0,301,304,287,304
DAX-2026-06-01-001-4.7R.png,66,1359,1,206,227,199,240
DAX-2026-06-01-001-4.7R.png,67,1370,0,241,243,241,243
DAX-2026-06-01-001-4.7R.png,68,1380,0,232,241,232,241
DAX-2026-06-01-001-4.7R.png,69,1390,0,264,267,259,277
DAX-2026-06-01-001-4.7R.png,70,1401,0,243,267,243,276
DAX-2026-06-01-001-4.7R.png,71,1421,1,211,246,209,247
DAX-2026-06-01-001-4.7R.png,72,1432,0,238,239,238,239
DAX-2026-06-01-001-4.7R.png,73,1442,0,229,238,229,238
DAX-2026-06-01-001-4.7R.png,74,1452,1,206,243,206,252
DAX-2026-06-01-001-4.7R.png,75,1484,1,113,152,108,158
DAX-2026-06-01-001-4.7R.png,76,1504,0,60,88,60,88
DAX-2026-06-01-001-4.7R.png,77,1515,0,92,130,76,137
DAX-2026-06-01-001-4.7R.png,78,1525,0,125,127,125,127
DAX-2026-06-01-001-4.7R.png,79,1546,0,155,174,146,186
DAX-2026-06-01-001-4.7R.png,80,1577,0,204,245,202,251
DAX-2026-06-01-001-4.7R.png,81,1608,0,373,385,357,400
DAX-2026-06-01-001-4.7R.png,82,1639,0,406,733,401,740
DAX-2026-06-02-001-10R.png,0,22,0,137,160,137,214
DAX-2026-06-02-001-10R.png,1,32,0,280,297,214,297
DAX-2026-06-02-001-10R.png,2,42,1,243,280,225,287
DAX-2026-06-02-001-10R.png,3,52,0,23,28,23,28
DAX-2026-06-02-001-10R.png,4,72,0,200,220,200,276
DAX-2026-06-02-001-10R.png,5,83,0,234,277,206,281
DAX-2026-06-02-001-10R.png,6,103,0,280,294,280,294
DAX-2026-06-02-001-10R.png,7,113,0,302,314,288,336
DAX-2026-06-02-001-10R.png,8,133,0,414,439,408,439
DAX-2026-06-02-001-10R.png,9,143,1,396,414,385,495
DAX-2026-06-02-001-10R.png,10,154,1,302,328,294,341
DAX-2026-06-02-001-10R.png,11,164,0,23,28,23,28
DAX-2026-06-02-001-10R.png,12,184,1,183,188,151,219
DAX-2026-06-02-001-10R.png,13,204,0,126,143,126,143
DAX-2026-06-02-001-10R.png,14,225,1,30,123,30,133
DAX-2026-06-02-001-10R.png,15,255,1,231,243,200,253
DAX-2026-06-02-001-10R.png,16,296,0,206,208,197,216
DAX-2026-06-02-001-10R.png,17,306,0,208,217,208,217
DAX-2026-06-02-001-10R.png,18,326,1,117,140,114,145
DAX-2026-06-02-001-10R.png,19,337,0,151,166,140,193
DAX-2026-06-02-001-10R.png,20,357,0,149,157,146,157
DAX-2026-06-02-001-10R.png,21,367,1,106,149,103,156
DAX-2026-06-02-001-10R.png,22,377,0,72,83,72,83
DAX-2026-06-02-001-10R.png,23,397,1,77,89,74,93
DAX-2026-06-02-001-10R.png,24,408,0,134,156,134,156
DAX-2026-06-02-001-10R.png,25,438,0,143,157,111,157
DAX-2026-06-02-001-10R.png,26,479,0,262,280,245,293
DAX-2026-06-02-001-10R.png,27,509,0,197,206,183,210
DAX-2026-06-02-001-10R.png,28,550,0,160,188,158,193
DAX-2026-06-02-001-10R.png,29,560,0,180,188,180,188
DAX-2026-06-02-001-10R.png,30,580,1,220,245,214,253
DAX-2026-06-02-001-10R.png,31,601,0,214,223,214,260
DAX-2026-06-02-001-10R.png,32,611,0,302,308,260,308
DAX-2026-06-02-001-10R.png,33,621,0,302,337,302,364
DAX-2026-06-02-001-10R.png,34,631,0,322,334,322,334
DAX-2026-06-02-001-10R.png,35,641,0,385,391,334,391
DAX-2026-06-02-001-10R.png,36,651,1,374,385,356,390
DAX-2026-06-02-001-10R.png,37,662,0,391,431,391,452
DAX-2026-06-02-001-10R.png,38,692,0,382,411,379,418
DAX-2026-06-02-001-10R.png,39,712,0,468,470,451,470
DAX-2026-06-02-001-10R.png,40,733,1,368,411,362,418
DAX-2026-06-02-001-10R.png,41,753,0,436,445,436,445
DAX-2026-06-02-001-10R.png,42,763,1,385,425,382,444
DAX-2026-06-02-001-10R.png,43,784,0,320,334,320,362
DAX-2026-06-02-001-10R.png,44,804,0,402,433,382,441
DAX-2026-06-02-001-10R.png,45,824,0,533,544,533,544
DAX-2026-06-02-001-10R.png,46,834,0,496,513,482,541
DAX-2026-06-02-001-10R.png,47,845,0,496,519,490,521
DAX-2026-06-02-001-10R.png,48,875,0,448,530,448,532
DAX-2026-06-02-001-10R.png,49,885,0,533,547,533,547
DAX-2026-06-02-001-10R.png,50,905,0,505,525,502,529
DAX-2026-06-02-001-10R.png,51,916,1,510,513,510,541
DAX-2026-06-02-001-10R.png,52,926,0,513,539,513,539
DAX-2026-06-02-001-10R.png,53,946,0,459,490,453,490
DAX-2026-06-02-001-10R.png,54,987,1,550,567,550,575
DAX-2026-06-02-001-10R.png,55,997,0,564,567,564,567
DAX-2026-06-02-001-10R.png,56,1017,1,508,550,508,555
DAX-2026-06-02-001-10R.png,57,1027,0,468,476,459,489
DAX-2026-06-02-001-10R.png,58,1048,0,385,402,385,402
DAX-2026-06-02-001-10R.png,59,1058,1,408,442,394,442
DAX-2026-06-02-001-10R.png,60,1078,0,505,527,505,527
DAX-2026-06-02-001-10R.png,61,1088,0,559,584,527,584
DAX-2026-06-02-001-10R.png,62,1099,0,528,562,522,562
DAX-2026-06-02-001-10R.png,63,1109,0,622,659,622,659
DAX-2026-06-02-001-10R.png,64,1129,1,539,573,533,586
DAX-2026-06-02-001-10R.png,65,1139,0,519,527,519,527
DAX-2026-06-02-001-10R.png,66,1149,0,587,647,527,647
DAX-2026-06-02-001-10R.png,67,1159,0,587,599,573,609
DAX-2026-06-02-001-10R.png,68,1170,0,573,596,573,598
DAX-2026-06-02-001-10R.png,69,1180,0,562,596,562,624
DAX-2026-06-02-001-10R.png,70,1190,0,684,690,624,690
DAX-2026-06-02-001-10R.png,71,1200,0,684,695,678,714
DAX-2026-06-02-001-10R.png,72,1241,0,644,667,621,667
DAX-2026-06-02-001-10R.png,73,1261,0,704,733,687,733
DAX-2026-06-02-001-10R.png,74,1271,1,701,704,661,709
DAX-2026-06-02-001-10R.png,75,1281,0,735,740,727,740
DAX-2026-06-02-002-1R.png,0,25,0,25,26,22,28
DAX-2026-06-02-002-1R.png,1,46,1,20,25,20,25
DAX-2026-06-02-002-1R.png,2,76,0,20,47,20,68
DAX-2026-06-02-002-1R.png,3,87,1,23,47,23,51
DAX-2026-06-02-002-1R.png,4,97,1,23,38,23,51
DAX-2026-06-02-002-1R.png,5,107,0,23,28,21,48
DAX-2026-06-02-002-1R.png,6,117,0,23,28,21,28
DAX-2026-06-02-002-1R.png,7,127,0,23,28,21,30
DAX-2026-06-02-002-1R.png,8,148,0,45,79,38,83
DAX-2026-06-02-002-1R.png,9,158,1,25,58,23,58
DAX-2026-06-02-002-1R.png,10,168,1,23,82,21,86
DAX-2026-06-02-002-1R.png,11,178,0,86,131,77,133
DAX-2026-06-02-002-1R.png,12,189,0,119,121,118,148
DAX-2026-06-02-002-1R.png,13,199,1,20,123,20,142
DAX-2026-06-02-002-1R.png,14,209,0,125,142,125,173
DAX-2026-06-02-002-1R.png,15,219,1,24,173,21,173
DAX-2026-06-02-002-1R.png,16,230,1,212,218,192,226
DAX-2026-06-02-002-1R.png,17,240,1,20,127,20,127
DAX-2026-06-02-002-1R.png,18,260,0,192,324,179,378
DAX-2026-06-02-002-1R.png,19,270,0,242,255,222,267
DAX-2026-06-02-002-1R.png,20,281,0,214,242,214,277
DAX-2026-06-02-002-1R.png,21,301,0,257,292,242,293
DAX-2026-06-02-002-1R.png,22,311,0,285,333,283,341
DAX-2026-06-02-002-1R.png,23,332,0,259,283,259,283
DAX-2026-06-02-002-1R.png,24,342,1,240,283,238,284
DAX-2026-06-02-002-1R.png,25,352,0,207,229,192,229
DAX-2026-06-02-002-1R.png,26,362,0,214,220,207,220
DAX-2026-06-02-002-1R.png,27,373,0,220,227,214,227
DAX-2026-06-02-002-1R.png,28,383,0,220,251,214,258
DAX-2026-06-02-002-1R.png,29,414,0,179,225,125,225
DAX-2026-06-02-002-1R.png,30,424,0,179,298,175,308
DAX-2026-06-02-002-1R.png,31,434,1,298,316,298,335
DAX-2026-06-02-002-1R.png,32,444,0,298,307,242,335
DAX-2026-06-02-002-1R.png,33,454,0,242,255,240,269
DAX-2026-06-02-002-1R.png,34,465,0,285,294,285,297
DAX-2026-06-02-002-1R.png,35,506,1,285,303,283,323
DAX-2026-06-02-002-1R.png,36,536,0,398,420,398,447
DAX-2026-06-02-002-1R.png,37,557,0,441,482,441,482
DAX-2026-06-02-002-1R.png,38,577,1,420,437,411,451
DAX-2026-06-02-002-1R.png,39,587,0,366,376,348,382
DAX-2026-06-02-002-1R.png,40,598,0,307,318,307,318
DAX-2026-06-02-002-1R.png,41,618,1,387,407,383,412
DAX-2026-06-02-002-1R.png,42,638,0,285,296,249,296
DAX-2026-06-02-002-1R.png,43,659,0,251,294,251,297
DAX-2026-06-02-002-1R.png,44,689,0,346,415,346,425
DAX-2026-06-02-002-1R.png,45,700,1,446,450,426,450
DAX-2026-06-02-002-1R.png,46,730,1,415,454,407,462
DAX-2026-06-02-002-1R.png,47,741,0,415,428,381,432
DAX-2026-06-02-002-1R.png,48,771,1,387,435,387,438
DAX-2026-06-02-002-1R.png,49,781,0,318,376,311,382
DAX-2026-06-02-002-1R.png,50,792,0,272,283,272,283
DAX-2026-06-02-002-1R.png,51,812,0,229,257,227,269
DAX-2026-06-02-002-1R.png,52,833,0,220,233,220,233
DAX-2026-06-02-002-1R.png,53,853,1,171,216,170,219
DAX-2026-06-02-002-1R.png,54,863,0,205,214,205,214
DAX-2026-06-02-002-1R.png,55,873,0,216,227,205,227
DAX-2026-06-02-002-1R.png,56,894,0,197,209,184,209
DAX-2026-06-02-002-1R.png,57,925,0,365,389,353,389
DAX-2026-06-02-002-1R.png,58,935,1,331,365,329,382
DAX-2026-06-02-002-1R.png,59,965,0,324,342,322,349
DAX-2026-06-02-002-1R.png,60,976,0,342,387,333,387
DAX-2026-06-02-002-1R.png,61,986,0,331,383,331,383
DAX-2026-06-02-002-1R.png,62,1006,0,370,376,346,384
DAX-2026-06-02-002-1R.png,63,1017,1,374,391,344,391
DAX-2026-06-02-002-1R.png,64,1047,1,264,274,240,278
DAX-2026-06-02-002-1R.png,65,1057,0,253,264,253,277
DAX-2026-06-02-002-1R.png,66,1088,1,253,266,212,269
DAX-2026-06-02-002-1R.png,67,1098,0,268,305,268,305
DAX-2026-06-02-002-1R.png,68,1129,0,164,168,147,178
DAX-2026-06-02-002-1R.png,69,1139,0,171,175,171,175
DAX-2026-06-02-002-1R.png,70,1149,0,171,184,171,184
DAX-2026-06-02-002-1R.png,71,1170,1,188,192,181,196
DAX-2026-06-02-002-1R.png,72,1200,0,132,179,131,183
DAX-2026-06-02-002-1R.png,73,1211,0,151,153,149,170
DAX-2026-06-02-002-1R.png,74,1241,0,218,238,218,245
DAX-2026-06-02-002-1R.png,75,1252,0,218,227,205,230
DAX-2026-06-02-002-1R.png,76,1282,0,211,230,205,236
DAX-2026-06-02-002-1R.png,77,1303,0,246,250,246,250
DAX-2026-06-02-002-1R.png,78,1323,0,209,224,209,234
DAX-2026-06-02-002-1R.png,79,1344,0,239,265,220,265
DAX-2026-06-02-002-1R.png,80,1364,0,280,298,276,318
DAX-2026-06-02-002-1R.png,81,1405,0,302,317,293,329
DAX-2026-06-02-002-1R.png,82,1436,0,386,404,380,405
DAX-2026-06-02-002-1R.png,83,1446,1,380,389,380,394
DAX-2026-06-02-002-1R.png,84,1476,0,473,478,464,492
DAX-2026-06-02-002-1R.png,85,1487,1,467,484,467,485
DAX-2026-06-02-002-1R.png,86,1517,0,419,441,410,441
DAX-2026-06-02-002-1R.png,87,1528,0,423,441,413,444
DAX-2026-06-02-002-1R.png,88,1538,0,410,423,410,423
DAX-2026-06-02-002-1R.png,89,1558,0,382,393,378,393
DAX-2026-06-02-002-1R.png,90,1568,0,371,380,371,380
DAX-2026-06-02-002-1R.png,91,1599,1,428,432,425,435
DAX-2026-06-02-002-1R.png,92,1630,0,386,389,386,389
DAX-2026-06-02-002-1R.png,93,1640,0,386,410,382,410
DAX-2026-06-02-002-1R.png,94,1660,0,406,419,389,419
DAX-2026-06-02-002-1R.png,95,1671,0,395,406,373,427
DAX-2026-06-02-002-1R.png,96,1681,0,428,441,421,441
DAX-2026-06-02-002-1R.png,97,1691,0,436,441,436,449
DAX-2026-06-02-002-1R.png,98,1701,0,441,449,441,449
DAX-2026-06-02-002-1R.png,99,1711,0,454,462,454,466
DAX-2026-06-02-002-1R.png,100,1722,1,499,506,488,506
DAX-2026-06-02-002-1R.png,101,1752,0,488,493,475,493
DAX-2026-06-02-002-1R.png,102,1763,0,495,506,491,507
DAX-2026-06-02-002-1R.png,103,1793,0,480,482,473,485
DAX-2026-06-03-001-1.6R.png,0,12,0,245,255,238,290
DAX-2026-06-03-001-1.6R.png,1,22,1,173,255,166,277
DAX-2026-06-03-001-1.6R.png,2,32,0,173,219,173,219
DAX-2026-06-03-001-1.6R.png,3,53,1,25,28,23,28
DAX-2026-06-03-001-1.6R.png,4,73,1,23,186,23,186
DAX-2026-06-03-001-1.6R.png,5,84,0,153,170,153,170
DAX-2026-06-03-001-1.6R.png,6,94,1,23,215,23,215
DAX-2026-06-03-001-1.6R.png,7,104,1,212,215,212,215
DAX-2026-06-03-001-1.6R.png,8,114,0,212,251,212,251
DAX-2026-06-03-001-1.6R.png,9,135,1,25,28,23,28
DAX-2026-06-03-001-1.6R.png,10,155,0,245,265,245,265
DAX-2026-06-03-001-1.6R.png,11,165,0,23,28,21,28
DAX-2026-06-03-001-1.6R.png,12,186,1,215,245,215,245
DAX-2026-06-03-001-1.6R.png,13,196,0,205,215,205,215
DAX-2026-06-03-001-1.6R.png,14,217,0,25,27,21,27
DAX-2026-06-03-001-1.6R.png,15,237,1,24,173,21,173
DAX-2026-06-03-001-1.6R.png,16,247,1,20,173,20,173
DAX-2026-06-03-001-1.6R.png,17,257,1,27,189,21,189
DAX-2026-06-03-001-1.6R.png,18,268,1,176,189,176,189
DAX-2026-06-03-001-1.6R.png,19,319,1,84,111,84,111
DAX-2026-06-03-001-1.6R.png,20,329,0,84,134,55,139
DAX-2026-06-03-001-1.6R.png,21,339,0,134,192,124,192
DAX-2026-06-03-001-1.6R.png,22,350,0,192,251,192,251
DAX-2026-06-03-001-1.6R.png,23,390,0,225,228,225,228
DAX-2026-06-03-001-1.6R.png,24,411,0,225,261,196,270
DAX-2026-06-03-001-1.6R.png,25,421,0,261,297,261,297
DAX-2026-06-03-001-1.6R.png,26,431,0,189,297,189,297
DAX-2026-06-03-001-1.6R.png,27,472,0,176,192,176,192
DAX-2026-06-03-001-1.6R.png,28,483,1,160,176,160,176
DAX-2026-06-03-001-1.6R.png,29,493,0,160,245,150,247
DAX-2026-06-03-001-1.6R.png,30,503,0,245,261,245,261
DAX-2026-06-03-001-1.6R.png,31,513,0,261,287,261,287
DAX-2026-06-03-001-1.6R.png,32,554,1,251,264,251,264
DAX-2026-06-03-001-1.6R.png,33,564,1,225,251,212,260
DAX-2026-06-03-001-1.6R.png,34,575,1,202,225,183,227
DAX-2026-06-03-001-1.6R.png,35,585,0,202,271,202,271
DAX-2026-06-03-001-1.6R.png,36,636,1,294,307,294,307
DAX-2026-06-03-001-1.6R.png,37,646,1,265,294,245,313
DAX-2026-06-03-001-1.6R.png,38,656,0,265,274,245,274
DAX-2026-06-03-001-1.6R.png,39,667,0,274,281,274,281
DAX-2026-06-03-001-1.6R.png,40,728,0,317,356,314,372
DAX-2026-06-03-001-1.6R.png,41,738,0,356,389,356,395
DAX-2026-06-03-001-1.6R.png,42,749,0,389,448,389,448
DAX-2026-06-03-001-1.6R.png,43,789,0,435,468,435,468
DAX-2026-06-03-001-1.6R.png,44,800,0,435,497,435,497
DAX-2026-06-03-001-1.6R.png,45,810,1,490,497,471,513
DAX-2026-06-03-001-1.6R.png,46,820,1,487,490,487,490
DAX-2026-06-03-001-1.6R.png,47,830,0,487,576,487,576
DAX-2026-06-03-001-1.6R.png,48,871,1,445,536,445,536
DAX-2026-06-03-001-1.6R.png,49,882,1,438,445,438,445
DAX-2026-06-03-001-1.6R.png,50,892,1,389,438,376,440
DAX-2026-06-03-001-1.6R.png,51,902,0,389,458,389,458
DAX-2026-06-03-001-1.6R.png,52,963,1,317,399,307,399
DAX-2026-06-03-001-1.6R.png,53,974,1,281,317,278,336
DAX-2026-06-03-001-1.6R.png,54,984,1,238,281,238,281
DAX-2026-06-03-001-1.6R.png,55,1035,0,242,281,242,281
DAX-2026-06-03-001-1.6R.png,56,1045,0,281,304,274,309
DAX-2026-06-03-001-1.6R.png,57,1055,0,304,350,304,391
DAX-2026-06-03-001-1.6R.png,58,1066,0,350,382,350,382
DAX-2026-06-03-001-1.6R.png,59,1117,0,333,382,333,382
DAX-2026-06-03-001-1.6R.png,60,1127,0,382,399,366,411
DAX-2026-06-03-001-1.6R.png,61,1137,1,350,399,350,399
DAX-2026-06-03-001-1.6R.png,62,1148,1,287,350,287,350
DAX-2026-06-03-001-1.6R.png,63,1199,0,232,242,232,242
DAX-2026-06-03-001-1.6R.png,64,1209,1,225,242,225,283
DAX-2026-06-03-001-1.6R.png,65,1219,0,225,294,225,294
DAX-2026-06-03-001-1.6R.png,66,1270,0,297,317,297,317
DAX-2026-06-03-001-1.6R.png,67,1291,0,317,353,314,353
DAX-2026-06-03-001-1.6R.png,68,1301,0,353,373,353,373
DAX-2026-06-03-001-1.6R.png,69,1352,0,402,405,402,405
DAX-2026-06-03-001-1.6R.png,70,1362,1,402,405,366,427
DAX-2026-06-03-001-1.6R.png,71,1373,0,402,422,392,422
DAX-2026-06-03-001-1.6R.png,72,1383,1,402,422,402,422
DAX-2026-06-03-001-1.6R.png,73,1434,0,415,513,415,513
DAX-2026-06-03-001-1.6R.png,74,1444,0,513,517,487,526
DAX-2026-06-03-001-1.6R.png,75,1454,1,491,517,491,517
DAX-2026-06-03-001-1.6R.png,76,1465,0,491,507,491,507
DAX-2026-06-03-001-1.6R.png,77,1506,0,556,589,556,589
DAX-2026-06-03-001-1.6R.png,78,1516,0,589,595,589,595
DAX-2026-06-03-001-1.6R.png,79,1526,0,595,602,563,634
DAX-2026-06-03-001-1.6R.png,80,1536,1,550,602,550,602
DAX-2026-06-03-001-1.6R.png,81,1587,0,523,589,523,589
DAX-2026-06-03-001-1.6R.png,82,1598,0,589,703,589,703
DAX-2026-06-03-001-1.6R.png,83,1608,0,703,740,687,740
DAX-2026-06-03-001-1.6R.png,84,1751,1,530,592,530,592
DAX-2026-06-03-001-1.6R.png,85,1761,0,530,556,454,565
DAX-2026-06-03-001-1.6R.png,86,1772,0,556,605,550,637
DAX-2026-06-03-001-1.6R.png,87,1782,0,605,638,605,638
DAX-2026-06-05-001-1.6R.png,0,16,0,601,622,601,622
DAX-2026-06-05-001-1.6R.png,1,26,0,601,633,592,637
DAX-2026-06-05-001-1.6R.png,2,37,1,617,633,603,633
DAX-2026-06-05-001-1.6R.png,3,68,0,23,28,23,28
DAX-2026-06-05-001-1.6R.png,4,89,0,629,649,629,649
DAX-2026-06-05-001-1.6R.png,5,99,0,629,680,629,695
DAX-2026-06-05-001-1.6R.png,6,109,1,659,680,650,685
DAX-2026-06-05-001-1.6R.png,7,120,0,649,659,649,659
DAX-2026-06-05-001-1.6R.png,8,130,0,23,28,21,28
DAX-2026-06-05-001-1.6R.png,9,151,1,20,28,20,28
DAX-2026-06-05-001-1.6R.png,10,162,0,670,695,670,695
DAX-2026-06-05-001-1.6R.png,11,172,0,670,675,661,690
DAX-2026-06-05-001-1.6R.png,12,182,0,675,696,666,696
DAX-2026-06-05-001-1.6R.png,13,193,0,696,712,696,712
DAX-2026-06-05-001-1.6R.png,14,234,1,20,28,20,28
DAX-2026-06-05-001-1.6R.png,15,245,1,624,638,624,658
DAX-2026-06-05-001-1.6R.png,16,266,0,617,624,617,624
DAX-2026-06-05-001-1.6R.png,17,318,1,584,659,581,664
DAX-2026-06-05-001-1.6R.png,18,328,1,564,584,534,584
DAX-2026-06-05-001-1.6R.png,19,339,0,564,568,564,568
DAX-2026-06-05-001-1.6R.png,20,391,0,444,485,436,485
DAX-2026-06-05-001-1.6R.png,21,401,1,469,485,449,485
DAX-2026-06-05-001-1.6R.png,22,412,0,452,469,452,469
DAX-2026-06-05-001-1.6R.png,23,464,0,522,543,502,553
DAX-2026-06-05-001-1.6R.png,24,474,1,529,543,507,547
DAX-2026-06-05-001-1.6R.png,25,485,0,529,532,529,532
DAX-2026-06-05-001-1.6R.png,26,495,0,532,534,532,534
DAX-2026-06-05-001-1.6R.png,27,537,1,634,650,629,679
DAX-2026-06-05-001-1.6R.png,28,547,1,618,634,603,642
DAX-2026-06-05-001-1.6R.png,29,558,0,618,624,618,624
DAX-2026-06-05-001-1.6R.png,30,568,0,624,655,624,655
DAX-2026-06-05-001-1.6R.png,31,620,1,389,457,386,462
DAX-2026-06-05-001-1.6R.png,32,630,1,338,389,336,406
DAX-2026-06-05-001-1.6R.png,33,641,0,328,338,328,338
DAX-2026-06-05-001-1.6R.png,34,683,1,264,286,254,286
DAX-2026-06-05-001-1.6R.png,35,693,0,264,272,264,285
DAX-2026-06-05-001-1.6R.png,36,703,0,272,291,270,311
DAX-2026-06-05-001-1.6R.png,37,714,0,198,291,198,291
DAX-2026-06-05-001-1.6R.png,38,755,0,257,288,257,288
DAX-2026-06-05-001-1.6R.png,39,766,0,289,296,289,308
DAX-2026-06-05-001-1.6R.png,40,776,0,296,391,296,401
DAX-2026-06-05-001-1.6R.png,41,787,0,391,404,391,404
DAX-2026-06-05-001-1.6R.png,42,828,0,399,415,399,415
DAX-2026-06-05-001-1.6R.png,43,839,0,415,447,407,447
DAX-2026-06-05-001-1.6R.png,44,849,1,439,447,391,448
DAX-2026-06-05-001-1.6R.png,45,860,0,431,439,431,439
DAX-2026-06-05-001-1.6R.png,46,912,1,307,315,307,327
DAX-2026-06-05-001-1.6R.png,47,922,1,296,307,293,329
DAX-2026-06-05-001-1.6R.png,48,933,0,296,336,296,336
DAX-2026-06-05-001-1.6R.png,49,985,0,383,388,362,395
DAX-2026-06-05-001-1.6R.png,50,995,0,388,396,383,411
DAX-2026-06-05-001-1.6R.png,51,1006,0,396,428,396,428
DAX-2026-06-05-001-1.6R.png,52,1058,1,383,396,375,417
DAX-2026-06-05-001-1.6R.png,53,1068,1,373,383,354,393
DAX-2026-06-05-001-1.6R.png,54,1079,0,354,373,354,373
DAX-2026-06-05-001-1.6R.png,55,1131,0,286,288,241,324
DAX-2026-06-05-001-1.6R.png,56,1141,0,288,315,149,315
DAX-2026-06-05-001-1.6R.png,57,1151,1,281,315,244,315
DAX-2026-06-05-001-1.6R.png,58,1204,0,305,379,300,394
DAX-2026-06-05-001-1.6R.png,59,1214,1,326,379,289,379
DAX-2026-06-05-001-1.6R.png,60,1224,1,307,326,255,326
DAX-2026-06-05-001-1.6R.png,61,1276,0,434,437,434,437
DAX-2026-06-05-001-1.6R.png,62,1287,0,434,527,432,539
DAX-2026-06-05-001-1.6R.png,63,1297,1,492,527,434,528
DAX-2026-06-05-001-1.6R.png,64,1349,0,334,479,334,479
DAX-2026-06-05-001-1.6R.png,65,1360,0,334,358,305,412
DAX-2026-06-05-001-1.6R.png,66,1370,1,344,358,336,378
DAX-2026-06-05-001-1.6R.png,67,1381,0,344,405,344,405
DAX-2026-06-05-001-1.6R.png,68,1422,0,344,379,344,379
DAX-2026-06-05-001-1.6R.png,69,1433,1,310,379,286,386
DAX-2026-06-05-001-1.6R.png,70,1443,1,249,310,249,314
DAX-2026-06-05-001-1.6R.png,71,1454,0,207,249,207,249
DAX-2026-06-05-001-1.6R.png,72,1495,0,263,289,263,289
DAX-2026-06-05-001-1.6R.png,73,1506,1,273,289,268,317
DAX-2026-06-05-001-1.6R.png,74,1516,1,231,273,231,273
DAX-2026-06-05-001-1.6R.png,75,1527,0,231,289,231,289
DAX-2026-06-05-001-1.6R.png,76,1568,0,85,104,85,104
DAX-2026-06-05-001-1.6R.png,77,1579,1,43,104,27,116
DAX-2026-06-05-001-1.6R.png,78,1589,0,43,56,43,79
DAX-2026-06-05-001-1.6R.png,79,1600,0,56,128,56,128
DAX-2026-06-05-001-1.6R.png,80,1652,0,20,33,20,33
DAX-2026-06-05-001-1.6R.png,81,1662,0,33,70,30,70
DAX-2026-06-05-001-1.6R.png,82,1672,0,70,96,56,103
DAX-2026-06-05-001-1.6R.png,83,1714,0,152,249,152,249
DAX-2026-06-05-001-1.6R.png,84,1725,0,249,315,249,328
DAX-2026-06-05-001-1.6R.png,85,1735,0,315,321,278,333
DAX-2026-06-05-001-1.6R.png,86,1745,1,260,321,260,322
