image,spacing_px,n_candles,drawn_dir,drawn_x,entry_y,sl_y,tp_y,drawn_R_px
DAX-2026-01-08-001-8.9R.png,9.61,36,SHORT,432,156,155,740,1
DAX-2026-03-31-002-3.2R.png,9.57,63,SHORT,839,211,95,654,116
DAX-2026-04-26-001-5.3R.png,9.44,179,LONG,1004,581,644,72,63
DAX-2026-05-05-001-14.6R.png,10.48,18,LONG,183,450,450,20,0
DAX-2026-05-08-001-1.3R.png,10.5,43,SHORT,1161,249,137,467,112
DAX-2026-05-11-001-1.6R.png,10.17,164,SHORT,795,372,188,678,184
DAX-2026-05-13-001-13.1R.png,10.71,83,LONG,560,558,700,20,142
DAX-2026-05-13-002-2.2R.png,10.71,93,LONG,886,504,674,112,170
DAX-2026-05-15-001-5.5R.png,9.57,89,SHORT,629,198,65,740,133
DAX-2026-05-19-001-2.1R.png,10.45,77,SHORT,648,270,104,633,166
DAX-2026-05-20-001-1.5R.png,10.16,128,SHORT,481,137,137,712,0
DAX-2026-05-21-001-SL.png,10.16,160,SHORT,765,354,202,508,152
DAX-2026-05-22-001-1R.png,9.96,151,SHORT,628,292,291,607,1
DAX-2026-05-26-001-3.8R.png,10.91,8,SHORT,300,219,86,737,133
DAX-2026-05-28-001-12.9R.png,10.89,44,LONG,307,595,672,20,77
DAX-2026-06-01-001-4.7R.png,10.35,83,LONG,490,595,708,51,113
DAX-2026-06-02-001-10R.png,10.16,76,SHORT,408,156,45,740,111
DAX-2026-06-02-002-1R.png,10.22,104,SHORT,424,297,105,521,192
DAX-2026-06-03-001-1.6R.png,10.23,88,LONG,869,446,602,189,156
DAX-2026-06-05-001-1.6R.png,10.42,87,SHORT,767,287,183,465,104
