variant,month,triggers
baseline,2021-01,0
baseline,2021-02,0
baseline,2021-03,0
baseline,2021-04,0
baseline,2021-05,0
baseline,2021-06,0
baseline,2021-07,0
baseline,2021-08,0
baseline,2021-09,0
baseline,2021-10,0
baseline,2021-11,0
baseline,2021-12,0
close_boundary,2021-01,0
close_boundary,2021-02,0
close_boundary,2021-03,0
close_boundary,2021-04,0
close_boundary,2021-05,0
close_boundary,2021-06,1
close_boundary,2021-07,0
close_boundary,2021-08,0
close_boundary,2021-09,0
close_boundary,2021-10,0
close_boundary,2021-11,1
close_boundary,2021-12,0
body_050,2021-01,0
body_050,2021-02,0
body_050,2021-03,0
body_050,2021-04,0
body_050,2021-05,0
body_050,2021-06,0
body_050,2021-07,0
body_050,2021-08,0
body_050,2021-09,0
body_050,2021-10,0
body_050,2021-11,0
body_050,2021-12,0
body_070,2021-01,0
body_070,2021-02,0
body_070,2021-03,0
body_070,2021-04,0
body_070,2021-05,0
body_070,2021-06,0
body_070,2021-07,0
body_070,2021-08,0
body_070,2021-09,0
body_070,2021-10,0
body_070,2021-11,0
body_070,2021-12,0
no_FL,2021-01,0
no_FL,2021-02,0
no_FL,2021-03,0
no_FL,2021-04,0
no_FL,2021-05,0
no_FL,2021-06,0
no_FL,2021-07,0
no_FL,2021-08,0
no_FL,2021-09,0
no_FL,2021-10,0
no_FL,2021-11,0
no_FL,2021-12,0
time_divergence,2021-01,0
time_divergence,2021-02,0
time_divergence,2021-03,0
time_divergence,2021-04,0
time_divergence,2021-05,0
time_divergence,2021-06,0
time_divergence,2021-07,0
time_divergence,2021-08,0
time_divergence,2021-09,0
time_divergence,2021-10,0
time_divergence,2021-11,0
time_divergence,2021-12,0
impulse_efficiency_045,2021-01,0
impulse_efficiency_045,2021-02,0
impulse_efficiency_045,2021-03,0
impulse_efficiency_045,2021-04,0
impulse_efficiency_045,2021-05,0
impulse_efficiency_045,2021-06,0
impulse_efficiency_045,2021-07,0
impulse_efficiency_045,2021-08,0
impulse_efficiency_045,2021-09,0
impulse_efficiency_045,2021-10,0
impulse_efficiency_045,2021-11,1
impulse_efficiency_045,2021-12,0
trigger_body_035,2021-01,0
trigger_body_035,2021-02,0
trigger_body_035,2021-03,0
trigger_body_035,2021-04,0
trigger_body_035,2021-05,0
trigger_body_035,2021-06,0
trigger_body_035,2021-07,0
trigger_body_035,2021-08,0
trigger_body_035,2021-09,0
trigger_body_035,2021-10,0
trigger_body_035,2021-11,0
trigger_body_035,2021-12,0
