variant,period,m1_bars,triggers,buys,sells,median_risk_atr,median_cd_ab,return,stop_rate,status
baseline,development,178619,0,0,0,,,,,NO_EXECUTABLE_QUOTES
baseline,validation,96750,0,0,0,,,,,NO_EXECUTABLE_QUOTES
baseline,holdout,99825,0,0,0,,,,,NO_EXECUTABLE_QUOTES
close_boundary,development,178619,1,1,0,3.294955715150123,1.0124223602483915,,,NO_EXECUTABLE_QUOTES
close_boundary,validation,96750,0,0,0,,,,,NO_EXECUTABLE_QUOTES
close_boundary,holdout,99825,1,1,0,2.058097161733235,0.9259259259258498,,,NO_EXECUTABLE_QUOTES
body_050,development,178619,0,0,0,,,,,NO_EXECUTABLE_QUOTES
body_050,validation,96750,0,0,0,,,,,NO_EXECUTABLE_QUOTES
body_050,holdout,99825,0,0,0,,,,,NO_EXECUTABLE_QUOTES
body_070,development,178619,0,0,0,,,,,NO_EXECUTABLE_QUOTES
body_070,validation,96750,0,0,0,,,,,NO_EXECUTABLE_QUOTES
body_070,holdout,99825,0,0,0,,,,,NO_EXECUTABLE_QUOTES
no_FL,development,178619,0,0,0,,,,,NO_EXECUTABLE_QUOTES
no_FL,validation,96750,0,0,0,,,,,NO_EXECUTABLE_QUOTES
no_FL,holdout,99825,0,0,0,,,,,NO_EXECUTABLE_QUOTES
time_divergence,development,178619,0,0,0,,,,,NO_EXECUTABLE_QUOTES
time_divergence,validation,96750,0,0,0,,,,,NO_EXECUTABLE_QUOTES
time_divergence,holdout,99825,0,0,0,,,,,NO_EXECUTABLE_QUOTES
impulse_efficiency_045,development,178619,0,0,0,,,,,NO_EXECUTABLE_QUOTES
impulse_efficiency_045,validation,96750,0,0,0,,,,,NO_EXECUTABLE_QUOTES
impulse_efficiency_045,holdout,99825,1,0,1,1.4245805902460869,0.6068376068376523,,,NO_EXECUTABLE_QUOTES
trigger_body_035,development,178619,0,0,0,,,,,NO_EXECUTABLE_QUOTES
trigger_body_035,validation,96750,0,0,0,,,,,NO_EXECUTABLE_QUOTES
trigger_body_035,holdout,99825,0,0,0,,,,,NO_EXECUTABLE_QUOTES
