cfg,n,mean_pips,t_pips,hit,dec_first,dec_last
"('uncond', 0, 1, 1, 0)",2498,-3.4248598879116363,-11.732002099151742,0.38310648518815055,1175472000000,1483056000000
"('uncond', 0, 1, -1, 0)",2498,-0.23110488390843162,-0.798094321498825,0.4743795036028823,1175472000000,1483056000000
"('uncond', 0, 2, 1, 0)",2498,-2.430384307447267,-6.005588659729745,0.42073658927141716,1175472000000,1483056000000
"('uncond', 0, 2, -1, 0)",2498,-1.277101681346361,-3.1721542557111913,0.4679743795036029,1175472000000,1483056000000
"('uncond', 0, 4, 1, 0)",2498,-0.7298238590885969,-1.4394831429418904,0.466373098478783,1175472000000,1483056000000
"('uncond', 0, 4, -1, 0)",2498,-2.6184947958379525,-5.126912704623014,0.44915932746196957,1175472000000,1483056000000
"('uncond', 0, 8, 1, 0)",2498,-1.1288230584480552,-1.4809519115050478,0.4867894315452362,1175472000000,1483056000000
"('uncond', 0, 8, -1, 0)",2498,-2.4584067253815847,-3.2655270380774053,0.4519615692554043,1175472000000,1483056000000
"('uncond', 1, 1, 1, 0)",2500,-0.7062800000013103,-2.61345337613869,0.448,1175475600000,1483059600000
"('uncond', 1, 1, -1, 0)",2500,-2.8147600000013147,-10.318061433585218,0.3788,1175475600000,1483059600000
"('uncond', 1, 2, 1, 0)",2500,0.4916799999986856,1.362208182575389,0.5084,1175475600000,1483059600000
"('uncond', 1, 2, -1, 0)",2500,-3.875040000001336,-10.591533430262917,0.3796,1175475600000,1483059600000
"('uncond', 1, 4, 1, 0)",2500,0.7322399999986972,1.6539304060039868,0.5024,1175475600000,1483059600000
"('uncond', 1, 4, -1, 0)",2500,-4.029840000001339,-8.931954334689006,0.3892,1175475600000,1483059600000
"('uncond', 1, 8, 1, 0)",2500,0.9151199999986876,1.1637591185911829,0.5252,1175475600000,1483059600000
"('uncond', 1, 8, -1, 0)",2500,-4.315800000001339,-5.352024298483564,0.4316,1175475600000,1483059600000
"('uncond', 2, 1, 1, 0)",2379,-0.6069777217331352,-2.5758873694408235,0.4691046658259773,1175479200000,1483063200000
"('uncond', 2, 1, -1, 0)",2379,-2.7255569567058195,-11.037131924872638,0.346364018495166,1175479200000,1483063200000
"('uncond', 2, 2, 1, 0)",2379,-0.18709541824428066,-0.5790074325136939,0.48759983186212696,1175479200000,1483063200000
"('uncond', 2, 2, -1, 0)",2379,-3.122656578395582,-9.531916114167235,0.36738125262715426,1175479200000,1483063200000
"('uncond', 2, 4, 1, 0)",2379,-0.04279108869401604,-0.10147495717752426,0.4989491382934006,1175479200000,1483063200000
"('uncond', 2, 4, -1, 0)",2379,-3.283060109290956,-7.883357398422423,0.4047919293820933,1175479200000,1483063200000
"('uncond', 2, 8, 1, 0)",2379,-0.20970996217027538,-0.24535732236427116,0.4951660361496427,1175479200000,1483063200000
"('uncond', 2, 8, -1, 0)",2379,-3.277007145860917,-3.7727382816763924,0.4531315678856662,1175479200000,1483063200000
"('uncond', 3, 1, 1, 0)",2517,-1.2422328168467613,-6.160709114930766,0.4100119189511323,1175482800000,1483066800000
"('uncond', 3, 1, -1, 0)",2517,-2.1741756058813215,-10.859836464733355,0.37385776718315455,1175482800000,1483066800000
"('uncond', 3, 2, 1, 0)",2517,-1.6368692888371996,-6.097736950002764,0.41636869288835915,1175482800000,1483066800000
"('uncond', 3, 2, -1, 0)",2517,-1.8526420341689769,-6.905590245118165,0.41199841080651567,1175482800000,1483066800000
"('uncond', 3, 4, 1, 0)",2517,-0.8097338100926622,-1.7495688992490566,0.466030989272944,1175482800000,1483066800000
"('uncond', 3, 4, -1, 0)",2517,-2.5864521255475963,-5.598862182974293,0.4576877234803337,1175482800000,1483066800000
"('uncond', 3, 8, 1, 0)",2517,-2.168692888360433,-2.5035070434833626,0.47040127135478743,1175482800000,1483066800000
"('uncond', 3, 8, -1, 0)",2517,-0.812753277712883,-0.9226769715658044,0.48669050456893126,1175482800000,1483066800000
"('uncond', 4, 1, 1, 0)",2507,-2.101236537695738,-10.509138729196248,0.37295572397287596,1175486400000,1483070400000
"('uncond', 4, 1, -1, 0)",2507,-1.335979258078718,-6.812556697224555,0.40247307538891103,1175486400000,1483070400000
"('uncond', 4, 2, 1, 0)",2507,-1.536777024333171,-5.332892766921114,0.44116473873155165,1175486400000,1483070400000
"('uncond', 4, 2, -1, 0)",2507,-1.9185081771054437,-6.73534388944766,0.41284403669724773,1175486400000,1483070400000
"('uncond', 4, 4, 1, 0)",2507,-1.8380135620276281,-3.1444324604492753,0.46190666134822495,1175486400000,1483070400000
"('uncond', 4, 4, -1, 0)",2507,-1.5564818508190297,-2.703048415186414,0.47746310331072994,1175486400000,1483070400000
"('uncond', 4, 8, 1, 0)",2507,-3.5290386916646383,-3.887527217201467,0.4623055444754687,1175486400000,1483070400000
"('uncond', 4, 8, -1, 0)",2507,0.6127243717577484,0.6504475323376576,0.49501396090945354,1175486400000,1483070400000
"('uncond', 5, 1, 1, 0)",2509,-1.184416102033976,-5.295797746314728,0.43722598644878435,1175490000000,1483074000000
"('uncond', 5, 1, -1, 0)",2509,-2.226185731368341,-9.908419321483846,0.3850139497807892,1175490000000,1483074000000
"('uncond', 5, 2, 1, 0)",2509,-0.963730569949486,-2.4482471123953227,0.4719011558389797,1175490000000,1483074000000
"('uncond', 5, 2, -1, 0)",2509,-2.4509764846565076,-6.212746292905849,0.44041450777202074,1175490000000,1483074000000
"('uncond', 5, 4, 1, 0)",2509,-1.6330011956968,-2.388048432954364,0.4858509366281387,1175490000000,1483074000000
"('uncond', 5, 4, -1, 0)",2509,-1.6794340374664167,-2.4385451088576655,0.46512554802710243,1175490000000,1483074000000
"('uncond', 5, 8, 1, 0)",2509,-3.901155838980969,-3.941116051759588,0.45277002789956156,1175490000000,1483074000000
"('uncond', 5, 8, -1, 0)",2509,0.932124352330307,0.9213027452955168,0.48903945795137505,1175490000000,1483074000000
"('uncond', 6, 1, 1, 0)",2526,-1.4848376880456549,-4.417256761171265,0.46239113222486145,1175493600000,1483077600000
"('uncond', 6, 1, -1, 0)",2526,-1.9053048297716983,-5.674953150845995,0.43626286619160726,1175493600000,1483077600000
"('uncond', 6, 2, 1, 0)",2526,-2.0064133016640313,-3.9360536654868286,0.4592240696753761,1175493600000,1483077600000
"('uncond', 6, 2, -1, 0)",2526,-1.2294140934296574,-2.4228255642445187,0.47743467933491684,1175493600000,1483077600000
"('uncond', 6, 4, 1, 0)",2526,-2.2929136975468407,-3.1217755876436235,0.4750593824228028,1175493600000,1483077600000
"('uncond', 6, 4, -1, 0)",2526,-1.0464766429150003,-1.39973534505199,0.4766429136975455,1175493600000,1483077600000
"('uncond', 6, 8, 1, 0)",2526,-3.9053048297717408,-3.6985270634254035,0.44813935075217737,1175493600000,1483077600000
"('uncond', 6, 8, -1, 0)",2526,0.3823832145671757,0.3530795494669545,0.4825811559778306,1175493600000,1483077600000
"('uncond', 7, 1, 1, 0)",2534,-2.2127466456208964,-5.32858511089009,0.44593528018942385,1175497200000,1483081200000
"('uncond', 7, 1, -1, 0)",2534,-0.9272691397013979,-2.2445841748100293,0.4739542225730071,1175497200000,1483081200000
"('uncond', 7, 2, 1, 0)",2534,-2.3183504340976078,-3.985572054767105,0.46093133385951063,1175497200000,1483081200000
"('uncond', 7, 2, -1, 0)",2534,-0.8939621152341456,-1.5192211031381304,0.48026835043409627,1175497200000,1483081200000
"('uncond', 7, 4, 1, 0)",2534,-3.285319652724281,-4.234246697704481,0.4601420678768745,1175497200000,1483081200000
"('uncond', 7, 4, -1, 0)",2534,0.31219415943040885,0.3961076772821748,0.49329123914759276,1175497200000,1483081200000
"('uncond', 7, 8, 1, 0)",2534,-4.032636148383322,-3.596098098378475,0.43764798737174426,1175497200000,1483081200000
"('uncond', 7, 8, -1, 0)",2534,1.3626282557208684,1.1667934452907953,0.47790055248618785,1175497200000,1483081200000
"('uncond', 8, 1, 1, 0)",2534,-1.6809786898197834,-3.9891601284593787,0.47040252565114443,1175500800000,1483084800000
"('uncond', 8, 1, -1, 0)",2534,-1.4911207576966716,-3.465798932695504,0.44435674822415155,1175500800000,1483084800000
"('uncond', 8, 2, 1, 0)",2534,-1.940883977901887,-3.3285690045296326,0.4846093133385951,1175500800000,1483084800000
"('uncond', 8, 2, -1, 0)",2534,-1.1881610102617501,-2.0205074339990303,0.4589581689029203,1175500800000,1483084800000
"('uncond', 8, 4, 1, 0)",2534,-3.318863456986321,-4.437145032043987,0.44909234411996846,1175500800000,1483084800000
"('uncond', 8, 4, -1, 0)",2534,0.4974348855551056,0.6345439055145757,0.4968429360694554,1175500800000,1483084800000
"('uncond', 8, 8, 1, 0)",2534,-3.520481452250747,-3.0607023694802042,0.4451460142067877,1175500800000,1483084800000
"('uncond', 8, 8, -1, 0)",2534,1.258800315705058,1.05277041806124,0.47790055248618785,1175500800000,1483084800000
"('uncond', 9, 1, 1, 0)",2534,-2.0114443567495206,-5.310678329322792,0.4404104183109708,1175504400000,1483088400000
"('uncond', 9, 1, -1, 0)",2534,-1.3213496448316129,-3.465948447167124,0.457379636937648,1175504400000,1483088400000
"('uncond', 9, 2, 1, 0)",2534,-2.82849250197446,-5.463765254002386,0.43212312549329124,1175504400000,1483088400000
"('uncond', 9, 2, -1, 0)",2534,-0.3593922651946721,-0.6850862004403958,0.48697711128650356,1175504400000,1483088400000
"('uncond', 9, 4, 1, 0)",2534,-3.95295974743619,-5.153694575616574,0.44869771112865037,1175504400000,1483088400000
"('uncond', 9, 4, -1, 0)",2534,1.0080110497224584,1.2763303952040657,0.5007892659826362,1175504400000,1483088400000
"('uncond', 9, 8, 1, 0)",2534,-3.2290055248631924,-2.8625733151477646,0.4605367008681926,1175504400000,1483088400000
"('uncond', 9, 8, -1, 0)",2534,0.3518547750578908,0.30168999264030993,0.47434885556432516,1175504400000,1483088400000
"('uncond', 10, 1, 1, 0)",2533,-2.5903276746953026,-7.470465876446032,0.4168969601263324,1175508000000,1483092000000
"('uncond', 10, 1, -1, 0)",2533,-0.6294907224647942,-1.8326011844965404,0.47058823529411764,1175508000000,1483092000000
"('uncond', 10, 2, 1, 0)",2533,-3.369048559022197,-6.9954816270735645,0.43071456770627714,1175508000000,1483092000000
"('uncond', 10, 2, -1, 0)",2533,0.23454401894853377,0.47829559180287984,0.49111725227003555,1175508000000,1483092000000
"('uncond', 10, 4, 1, 0)",2533,-2.7919857876049354,-3.396236202288619,0.4567706277141729,1175508000000,1483092000000
"('uncond', 10, 4, -1, 0)",2533,-0.09976312672851224,-0.12058457819124474,0.4828266877220687,1175508000000,1483092000000
"('uncond', 10, 8, 1, 0)",2533,-2.619897354916419,-2.3290035794225203,0.46624555862613504,1175508000000,1483092000000
"('uncond', 10, 8, -1, 0)",2533,-0.8367548361639433,-0.7354745085250942,0.4658507698381366,1175508000000,1483092000000
"('uncond', 11, 1, 1, 0)",2537,-2.4432794639350766,-7.235608093701792,0.4292471422940481,1175511600000,1483095600000
"('uncond', 11, 1, -1, 0)",2537,-0.6832873472618514,-1.9940256094803892,0.4592037839968467,1175511600000,1483095600000
"('uncond', 11, 2, 1, 0)",2537,-2.7594797004348686,-4.876292596442955,0.45880961765865197,1175511600000,1483095600000
"('uncond', 11, 2, -1, 0)",2537,-0.45853370122321874,-0.7896520349340709,0.4733937721718565,1175511600000,1483095600000
"('uncond', 11, 4, 1, 0)",2537,-2.3558927867573103,-2.645455356148377,0.46393378005518326,1175511600000,1483095600000
"('uncond', 11, 4, -1, 0)",2537,-0.5908159243213529,-0.6548742360488088,0.4777296018919984,1175511600000,1483095600000
"('uncond', 11, 8, 1, 0)",2537,-1.6286164761542266,-1.438650834675236,0.4800945999211667,1175511600000,1483095600000
"('uncond', 11, 8, -1, 0)",2537,-1.3901458415464345,-1.2326819521774879,0.46078044934962553,1175511600000,1483095600000
"('uncond', 12, 1, 1, 0)",2535,-1.9094280078908303,-4.149519872085747,0.4587771203155819,1175515200000,1483099200000
"('uncond', 12, 1, -1, 0)",2535,-1.1331755424076098,-2.3937818578508545,0.4662721893491124,1175515200000,1483099200000
"('uncond', 12, 2, 1, 0)",2535,-1.0826824457607147,-1.6023660819464107,0.4714003944773176,1175515200000,1483099200000
"('uncond', 12, 2, -1, 0)",2535,-1.6701380670624364,-2.4830377701586706,0.463905325443787,1175515200000,1483099200000
"('uncond', 12, 4, 1, 0)",2535,-1.7440236686403605,-1.8855466092566329,0.4785009861932939,1175515200000,1483099200000
"('uncond', 12, 4, -1, 0)",2535,-1.1251282051295204,-1.1980880403886776,0.47337278106508873,1175515200000,1483099200000
"('uncond', 12, 8, 1, 0)",2535,-0.15009861933070676,-0.13394237629263847,0.4844181459566075,1175515200000,1483099200000
"('uncond', 12, 8, -1, 0)",2535,-2.0391321499026995,-1.8413226493852206,0.452465483234714,1175515200000,1483099200000
"('uncond', 13, 1, 1, 0)",2533,-0.7940386893025606,-1.5877460083013466,0.4567706277141729,1175518800000,1483102800000
"('uncond', 13, 1, -1, 0)",2533,-2.14200552704433,-4.3203742206408124,0.4469009080142124,1175518800000,1483102800000
"('uncond', 13, 2, 1, 0)",2533,-1.0856296881181815,-1.5423989869533907,0.47651006711409394,1175518800000,1483102800000
"('uncond', 13, 2, -1, 0)",2533,-1.6104224240044482,-2.2568653571513972,0.47098302408211606,1175518800000,1483102800000
"('uncond', 13, 4, 1, 0)",2533,-0.773114883538625,-0.8742811334188992,0.48440584287406235,1175518800000,1483102800000
"('uncond', 13, 4, -1, 0)",2533,-2.1150809317028294,-2.3650013607598046,0.4697986577181208,1175518800000,1483102800000
"('uncond', 13, 8, 1, 0)",2533,0.753138570863257,0.6994772438877069,0.4926964074220292,1175518800000,1483102800000
"('uncond', 13, 8, -1, 0)",2533,-3.194788787999717,-3.03855380755482,0.45716541650217135,1175518800000,1483102800000
"('uncond', 14, 1, 1, 0)",2536,-2.188012618297826,-4.328833671388523,0.4609621451104101,1175522400000,1483106400000
"('uncond', 14, 1, -1, 0)",2536,-1.1017744479508589,-2.1716981765445347,0.4668769716088328,1175522400000,1483106400000
"('uncond', 14, 2, 1, 0)",2536,-2.466798107256826,-3.6837662790466226,0.4712145110410095,1175522400000,1483106400000
"('uncond', 14, 2, -1, 0)",2536,-0.9538249211369781,-1.4290638247141831,0.47082018927444796,1175522400000,1483106400000
"('uncond', 14, 4, 1, 0)",2536,-1.297358044165348,-1.5854664712678632,0.47910094637223977,1175522400000,1483106400000
"('uncond', 14, 4, -1, 0)",2536,-2.4940851735028855,-3.055204996660828,0.4645110410094637,1175522400000,1483106400000
"('uncond', 14, 8, 1, 0)",2536,-0.9747239747647101,-1.0098634250058718,0.47358044164037855,1175522400000,1483106400000
"('uncond', 14, 8, -1, 0)",2536,-2.998895899054928,-3.1018384055901995,0.4676656151419558,1175522400000,1483106400000
"('uncond', 15, 1, 1, 0)",2533,-1.7994867745769143,-4.04586024011186,0.4544018949861824,1175526000000,1483110000000
"('uncond', 15, 1, -1, 0)",2533,-1.406711409397294,-3.1497632597967593,0.4484800631662061,1175526000000,1483110000000
"('uncond', 15, 2, 1, 0)",2533,-1.1743782076602276,-2.1320862041686803,0.48598499802605605,1175526000000,1483110000000
"('uncond', 15, 2, -1, 0)",2533,-2.010777733913655,-3.5950977052418156,0.4469009080142124,1175526000000,1483110000000
"('uncond', 15, 4, 1, 0)",2533,-0.2221871298868134,-0.3067579206835081,0.4851954204500592,1175526000000,1483110000000
"('uncond', 15, 4, -1, 0)",2533,-2.524674299251205,-3.5224805369743555,0.4547966837741808,1175526000000,1483110000000
"('uncond', 15, 8, 1, 0)",2533,-0.2532570075022912,-0.30624258854561354,0.47690485590209236,1175526000000,1483110000000
"('uncond', 15, 8, -1, 0)",2533,-2.752427951047497,-3.360676766470249,0.4544018949861824,1175526000000,1483110000000
"('uncond', 16, 1, 1, 0)",2534,-0.9735595895830124,-2.6606952335623517,0.4597474348855564,1175529600000,1483113600000
"('uncond', 16, 1, -1, 0)",2534,-2.152407261248356,-5.869289784454433,0.44277821625887925,1175529600000,1483113600000
"('uncond', 16, 2, 1, 0)",2534,-0.2162194159444946,-0.4412744536904465,0.4739542225730071,1175529600000,1483113600000
"('uncond', 16, 2, -1, 0)",2534,-3.0585240726137655,-6.2957904193390055,0.44001578531965274,1175529600000,1483113600000
"('uncond', 16, 4, 1, 0)",2534,-0.15082872928309515,-0.22139784272307886,0.46724546172059983,1175529600000,1483113600000
"('uncond', 16, 4, -1, 0)",2534,-3.0996842936082776,-4.821433519294367,0.4577742699289661,1175529600000,1483113600000
"('uncond', 16, 8, 1, 0)",2534,-0.6586819258103132,-0.8599620385755502,0.47829518547750594,1175529600000,1483113600000
"('uncond', 16, 8, -1, 0)",2534,-2.5320047355972104,-3.5072233986947383,0.452249408050513,1175529600000,1483113600000
"('uncond', 17, 1, 1, 0)",2535,-0.7910059171610873,-2.3478077214124564,0.44733727810650886,1175533200000,1483117200000
"('uncond', 17, 1, -1, 0)",2535,-2.4540828402379775,-7.197298951805115,0.43155818540433927,1175533200000,1483117200000
"('uncond', 17, 2, 1, 0)",2535,-0.7614990138079963,-1.5385774498932392,0.4564102564102564,1175533200000,1483117200000
"('uncond', 17, 2, -1, 0)",2535,-2.1295463510861143,-4.462260845802926,0.4485207100591716,1175533200000,1483117200000
"('uncond', 17, 4, 1, 0)",2535,-0.1334911242616762,-0.21539255849906094,0.4796844181459566,1175533200000,1483117200000
"('uncond', 17, 4, -1, 0)",2535,-3.2159763313622407,-5.502970262223078,0.4284023668639053,1175533200000,1483117200000
"('uncond', 17, 8, 1, 0)",2535,-2.297120315583166,-3.2981388610798046,0.4560157790927022,1175533200000,1483117200000
"('uncond', 17, 8, -1, 0)",2535,-0.7809467455634251,-1.1701050943243378,0.4856015779092702,1175533200000,1483117200000
"('uncond', 18, 1, 1, 0)",2534,-1.6665351223375016,-4.598194164836402,0.4246250986582478,1175277600000,1483120800000
"('uncond', 18, 1, -1, 0)",2534,-1.41732438832019,-4.075814882503391,0.44119968429360695,1175277600000,1483120800000
"('uncond', 18, 2, 1, 0)",2534,-1.5007892659839208,-3.0871208898358216,0.44238358326756116,1175277600000,1483120800000
"('uncond', 18, 2, -1, 0)",2534,-1.591554853987117,-3.4745919187727696,0.44317284925019734,1175277600000,1483120800000
"('uncond', 18, 4, 1, 0)",2534,-1.5688634569862867,-2.832182257831763,0.4463299131807419,1175277600000,1483120800000
"('uncond', 18, 4, -1, 0)",2534,-1.787845303868711,-3.4568948030979083,0.44593528018942385,1175277600000,1483120800000
"('uncond', 18, 8, 1, 0)",2534,-2.544396211524566,-3.8484714641685556,0.4514601420678769,1175277600000,1483120800000
"('uncond', 18, 8, -1, 0)",2534,-0.7621941594330369,-1.2069929264251467,0.47750591949486976,1175277600000,1483120800000
"('uncond', 19, 1, 1, 0)",2526,-1.45360253365136,-4.543592592501048,0.4156769596199525,1175281200000,1483124400000
"('uncond', 19, 1, -1, 0)",2526,-1.9822644497242081,-6.162394769004915,0.41488519398258117,1175281200000,1483124400000
"('uncond', 19, 2, 1, 0)",2526,-1.0559382422815837,-2.5971381645094684,0.44536817102137766,1175281200000,1483124400000
"('uncond', 19, 2, -1, 0)",2526,-2.7250593824240976,-7.233761144310563,0.3974663499604117,1175281200000,1483124400000
"('uncond', 19, 4, 1, 0)",2526,-1.834718923200047,-4.07772289775332,0.444972288202692,1175281200000,1483124400000
"('uncond', 19, 4, -1, 0)",2526,-1.6891923990511737,-3.9727615306527055,0.42874109263657956,1175281200000,1483124400000
"('uncond', 19, 8, 1, 0)",2526,-1.3715360253377893,-2.26494718748669,0.47783056215360253,1175281200000,1483124400000
"('uncond', 19, 8, -1, 0)",2526,-1.9384402216956704,-3.2475847296992817,0.43547110055423593,1175281200000,1483124400000
"('uncond', 20, 1, 1, 0)",2021,-1.5465611083635162,-5.306396540830482,0.41761504205838695,1175544000000,1483041600000
"('uncond', 20, 1, -1, 0)",2021,-2.623701138051787,-8.822069383719768,0.34982681840672936,1175544000000,1483041600000
"('uncond', 20, 2, 1, 0)",2021,-2.2459178624456553,-6.775246492033837,0.4062345373577437,1175544000000,1483041600000
"('uncond', 20, 2, -1, 0)",2021,-1.8876298861962755,-5.495067055620136,0.38644235526966847,1175544000000,1483041600000
"('uncond', 20, 4, 1, 0)",2021,-2.8257298367158064,-6.365793647059222,0.41167738743196436,1175544000000,1483041600000
"('uncond', 20, 4, -1, 0)",2021,-0.7864918357262025,-1.8019206077405914,0.45522018802572983,1175544000000,1483041600000
"('uncond', 20, 8, 1, 0)",2021,-1.3008906481952962,-1.9594441689265776,0.47501237011380504,1175544000000,1483041600000
"('uncond', 20, 8, -1, 0)",2021,-2.01622958931351,-2.9590332238075083,0.45126175160811477,1175544000000,1483041600000
"('uncond', 21, 1, 1, 0)",1832,-2.899344978167232,-12.352880096916838,0.3029475982532751,1175634000000,1483045200000
"('uncond', 21, 1, -1, 0)",1832,-1.3080786026214126,-5.655362836596355,0.3662663755458515,1175634000000,1483045200000
"('uncond', 21, 2, 1, 0)",1832,-3.4731986899576706,-11.712304626436133,0.3318777292576419,1175634000000,1483045200000
"('uncond', 21, 2, -1, 0)",1832,-0.49776200873493803,-1.8065478903093743,0.43995633187772926,1175634000000,1483045200000
"('uncond', 21, 4, 1, 0)",1832,-4.957969432315727,-10.53724502834663,0.384825327510917,1175634000000,1483045200000
"('uncond', 21, 4, -1, 0)",1832,1.1423034934484786,2.4565211649309884,0.50764192139738,1175634000000,1483045200000
"('uncond', 21, 8, 1, 0)",1832,-2.5140829694336153,-3.7340072927087267,0.45360262008733626,1175634000000,1483045200000
"('uncond', 21, 8, -1, 0)",1832,-0.9068777292589366,-1.3781117528866034,0.4672489082969432,1175634000000,1483045200000
"('uncond', 22, 1, 1, 0)",1929,-2.393623639192609,-11.087615574766179,0.32089165370658373,1175551200000,1482962400000
"('uncond', 22, 1, -1, 0)",1929,-1.4921202695710503,-7.318513852641482,0.3711767755313634,1175551200000,1482962400000
"('uncond', 22, 2, 1, 0)",1929,-2.792534992225271,-8.628034224462752,0.3820632452047693,1175551200000,1482962400000
"('uncond', 22, 2, -1, 0)",1929,-1.0110419906700838,-3.1715863861492526,0.43131156039398655,1175551200000,1482962400000
"('uncond', 22, 4, 1, 0)",1929,-3.045826853293178,-5.806690767546116,0.4048729911871436,1175551200000,1482962400000
"('uncond', 22, 4, -1, 0)",1929,-0.7308968377410713,-1.3852719805495013,0.49144634525660963,1175551200000,1482962400000
"('uncond', 22, 8, 1, 0)",1929,-0.9066355624689343,-1.2763276413702993,0.46967340590979784,1175551200000,1482962400000
"('uncond', 22, 8, -1, 0)",1929,-2.5863659927436835,-3.5886343422069498,0.4603421461897356,1175551200000,1482962400000
"('uncond', 23, 1, 1, 0)",1999,-2.1832916458242444,-8.501095913722061,0.376688344172086,1175554800000,1483052400000
"('uncond', 23, 1, -1, 0)",1999,-1.5495247623825095,-6.16055673041587,0.3936968484242121,1175554800000,1483052400000
"('uncond', 23, 2, 1, 0)",1999,-3.387393696849747,-8.740736739376077,0.39119559779889945,1175554800000,1483052400000
"('uncond', 23, 2, -1, 0)",1999,-0.31295647824040734,-0.8104568116588405,0.471735867933967,1175554800000,1483052400000
"('uncond', 23, 4, 1, 0)",1999,-1.0391195597812053,-1.893215369610618,0.4657328664332166,1175554800000,1483052400000
"('uncond', 23, 4, -1, 0)",1999,-2.3496248124074985,-4.1826382567627824,0.4412206103051526,1175554800000,1483052400000
"('uncond', 23, 8, 1, 0)",1999,0.23406703351544617,0.32058374675485596,0.4947473736868434,1175554800000,1483052400000
"('uncond', 23, 8, -1, 0)",1999,-3.5396198099062524,-4.690706242752264,0.4432216108054027,1175554800000,1483052400000
"('cond', 0, 1, 'mom', 1)",2485,-2.0148088531200004,-6.902802215353249,0.4084507042253521,1175472000000,1483056000000
"('cond', 0, 1, 'rev', 1)",2485,-1.637142857144182,-5.564304738077286,0.45030181086519117,1175472000000,1483056000000
"('cond', 0, 4, 'mom', 1)",2485,-2.2103420523151778,-4.241289367363101,0.43380281690140843,1175472000000,1483056000000
"('cond', 0, 4, 'rev', 1)",2485,-1.1325150905445767,-2.262745551559476,0.4824949698189135,1175472000000,1483056000000
"('cond', 0, 8, 'mom', 1)",2485,-2.9639839034218034,-3.9132973826690693,0.462374245472837,1175472000000,1483056000000
"('cond', 0, 8, 'rev', 1)",2485,-0.6054728370234325,-0.792759252658203,0.4768611670020121,1175472000000,1483056000000
"('cond', 0, 1, 'mom', 4)",1986,-2.614249748238961,-8.256955478973238,0.3972809667673716,1175558400000,1483056000000
"('cond', 0, 1, 'rev', 4)",1986,-1.0186304128915395,-3.2034532189124176,0.459718026183283,1175558400000,1483056000000
"('cond', 0, 4, 'mom', 4)",1986,-2.5619335347444783,-4.510625850534229,0.4310171198388721,1175558400000,1483056000000
"('cond', 0, 4, 'rev', 4)",1986,-0.6339879154091747,-1.1601775829878038,0.4838872104733132,1175558400000,1483056000000
"('cond', 0, 8, 'mom', 4)",1986,-3.7041792547847843,-4.455953735334386,0.4516616314199396,1175558400000,1483056000000
"('cond', 0, 8, 'rev', 4)",1986,0.35543806646395604,0.4273548940717769,0.48942598187311176,1175558400000,1483056000000
"('cond', 0, 1, 'mom', 12)",1992,-2.733232931728209,-8.611601585504983,0.40210843373493976,1175558400000,1483056000000
"('cond', 0, 1, 'rev', 12)",1992,-0.9039156626519058,-2.847575443183675,0.45532128514056225,1175558400000,1483056000000
"('cond', 0, 4, 'mom', 12)",1992,-3.279066265061543,-5.7798801430016535,0.41616465863453816,1175558400000,1483056000000
"('cond', 0, 4, 'rev', 12)",1992,0.072389558231638,0.13318896127045002,0.49849397590361444,1175558400000,1483056000000
"('cond', 0, 8, 'mom', 12)",1992,-2.90155622490091,-3.49665581832848,0.44176706827309237,1175558400000,1483056000000
"('cond', 0, 8, 'rev', 12)",1992,-0.45100401606554485,-0.5430394646581503,0.49899598393574296,1175558400000,1483056000000
"('cond', 0, 1, 'mom', 24)",1994,-2.6778335005027993,-8.437091038842508,0.39518555667001004,1175558400000,1483056000000
"('cond', 0, 1, 'rev', 24)",1994,-0.9637412236723197,-3.049370069589453,0.46238716148445336,1175558400000,1483056000000
"('cond', 0, 4, 'mom', 24)",1994,-3.2254262788378076,-5.960315852840784,0.4262788365095286,1175558400000,1483056000000
"('cond', 0, 4, 'rev', 24)",1994,0.034052156468110224,0.05968530587191162,0.4879638916750251,1175558400000,1483056000000
"('cond', 0, 8, 'mom', 24)",1994,-3.276078234705426,-3.92602453367533,0.44132397191574724,1175558400000,1483056000000
"('cond', 0, 8, 'rev', 24)",1994,-0.06659979939947784,-0.08076056844569,0.49849548645937813,1175558400000,1483056000000
"('cond', 1, 1, 'mom', 1)",2491,-1.6603372139716015,-6.089471972954417,0.4090726615816941,1175475600000,1483059600000
"('cond', 1, 1, 'rev', 1)",2491,-1.8596146126066952,-6.820725441698876,0.41830590124448014,1175475600000,1483059600000
"('cond', 1, 4, 'mom', 1)",2491,-2.351184263349365,-5.181773240178271,0.4263348052990767,1175475600000,1483059600000
"('cond', 1, 4, 'rev', 1)",2491,-0.9450822962678871,-2.113981185682719,0.46527498996386996,1175475600000,1483059600000
"('cond', 1, 8, 'mom', 1)",2491,-1.148695303092439,-1.4286300287985736,0.47972701726214373,1175475600000,1483059600000
"('cond', 1, 8, 'rev', 1)",2491,-2.2415897230041506,-2.813946004628926,0.47691690084303495,1175475600000,1483059600000
"('cond', 1, 1, 'mom', 4)",1992,-2.2308734939771946,-7.51964439716944,0.38002008032128515,1175562000000,1483059600000
"('cond', 1, 1, 'rev', 4)",1992,-1.2823293172703831,-4.312158344012813,0.4523092369477912,1175562000000,1483059600000
"('cond', 1, 4, 'mom', 4)",1992,-2.8204819277121516,-5.414851013197193,0.40612449799196787,1175562000000,1483059600000
"('cond', 1, 4, 'rev', 4)",1992,-0.333483935744275,-0.6682737854226664,0.4799196787148594,1175562000000,1483059600000
"('cond', 1, 8, 'mom', 4)",1992,-3.3268072289169734,-3.7946355176844215,0.46335341365461846,1175562000000,1483059600000
"('cond', 1, 8, 'rev', 4)",1992,0.016315261042854128,0.018617549827702428,0.4919678714859438,1175562000000,1483059600000
"('cond', 1, 1, 'mom', 12)",1996,-2.4527054108229374,-8.259575453389681,0.37975951903807614,1175562000000,1483059600000
"('cond', 1, 1, 'rev', 12)",1996,-1.0622745490995005,-3.5872829809763096,0.45240480961923846,1175562000000,1483059600000
"('cond', 1, 4, 'mom', 12)",1996,-2.600300601203706,-5.0010628829591415,0.4003006012024048,1175562000000,1483059600000
"('cond', 1, 4, 'rev', 12)",1996,-0.5566132264542171,-1.116350352572524,0.48597194388777554,1175562000000,1483059600000
"('cond', 1, 8, 'mom', 12)",1996,-3.0656813627267545,-3.5129444078509175,0.45991983967935873,1175562000000,1483059600000
"('cond', 1, 8, 'rev', 12)",1996,-0.24674348697527648,-0.2810684919488893,0.4954909819639279,1175562000000,1483059600000
"('cond', 1, 1, 'mom', 24)",1974,-2.3871833839931926,-7.941835999275812,0.3961499493414387,1175562000000,1483059600000
"('cond', 1, 1, 'rev', 24)",1974,-1.1119047619060598,-3.72264217224877,0.43667679837892603,1175562000000,1483059600000
"('cond', 1, 4, 'mom', 24)",1974,-1.8393110435676736,-3.536551029863489,0.4265450861195542,1175562000000,1483059600000
"('cond', 1, 4, 'rev', 24)",1974,-1.3075987841958254,-2.56779106287417,0.46048632218844987,1175562000000,1483059600000
"('cond', 1, 8, 'mom', 24)",1974,-2.5224417426558428,-2.9045913072045555,0.46200607902735563,1175562000000,1483059600000
"('cond', 1, 8, 'rev', 24)",1974,-0.8133738601836654,-0.9169402466739981,0.4949341438703141,1175562000000,1483059600000
"('cond', 2, 1, 'mom', 1)",2342,-1.262083689155893,-5.039631789665685,0.4013663535439795,1175479200000,1483063200000
"('cond', 2, 1, 'rev', 1)",2342,-2.0653287788228356,-8.767051918292807,0.41374893253629375,1175479200000,1483063200000
"('cond', 2, 4, 'mom', 1)",2342,-1.0497438087118292,-2.418131351311893,0.45260461144321096,1175479200000,1483063200000
"('cond', 2, 4, 'rev', 1)",2342,-2.2736122971832033,-5.526927155021517,0.4521776259607173,1175479200000,1483063200000
"('cond', 2, 8, 'mom', 1)",2342,-1.46285226302437,-1.6878548260074566,0.4735269000853971,1175479200000,1483063200000
"('cond', 2, 8, 'rev', 1)",2342,-2.010888129804884,-2.3040799122046125,0.4748078565328779,1175479200000,1483063200000
"('cond', 2, 1, 'mom', 4)",2206,-1.6021305530384924,-6.150775124754078,0.38213961922030826,1175479200000,1483063200000
"('cond', 2, 1, 'rev', 4)",2206,-1.7224388032651259,-7.039140679079571,0.4310970081595648,1175479200000,1483063200000
"('cond', 2, 4, 'mom', 4)",2206,-2.7002266545797378,-5.954769797409282,0.4224841341795104,1175479200000,1483063200000
"('cond', 2, 4, 'rev', 4)",2206,-0.5971894832288664,-1.3930317590212649,0.48050770625566636,1175479200000,1483063200000
"('cond', 2, 8, 'mom', 4)",2206,-3.417588395286903,-3.835101564720371,0.45330915684496825,1175479200000,1483063200000
"('cond', 2, 8, 'rev', 4)",2206,-0.11477787851442602,-0.12811066936486637,0.49501359927470534,1175479200000,1483063200000
"('cond', 2, 1, 'mom', 12)",1893,-1.640253565769927,-5.829411208197463,0.4035921817221342,1175565600000,1483063200000
"('cond', 2, 1, 'rev', 12)",1893,-1.6707871104080556,-6.318897430899211,0.41310089804543054,1175565600000,1483063200000
"('cond', 2, 4, 'mom', 12)",1893,-2.244532488115436,-4.631189602527679,0.4247226624405705,1175565600000,1483063200000
"('cond', 2, 4, 'rev', 12)",1893,-1.036291600635199,-2.125491159361469,0.4828314844162705,1175565600000,1483063200000
"('cond', 2, 8, 'mom', 12)",1893,-1.927311146329872,-2.012448846845918,0.45219228737453776,1175565600000,1483063200000
"('cond', 2, 8, 'rev', 12)",1893,-1.5966719492881476,-1.6214195491700298,0.49815108293713684,1175565600000,1483063200000
"('cond', 2, 1, 'mom', 24)",1893,-1.4540940306405068,-5.139325870478892,0.40253565768621236,1175565600000,1483063200000
"('cond', 2, 1, 'rev', 24)",1893,-1.8574220813536413,-7.045880862430255,0.41362916006339145,1175565600000,1483063200000
"('cond', 2, 4, 'mom', 24)",1893,-1.292023243530092,-2.6012160023694353,0.44532488114104596,1175565600000,1483063200000
"('cond', 2, 4, 'rev', 24)",1893,-1.9890121500277282,-4.182160162079059,0.46222926571579503,1175565600000,1483063200000
"('cond', 2, 8, 'mom', 24)",1893,-0.46946645536314885,-0.4879839515108351,0.479661912308505,1175565600000,1483063200000
"('cond', 2, 8, 'rev', 24)",1893,-3.054675118860259,-3.1179642748557397,0.4712097200211305,1175565600000,1483063200000
"('cond', 3, 1, 'mom', 1)",2505,-1.2335329341330477,-6.114427851909359,0.37524950099800397,1175482800000,1483066800000
"('cond', 3, 1, 'rev', 1)",2505,-2.1801596806400263,-10.79842472772408,0.41077844311377243,1175482800000,1483066800000
"('cond', 3, 4, 'mom', 1)",2505,-1.8908183632747506,-4.073337566092052,0.4554890219560878,1175482800000,1483066800000
"('cond', 3, 4, 'rev', 1)",2505,-1.496726546907484,-3.2184952604079933,0.469061876247505,1175482800000,1483066800000
"('cond', 3, 8, 'mom', 1)",2505,-0.45277445109909575,-0.5183749062310484,0.486626746506986,1175482800000,1483066800000
"('cond', 3, 8, 'rev', 1)",2505,-2.512694610779748,-2.8603359928614767,0.47105788423153694,1175482800000,1483066800000
"('cond', 3, 1, 'mom', 4)",2512,-1.7943471337592651,-8.890422357769124,0.366640127388535,1175482800000,1483066800000
"('cond', 3, 1, 'rev', 4)",2512,-1.6221337579630988,-8.062699787610795,0.41759554140127386,1175482800000,1483066800000
"('cond', 3, 4, 'mom', 4)",2512,-1.8186305732496986,-3.92639828970561,0.44546178343949044,1175482800000,1483066800000
"('cond', 3, 4, 'rev', 4)",2512,-1.5757961783452537,-3.401302003360783,0.4781050955414013,1175482800000,1483066800000
"('cond', 3, 8, 'mom', 4)",2512,0.0429936305719621,0.049063438079339675,0.4856687898089172,1175482800000,1483066800000
"('cond', 3, 8, 'rev', 4)",2512,-3.0179140127401642,-3.460842606490125,0.4713375796178344,1175482800000,1483066800000
"('cond', 3, 1, 'mom', 12)",2003,-1.6305541687481833,-7.148352629878356,0.37144283574638043,1175569200000,1483066800000
"('cond', 3, 1, 'rev', 12)",2003,-1.765152271593921,-7.802860302376654,0.4143784323514728,1175569200000,1483066800000
"('cond', 3, 4, 'mom', 12)",2003,-2.4342486270607044,-4.713384934935994,0.42636045931103345,1175569200000,1483066800000
"('cond', 3, 4, 'rev', 12)",2003,-0.9569645531715402,-1.840923790577435,0.49425861208187716,1175569200000,1483066800000
"('cond', 3, 8, 'mom', 12)",2003,-0.3206689965065306,-0.3275579120479373,0.472790813779331,1175569200000,1483066800000
"('cond', 3, 8, 'rev', 12)",2003,-2.813479780330797,-2.882921172049968,0.48427358961557665,1175569200000,1483066800000
"('cond', 3, 1, 'mom', 24)",2006,-1.4264207377879388,-6.260565108589155,0.3913260219341974,1175569200000,1483066800000
"('cond', 3, 1, 'rev', 24)",2006,-1.9706879361927376,-8.742855486223226,0.3938185443668993,1175569200000,1483066800000
"('cond', 3, 4, 'mom', 24)",2006,-1.153988035893611,-2.233301903943476,0.45014955134596213,1175569200000,1483066800000
"('cond', 3, 4, 'rev', 24)",2006,-2.2379361914270226,-4.3176118941496595,0.4695912263210369,1175569200000,1483066800000
"('cond', 3, 8, 'mom', 24)",2006,-0.01600199401923963,-0.01631410725938176,0.47756729810568294,1175569200000,1483066800000
"('cond', 3, 8, 'rev', 24)",2006,-3.103389830509759,-3.1848438287516685,0.4795613160518445,1175569200000,1483066800000
"('cond', 4, 1, 'mom', 1)",2480,-2.252137096775489,-11.311410327975514,0.3536290322580645,1175486400000,1483070400000
"('cond', 4, 1, 'rev', 1)",2480,-1.1808467741948692,-5.9098956578556106,0.42338709677419356,1175486400000,1483070400000
"('cond', 4, 4, 'mom', 1)",2480,-2.5243548387109938,-4.355349235744378,0.4596774193548387,1175486400000,1483070400000
"('cond', 4, 4, 'rev', 1)",2480,-0.8592338709690477,-1.465606158591252,0.4814516129032258,1175486400000,1483070400000
"('cond', 4, 8, 'mom', 1)",2480,-1.6852016129045368,-1.8161875922203599,0.47338709677419355,1175486400000,1483070400000
"('cond', 4, 8, 'rev', 1)",2480,-1.2606854838722785,-1.3453131311331123,0.4846774193548387,1175486400000,1483070400000
"('cond', 4, 1, 'mom', 4)",2499,-1.8775910364158377,-9.49398394797286,0.37214885954381755,1175486400000,1483070400000
"('cond', 4, 1, 'rev', 4)",2499,-1.5573429371762142,-7.81196222981648,0.40296118447378954,1175486400000,1483070400000
"('cond', 4, 4, 'mom', 4)",2499,-0.8804321728704445,-1.5150071040550643,0.4777911164465786,1175486400000,1483070400000
"('cond', 4, 4, 'rev', 4)",2499,-2.513285314126975,-4.3212164027049695,0.4617847138855542,1175486400000,1483070400000
"('cond', 4, 8, 'mom', 4)",2499,-0.7627450980405439,-0.8188121937656393,0.484593837535014,1175486400000,1483070400000
"('cond', 4, 8, 'rev', 4)",2499,-2.151660664266999,-2.3252909616655497,0.4729891956782713,1175486400000,1483070400000
"('cond', 4, 1, 'mom', 12)",1997,-1.8482223335015282,-8.126760301701042,0.36955433149724587,1175572800000,1483070400000
"('cond', 4, 1, 'rev', 12)",1997,-1.583324987482542,-6.8745978260632095,0.4011016524787181,1175572800000,1483070400000
"('cond', 4, 4, 'mom', 12)",1997,-2.1279919879832847,-3.3314435848949357,0.4656985478217326,1175572800000,1483070400000
"('cond', 4, 4, 'rev', 12)",1997,-1.3244366549837827,-2.0296686655522835,0.47371056584877314,1175572800000,1483070400000
"('cond', 4, 8, 'mom', 12)",1997,-1.6206810215336285,-1.5633455855390779,0.4646970455683525,1175572800000,1483070400000
"('cond', 4, 8, 'rev', 12)",1997,-1.4324987481234817,-1.3848721533375057,0.49173760640961445,1175572800000,1483070400000
"('cond', 4, 1, 'mom', 24)",2002,-1.4099400599413392,-6.20027183483197,0.3856143856143856,1175572800000,1483070400000
"('cond', 4, 1, 'rev', 24)",2002,-2.022027972029289,-8.814677525232366,0.3851148851148851,1175572800000,1483070400000
"('cond', 4, 4, 'mom', 24)",2002,-1.0437062937076098,-1.622940315422354,0.474025974025974,1175572800000,1483070400000
"('cond', 4, 4, 'rev', 24)",2002,-2.4091908091921157,-3.731866101256686,0.46553446553446554,1175572800000,1483070400000
"('cond', 4, 8, 'mom', 24)",2002,-0.6241758241771328,-0.5972586809140835,0.47502497502497504,1175572800000,1483070400000
"('cond', 4, 8, 'rev', 24)",2002,-2.4342657342670524,-2.378785044626165,0.48151848151848153,1175572800000,1483070400000
"('cond', 5, 1, 'mom', 1)",2490,-2.1105220883547076,-9.358230689418722,0.39076305220883534,1175490000000,1483074000000
"('cond', 5, 1, 'rev', 1)",2490,-1.300000000001266,-5.757092298266264,0.43253012048192774,1175490000000,1483074000000
"('cond', 5, 4, 'mom', 1)",2490,-2.683172690764349,-3.909297465978411,0.4534136546184739,1175490000000,1483074000000
"('cond', 5, 4, 'rev', 1)",2490,-0.6233734939772025,-0.898316621058207,0.4979919678714859,1175490000000,1483074000000
"('cond', 5, 8, 'mom', 1)",2490,-2.2829718875515104,-2.262711254317312,0.45863453815261046,1175490000000,1483074000000
"('cond', 5, 8, 'rev', 1)",2490,-0.71333333333462,-0.7084677387647306,0.4843373493975904,1175490000000,1483074000000
"('cond', 5, 1, 'mom', 4)",2479,-1.5379991932243662,-6.826599386457715,0.4058087938684954,1175490000000,1483074000000
"('cond', 5, 1, 'rev', 4)",2479,-1.867244856798362,-8.298428301584478,0.4171036708350141,1175490000000,1483074000000
"('cond', 5, 4, 'mom', 4)",2479,-1.7939491730549633,-2.5978552664263828,0.4663170633319887,1175490000000,1483074000000
"('cond', 5, 4, 'rev', 4)",2479,-1.5044776119415768,-2.184646259650012,0.4848729326341267,1175490000000,1483074000000
"('cond', 5, 8, 'mom', 4)",2479,-1.0396934247693481,-1.0234041875426665,0.4703509479628883,1175490000000,1483074000000
"('cond', 5, 8, 'rev', 4)",2479,-1.9412666397754017,-1.9402459957560776,0.47115772488906815,1175490000000,1483074000000
"('cond', 5, 1, 'mom', 12)",2006,-1.9619641076782772,-7.661492605007216,0.38584247258225324,1175576400000,1483074000000
"('cond', 5, 1, 'rev', 12)",2006,-1.4402791625137048,-5.621734827281034,0.4406779661016949,1175576400000,1483074000000
"('cond', 5, 4, 'mom', 12)",2006,-2.2191924227331157,-2.967083629501976,0.46560319042871384,1175576400000,1483074000000
"('cond', 5, 4, 'rev', 12)",2006,-1.1537886340989825,-1.5185828398401997,0.48404785643070786,1175576400000,1483074000000
"('cond', 5, 8, 'mom', 12)",2006,-1.6748753738796687,-1.464067932387703,0.44715852442671983,1175576400000,1483074000000
"('cond', 5, 8, 'rev', 12)",2006,-1.3432203389843267,-1.213198923387613,0.4880358923230309,1175576400000,1483074000000
"('cond', 5, 1, 'mom', 24)",2008,-1.6630976095630234,-6.495702753219637,0.4028884462151394,1175576400000,1483074000000
"('cond', 5, 1, 'rev', 24)",2008,-1.738695219124786,-6.795067352008369,0.42380478087649404,1175576400000,1483074000000
"('cond', 5, 4, 'mom', 24)",2008,-2.0438745019933444,-2.728195755357583,0.45617529880478086,1175576400000,1483074000000
"('cond', 5, 4, 'rev', 24)",2008,-1.3284362549813529,-1.753754522564196,0.49352589641434264,1175576400000,1483074000000
"('cond', 5, 8, 'mom', 24)",2008,-1.3741533864554825,-1.2199991124233127,0.45667330677290835,1175576400000,1483074000000
"('cond', 5, 8, 'rev', 24)",2008,-1.6424302788857408,-1.4623106212389274,0.47858565737051795,1175576400000,1483074000000
"('cond', 6, 1, 'mom', 1)",2515,-2.0813121272379025,-6.195273382703799,0.4433399602385686,1175493600000,1483077600000
"('cond', 6, 1, 'rev', 1)",2515,-1.3079125248521983,-3.8817972918967993,0.45606361829025843,1175493600000,1483077600000
"('cond', 6, 4, 'mom', 1)",2515,-1.635825049703093,-2.209358424441331,0.46520874751491054,1175493600000,1483077600000
"('cond', 6, 4, 'rev', 1)",2515,-1.7149502982120493,-2.3074104963850113,0.48667992047713715,1175493600000,1483077600000
"('cond', 6, 8, 'mom', 1)",2515,-2.2024254473174416,-2.079362721250229,0.4600397614314115,1175493600000,1483077600000
"('cond', 6, 8, 'rev', 1)",2515,-1.2566202783313483,-1.1554855596699403,0.4711729622266402,1175493600000,1483077600000
"('cond', 6, 1, 'mom', 4)",2518,-2.0078236695803513,-5.975893904613405,0.43208895949166004,1175493600000,1483077600000
"('cond', 6, 1, 'rev', 4)",2518,-1.382803812550949,-4.102700791365085,0.4670373312152502,1175493600000,1483077600000
"('cond', 6, 4, 'mom', 4)",2518,-0.5098888006367286,-0.6889554860617342,0.47378872120730736,1175493600000,1483077600000
"('cond', 6, 4, 'rev', 4)",2518,-2.833558379667716,-3.824531514349724,0.4777601270849881,1175493600000,1483077600000
"('cond', 6, 8, 'mom', 4)",2518,-0.4455917394771114,-0.41386570905233316,0.47180301826846704,1175493600000,1483077600000
"('cond', 6, 8, 'rev', 4)",2518,-3.0234312946796447,-2.8330568537514256,0.45869737887212075,1175493600000,1483077600000
"('cond', 6, 1, 'mom', 12)",2011,-1.7087021382409955,-4.589815374830801,0.4341123818995525,1175580000000,1483077600000
"('cond', 6, 1, 'rev', 12)",2011,-1.6804077573359677,-4.515069054203503,0.46544007956240674,1175580000000,1483077600000
"('cond', 6, 4, 'mom', 12)",2011,-1.0486822476392832,-1.266827920581708,0.47886623570363,1175580000000,1483077600000
"('cond', 6, 4, 'rev', 12)",2011,-2.2777722526119533,-2.7492664111129574,0.47190452511188463,1175580000000,1483077600000
"('cond', 6, 8, 'mom', 12)",2011,-0.7360019890614747,-0.6135277482284672,0.4629537543510691,1175580000000,1483077600000
"('cond', 6, 8, 'rev', 12)",2011,-2.886374937843204,-2.3901724515801717,0.460964694181999,1175580000000,1483077600000
"('cond', 6, 1, 'mom', 24)",2015,-1.51647642680031,-4.080709667483613,0.4287841191066998,1175580000000,1483077600000
"('cond', 6, 1, 'rev', 24)",2015,-1.8725558312668276,-5.040782658385122,0.4704714640198511,1175580000000,1483077600000
"('cond', 6, 4, 'mom', 24)",2015,-1.2634739454107422,-1.5365619611912498,0.4531017369727047,1175580000000,1483077600000
"('cond', 6, 4, 'rev', 24)",2015,-2.077816377172506,-2.497328426750303,0.4977667493796526,1175580000000,1483077600000
"('cond', 6, 8, 'mom', 24)",2015,-1.5248635235745325,-1.2646138107986353,0.4595533498759305,1175580000000,1483077600000
"('cond', 6, 8, 'rev', 24)",2015,-2.1232258064529232,-1.7710400566837146,0.4640198511166253,1175580000000,1483077600000
"('cond', 7, 1, 'mom', 1)",2521,-3.5196350654515234,-8.48722873413248,0.42324474414914715,1175497200000,1483081200000
"('cond', 7, 1, 'rev', 1)",2521,0.3869892899629637,0.9365054343734583,0.4974216580721936,1175497200000,1483081200000
"('cond', 7, 4, 'mom', 1)",2521,-4.470924236415425,-5.774891420665664,0.45418484728282427,1175497200000,1483081200000
"('cond', 7, 4, 'rev', 1)",2521,1.5051566838542825,1.897114135400961,0.50059500198334,1175497200000,1483081200000
"('cond', 7, 8, 'mom', 1)",2521,-4.2683458944876245,-3.8235726975739253,0.44823482744942483,1175497200000,1483081200000
"('cond', 7, 8, 'rev', 1)",2521,1.6218167393878133,1.372226645995404,0.46767155890519635,1175497200000,1483081200000
"('cond', 7, 1, 'mom', 4)",2524,-3.046790808242205,-7.348931877380243,0.419175911251981,1175497200000,1483081200000
"('cond', 7, 1, 'rev', 4)",2524,-0.09263074485077018,-0.2232663843388808,0.5003961965134707,1175497200000,1483081200000
"('cond', 7, 4, 'mom', 4)",2524,-3.483201267830159,-4.473517078551389,0.45047543581616484,1175497200000,1483081200000
"('cond', 7, 4, 'rev', 4)",2524,0.4622028526135809,0.588297916600791,0.5031695721077655,1175497200000,1483081200000
"('cond', 7, 8, 'mom', 4)",2524,-2.598851030112229,-2.299486777119703,0.4568145800316957,1175497200000,1483081200000
"('cond', 7, 8, 'rev', 4)",2524,-0.12460380348786329,-0.10698665065701153,0.45839936608557846,1175497200000,1483081200000
"('cond', 7, 1, 'mom', 12)",2017,-2.2854734754599293,-4.934522690016604,0.4372830937035201,1175583600000,1483081200000
"('cond', 7, 1, 'rev', 12)",2017,-0.8519087754103599,-1.8361816176673864,0.4814080317302925,1175583600000,1483081200000
"('cond', 7, 4, 'mom', 12)",2017,-2.130937035202114,-2.4009583729217523,0.46802181457610315,1175583600000,1483081200000
"('cond', 7, 4, 'rev', 12)",2017,-0.8528011898872946,-0.9663544031919851,0.48686167575607336,1175583600000,1483081200000
"('cond', 7, 8, 'mom', 12)",2017,-1.4900347050087506,-1.152571260490869,0.4595934556271691,1175583600000,1483081200000
"('cond', 7, 8, 'rev', 12)",2017,-1.5462072384742966,-1.1904719539275408,0.44918195339613287,1175583600000,1483081200000
"('cond', 7, 1, 'mom', 24)",2022,-1.0853115727016394,-2.331563828591005,0.44906033630069236,1175583600000,1483081200000
"('cond', 7, 1, 'rev', 24)",2022,-2.0524233432258505,-4.4598545948781245,0.4688427299703264,1175583600000,1483081200000
"('cond', 7, 4, 'mom', 24)",2022,-0.6948565776472142,-0.7852453009095922,0.48516320474777447,1175583600000,1483081200000
"('cond', 7, 4, 'rev', 24)",2022,-2.289713155293117,-2.597951628906489,0.47032640949554894,1175583600000,1483081200000
"('cond', 7, 8, 'mom', 24)",2022,-0.6464886251249582,-0.49895732085072053,0.4619188921859545,1175583600000,1483081200000
"('cond', 7, 8, 'rev', 24)",2022,-2.3350148367965633,-1.8069984407159687,0.4465875370919881,1175583600000,1483081200000
"('cond', 8, 1, 'mom', 1)",2526,-2.313262074427303,-5.356269511711027,0.441409342834521,1175500800000,1483084800000
"('cond', 8, 1, 'rev', 1)",2526,-0.857403008710731,-2.038768487227967,0.4730799683293745,1175500800000,1483084800000
"('cond', 8, 4, 'mom', 1)",2526,-2.5465558194787734,-3.3262657923663133,0.45724465558194777,1175500800000,1483084800000
"('cond', 8, 4, 'rev', 1)",2526,-0.25245447347715677,-0.3274106420094021,0.4885193982581156,1175500800000,1483084800000
"('cond', 8, 8, 'mom', 1)",2526,-3.8900237529704738,-3.330407052358049,0.4342834520981789,1175500800000,1483084800000
"('cond', 8, 8, 'rev', 1)",2526,1.6921615201887037,1.4314947226263768,0.48891528107680127,1175500800000,1483084800000
"('cond', 8, 1, 'mom', 4)",2526,-1.9939034045935744,-4.710905897049375,0.443784639746635,1175500800000,1483084800000
"('cond', 8, 1, 'rev', 4)",2526,-1.1756532066521401,-2.7400922976377875,0.47110055423594616,1175500800000,1483084800000
"('cond', 8, 4, 'mom', 4)",2526,-2.1194774346806624,-2.7903781344714593,0.47624703087885983,1175500800000,1483084800000
"('cond', 8, 4, 'rev', 4)",2526,-0.696437054633145,-0.8976172170892636,0.46991290577988915,1175500800000,1483084800000
"('cond', 8, 8, 'mom', 4)",2526,-1.9308788598588207,-1.6557458997368566,0.4592240696753761,1175500800000,1483084800000
"('cond', 8, 8, 'rev', 4)",2526,-0.2847585114819376,-0.23987914454188516,0.4639746634996041,1175500800000,1483084800000
"('cond', 8, 1, 'mom', 12)",2018,-2.252378592667336,-4.724374083948099,0.4415262636273538,1175587200000,1483084800000
"('cond', 8, 1, 'rev', 12)",2018,-0.9682358771073694,-2.036475228875351,0.4767096134786918,1175587200000,1483084800000
"('cond', 8, 4, 'mom', 12)",2018,-2.72477700693888,-3.1646606537021706,0.4638255698711596,1175587200000,1483084800000
"('cond', 8, 4, 'rev', 12)",2018,-0.1184340931628861,-0.13462953086305496,0.4796828543111992,1175587200000,1483084800000
"('cond', 8, 8, 'mom', 12)",2018,-2.2931119920726912,-1.7332306625452885,0.4568880079286422,1175587200000,1483084800000
"('cond', 8, 8, 'rev', 12)",2018,-0.18899900892106425,-0.14073977868375379,0.4618434093161546,1175587200000,1483084800000
"('cond', 8, 1, 'mom', 24)",2021,-1.7849084611591919,-3.744649466866765,0.43691241959426025,1175587200000,1483084800000
"('cond', 8, 1, 'rev', 24)",2021,-1.437308263237325,-3.028903107687291,0.48095002474022763,1175587200000,1483084800000
"('cond', 8, 4, 'mom', 24)",2021,-0.6212271152907933,-0.7072995111004743,0.47699158832261257,1175587200000,1483084800000
"('cond', 8, 4, 'rev', 24)",2021,-2.2239980207831183,-2.5821223257803103,0.46660069272637306,1175587200000,1483084800000
"('cond', 8, 8, 'mom', 24)",2021,-0.6225136071265301,-0.4688311637502626,0.4661058881741712,1175587200000,1483084800000
"('cond', 8, 8, 'rev', 24)",2021,-1.850717466602024,-1.3838546970109264,0.45274616526472045,1175587200000,1483084800000
"('cond', 9, 1, 'mom', 1)",2524,-1.200118858955337,-3.1855417271679496,0.4274960380348653,1175504400000,1483088400000
"('cond', 9, 1, 'rev', 1)",2524,-2.1323296355005152,-5.5567803509469815,0.4706814580031696,1175504400000,1483088400000
"('cond', 9, 4, 'mom', 1)",2524,-1.502575277338868,-1.9457519733122544,0.47305863708399365,1175504400000,1483088400000
"('cond', 9, 4, 'rev', 1)",2524,-1.4995641838364786,-1.9010494204018866,0.47702060221870046,1175504400000,1483088400000
"('cond', 9, 8, 'mom', 1)",2524,-0.3597068145813364,-0.31592912705183485,0.472662440570523,1175504400000,1483088400000
"('cond', 9, 8, 'rev', 1)",2524,-2.5980982567366535,-2.238924409009899,0.46275752773375595,1175504400000,1483088400000
"('cond', 9, 1, 'mom', 4)",2529,-1.284381178332655,-3.396602068045406,0.43297746144721233,1175504400000,1483088400000
"('cond', 9, 1, 'rev', 4)",2529,-2.046698299724515,-5.345791671286561,0.4654013444049031,1175504400000,1483088400000
"('cond', 9, 4, 'mom', 4)",2529,-1.4195334124172707,-1.8528582262297562,0.48438117833135624,1175504400000,1483088400000
"('cond', 9, 4, 'rev', 4)",2529,-1.4959272439712565,-1.8861487601799738,0.465005931198102,1175504400000,1483088400000
"('cond', 9, 8, 'mom', 4)",2529,-1.4356267299340792,-1.2648904547145037,0.46461051799130093,1175504400000,1483088400000
"('cond', 9, 8, 'rev', 4)",2529,-1.422419928826942,-1.2247094706826878,0.47014630288651643,1175504400000,1483088400000
"('cond', 9, 1, 'mom', 12)",2018,-1.5224975223006145,-3.4522715895009037,0.44301288404360756,1175590800000,1483088400000
"('cond', 9, 1, 'rev', 12)",2018,-1.833746283450257,-4.118340380008318,0.454410307234886,1175590800000,1483088400000
"('cond', 9, 4, 'mom', 12)",2018,-2.663528245789209,-3.025996186601999,0.47125867195242815,1175590800000,1483088400000
"('cond', 9, 4, 'rev', 12)",2018,-0.31323092170594746,-0.34246793541239284,0.4871159563924678,1175590800000,1483088400000
"('cond', 9, 8, 'mom', 12)",2018,-2.4341922695751372,-1.8688592494165952,0.46333002973240833,1175590800000,1483088400000
"('cond', 9, 8, 'rev', 12)",2018,-0.4076313181380765,-0.3089689589941933,0.46778989098116946,1175590800000,1483088400000
"('cond', 9, 1, 'mom', 24)",2018,-0.7759167492579442,-1.76052931896138,0.45044598612487613,1175590800000,1483088400000
"('cond', 9, 1, 'rev', 24)",2018,-2.5793855302293003,-5.7933043761815695,0.4474727452923687,1175590800000,1483088400000
"('cond', 9, 4, 'mom', 24)",2018,-0.31268582755329977,-0.35023632694175927,0.48662041625371655,1175590800000,1483088400000
"('cond', 9, 4, 'rev', 24)",2018,-2.66333002973373,-2.9513067842751726,0.4717542120911794,1175590800000,1483088400000
"('cond', 9, 8, 'mom', 24)",2018,-1.6142715559973058,-1.2496370401256898,0.4692765113974232,1175590800000,1483088400000
"('cond', 9, 8, 'rev', 24)",2018,-1.2305748265622904,-0.9225742542614477,0.46233894945490583,1175590800000,1483088400000
"('cond', 10, 1, 'mom', 1)",2524,-1.139183835183505,-3.2832028700992533,0.43225039619651345,1175508000000,1483092000000
"('cond', 10, 1, 'rev', 1)",2524,-2.0794770206035382,-6.031202268581752,0.45641838351822506,1175508000000,1483092000000
"('cond', 10, 4, 'mom', 1)",2524,-0.03161648177622677,-0.03834636008422586,0.47900158478605387,1175508000000,1483092000000
"('cond', 10, 4, 'rev', 1)",2524,-2.8494453248824887,-3.433603383434997,0.4611727416798732,1175508000000,1483092000000
"('cond', 10, 8, 'mom', 1)",2524,0.034191759111275186,0.030014644978134292,0.4706814580031696,1175508000000,1483092000000
"('cond', 10, 8, 'rev', 1)",2524,-3.461291600635259,-3.06242265268515,0.46275752773375595,1175508000000,1483092000000
"('cond', 10, 1, 'mom', 4)",2529,-1.1062475286687279,-3.2012317712931866,0.44483985765124556,1175508000000,1483092000000
"('cond', 10, 1, 'rev', 4)",2529,-2.112771846580981,-6.106792390359302,0.4424673784104389,1175508000000,1483092000000
"('cond', 10, 4, 'mom', 4)",2529,-1.608817714512946,-1.9668515396934882,0.4693554764729142,1175508000000,1483092000000
"('cond', 10, 4, 'rev', 4)",2529,-1.2755239225003425,-1.5331664239217337,0.47014630288651643,1175508000000,1483092000000
"('cond', 10, 8, 'mom', 4)",2529,-0.9448793989731942,-0.8409066832861716,0.46737841043890865,1175508000000,1483092000000
"('cond', 10, 8, 'rev', 4)",2529,-2.5038355081072887,-2.2001142594350482,0.46461051799130093,1175508000000,1483092000000
"('cond', 10, 1, 'mom', 12)",2357,-1.2315231226147825,-3.4737688816105994,0.4336020364870598,1175508000000,1483092000000
"('cond', 10, 1, 'rev', 12)",2357,-1.9925328807819498,-5.60727053758879,0.45396690708527787,1175508000000,1483092000000
"('cond', 10, 4, 'mom', 12)",2357,-1.7456936784060602,-2.0598729503293676,0.46414934238438693,1175508000000,1483092000000
"('cond', 10, 4, 'rev', 12)",2357,-1.1745439117535412,-1.3436024289860433,0.47645311837081034,1175508000000,1483092000000
"('cond', 10, 8, 'mom', 12)",2357,-1.1895630038196874,-1.015095403789437,0.46754348748408997,1175508000000,1483092000000
"('cond', 10, 8, 'rev', 12)",2357,-2.309800593976706,-1.9643175324264657,0.4624522698345354,1175508000000,1483092000000
"('cond', 10, 1, 'mom', 24)",2019,-1.3684001981191676,-3.4914850597471188,0.4487369985141159,1175594400000,1483092000000
"('cond', 10, 1, 'rev', 24)",2019,-1.8525012382380412,-4.718842684224547,0.4427934621099554,1175594400000,1483092000000
"('cond', 10, 4, 'mom', 24)",2019,-1.6679544328888711,-1.776831625840975,0.46656760772659733,1175594400000,1483092000000
"('cond', 10, 4, 'rev', 24)",2019,-1.2383358098081518,-1.290693661408455,0.4759782070331847,1175594400000,1483092000000
"('cond', 10, 8, 'mom', 24)",2019,-2.5475482912345866,-2.0080184093100177,0.4631005448241704,1175594400000,1483092000000
"('cond', 10, 8, 'rev', 24)",2019,-1.06156513125438,-0.8134652721834459,0.4645864289252105,1175594400000,1483092000000
"('cond', 11, 1, 'mom', 1)",2528,-1.4333465189886232,-4.185019899638578,0.4260284810126582,1175511600000,1483095600000
"('cond', 11, 1, 'rev', 1)",2528,-1.690743670887398,-4.96755237386853,0.4632120253164557,1175511600000,1483095600000
"('cond', 11, 4, 'mom', 1)",2528,0.9401503164544247,1.040031875764521,0.4849683544303797,1175511600000,1483095600000
"('cond', 11, 4, 'rev', 1)",2528,-3.859889240507645,-4.3384027908384075,0.45806962025316456,1175511600000,1483095600000
"('cond', 11, 8, 'mom', 1)",2528,1.4357199367075684,1.258469352070762,0.49169303797468356,1175511600000,1483095600000
"('cond', 11, 8, 'rev', 1)",2528,-4.448813291140537,-3.9718213446077795,0.45055379746835444,1175511600000,1483095600000
"('cond', 11, 1, 'mom', 4)",2536,-1.431269716089613,-4.174901436169151,0.4333596214511041,1175511600000,1483095600000
"('cond', 11, 1, 'rev', 4)",2536,-1.6951892744492683,-5.0057393500996055,0.4550473186119874,1175511600000,1483095600000
"('cond', 11, 4, 'mom', 4)",2536,-0.42160883280884837,-0.47471732909721315,0.47910094637223977,1175511600000,1483095600000
"('cond', 11, 4, 'rev', 4)",2536,-2.532570977919292,-2.8000741446441713,0.46253943217665616,1175511600000,1483095600000
"('cond', 11, 8, 'mom', 4)",2536,-0.22432965299812296,-0.19956326246527278,0.4802839116719243,1175511600000,1483095600000
"('cond', 11, 8, 'rev', 4)",2536,-2.808675078865667,-2.474025607429311,0.4605678233438486,1175511600000,1483095600000
"('cond', 11, 1, 'mom', 12)",2531,-1.4160015804042965,-4.134803259649108,0.44053733702094033,1175511600000,1483095600000
"('cond', 11, 1, 'rev', 12)",2531,-1.709640458318181,-5.042971242729112,0.44804425128407743,1175511600000,1483095600000
"('cond', 11, 4, 'mom', 12)",2531,-1.3266693006729537,-1.4880188962107437,0.46898459107072304,1175511600000,1483095600000
"('cond', 11, 4, 'rev', 12)",2531,-1.6374160410917833,-1.8129262998197646,0.47254049782694585,1175511600000,1483095600000
"('cond', 11, 8, 'mom', 12)",2531,-0.5724219676030107,-0.5050677783991522,0.47214539707625447,1175511600000,1483095600000
"('cond', 11, 8, 'rev', 12)",2531,-2.4623073883853572,-2.1845992451549905,0.46898459107072304,1175511600000,1483095600000
"('cond', 11, 1, 'mom', 24)",2023,-0.8941176470601117,-2.2570820007585004,0.45081562036579337,1175598000000,1483095600000
"('cond', 11, 1, 'rev', 24)",2023,-2.2310430054387775,-5.711986953131962,0.44043499752842313,1175598000000,1483095600000
"('cond', 11, 4, 'mom', 24)",2023,-0.8848739495811042,-0.857988283597494,0.4730598121601582,1175598000000,1483095600000
"('cond', 11, 4, 'rev', 24)",2023,-2.132921403856966,-2.0664080017272064,0.4666337123084528,1175598000000,1483095600000
"('cond', 11, 8, 'mom', 24)",2023,0.0562036579325057,0.043434676259393484,0.4888779041028176,1175598000000,1483095600000
"('cond', 11, 8, 'rev', 24)",2023,-3.0695501730117063,-2.3731770064730684,0.4483440434997528,1175598000000,1483095600000
"('cond', 12, 1, 'mom', 1)",2525,-1.5255445544567119,-3.3092814110962236,0.44356435643564357,1175515200000,1483099200000
"('cond', 12, 1, 'rev', 1)",2525,-1.5389702970310162,-3.2669111964231203,0.48158415841584157,1175515200000,1483099200000
"('cond', 12, 4, 'mom', 1)",2525,-1.9181386138626837,-2.0565821695938764,0.48316831683168315,1175515200000,1483099200000
"('cond', 12, 4, 'rev', 1)",2525,-0.9780594059419175,-1.0466960018759905,0.4689108910891089,1175515200000,1483099200000
"('cond', 12, 8, 'mom', 1)",2525,-1.268514851486446,-1.1480956314971797,0.4645544554455446,1175515200000,1483099200000
"('cond', 12, 8, 'rev', 1)",2525,-0.9516435643577763,-0.8438072358666159,0.47247524752475245,1175515200000,1483099200000
"('cond', 12, 1, 'mom', 4)",2531,-1.3642433820637205,-2.925616830215712,0.44725404978269456,1175515200000,1483099200000
"('cond', 12, 1, 'rev', 4)",2531,-1.677992888187774,-3.580118685268106,0.47846700908731726,1175515200000,1483099200000
"('cond', 12, 4, 'mom', 4)",2531,0.33970762544317035,0.36476697151847715,0.49466613986566577,1175515200000,1483099200000
"('cond', 12, 4, 'rev', 4)",2531,-3.208178585540616,-3.4338401889368724,0.45752666930067165,1175515200000,1483099200000
"('cond', 12, 8, 'mom', 4)",2531,1.0505728960871665,0.9403495239290596,0.47807190833662583,1175515200000,1483099200000
"('cond', 12, 8, 'rev', 4)",2531,-3.237534571316986,-2.908675416856973,0.4591070723034374,1175515200000,1483099200000
"('cond', 12, 1, 'mom', 12)",2530,-1.74873517786691,-3.773481779310925,0.44031620553359685,1175515200000,1483099200000
"('cond', 12, 1, 'rev', 12)",2530,-1.2926877470368565,-2.7393293655523143,0.48458498023715413,1175515200000,1483099200000
"('cond', 12, 4, 'mom', 12)",2530,-0.6603557312266147,-0.7155324004655826,0.4909090909090909,1175515200000,1483099200000
"('cond', 12, 4, 'rev', 12)",2530,-2.252450592886679,-2.39331742603392,0.46126482213438735,1175515200000,1483099200000
"('cond', 12, 8, 'mom', 12)",2530,-0.36031620553492294,-0.33177989862698437,0.4723320158102767,1175515200000,1483099200000
"('cond', 12, 8, 'rev', 12)",2530,-1.8829644268787795,-1.647969107080003,0.46482213438735176,1175515200000,1483099200000
"('cond', 12, 1, 'mom', 24)",2021,-1.1568530430493025,-2.101299496876124,0.45423057892132607,1175601600000,1483099200000
"('cond', 12, 1, 'rev', 24)",2021,-1.8702127659587269,-3.4079339177360453,0.47550717466600695,1175601600000,1483099200000
"('cond', 12, 4, 'mom', 24)",2021,-0.17748639287611323,-0.164230674750868,0.4972785749628897,1175601600000,1483099200000
"('cond', 12, 4, 'rev', 24)",2021,-2.7278080158350613,-2.5568243566965534,0.45571499257793174,1175601600000,1483099200000
"('cond', 12, 8, 'mom', 24)",2021,0.42632360217582077,0.33360630090531324,0.48193963384463134,1175601600000,1483099200000
"('cond', 12, 8, 'rev', 24)",2021,-2.39312221672571,-1.8697357711364935,0.45522018802572983,1175601600000,1483099200000
"('cond', 13, 1, 'mom', 1)",2525,-1.8595643564369448,-3.7527654713110588,0.43445544554455445,1175518800000,1483102800000
"('cond', 13, 1, 'rev', 1)",2525,-1.0771485148528164,-2.1398174930956038,0.47049504950495047,1175518800000,1483102800000
"('cond', 13, 4, 'mom', 1)",2525,-1.8722376237636587,-2.1215068492786577,0.462970297029703,1175518800000,1483102800000
"('cond', 13, 4, 'rev', 1)",2525,-1.016039603961719,-1.1269833602361403,0.49227722772277227,1175518800000,1483102800000
"('cond', 13, 8, 'mom', 1)",2525,-1.2124752475260583,-1.1311723045504696,0.46574257425742577,1175518800000,1483102800000
"('cond', 13, 8, 'rev', 1)",2525,-1.2140594059419134,-1.140889567768518,0.48514851485148514,1175518800000,1483102800000
"('cond', 13, 1, 'mom', 4)",2528,-1.5240901898747314,-3.0419529594895076,0.4363132911392405,1175518800000,1483102800000
"('cond', 13, 1, 'rev', 4)",2528,-1.4112737341785373,-2.8682051179825545,0.4675632911392405,1175518800000,1483102800000
"('cond', 13, 4, 'mom', 4)",2528,-0.7989319620266403,-0.9032353258204671,0.4762658227848101,1175518800000,1483102800000
"('cond', 13, 4, 'rev', 4)",2528,-2.0715585443050823,-2.315634012806651,0.47824367088607594,1175518800000,1483102800000
"('cond', 13, 8, 'mom', 4)",2528,-0.2609572784823162,-0.24649856385329094,0.46677215189873417,1175518800000,1483102800000
"('cond', 13, 8, 'rev', 4)",2528,-2.1608386075962613,-2.0113242729613092,0.4833860759493671,1175518800000,1483102800000
"('cond', 13, 1, 'mom', 12)",2504,-1.453634185304808,-2.940203637678956,0.4396964856230032,1175518800000,1483102800000
"('cond', 13, 1, 'rev', 12)",2504,-1.471845047924663,-2.8915047998696273,0.46405750798722045,1175518800000,1483102800000
"('cond', 13, 4, 'mom', 12)",2504,-1.6775559105444293,-1.9304725498287176,0.47324281150159747,1175518800000,1483102800000
"('cond', 13, 4, 'rev', 12)",2504,-1.2298322683719185,-1.3440853307906373,0.48083067092651754,1175518800000,1483102800000
"('cond', 13, 8, 'mom', 12)",2504,-0.8299121405763813,-0.8001478194540191,0.4764376996805112,1175518800000,1483102800000
"('cond', 13, 8, 'rev', 12)",2504,-1.6107428115029232,-1.4614839688994454,0.47324281150159747,1175518800000,1483102800000
"('cond', 13, 1, 'mom', 24)",2019,-0.9272907379904068,-1.585326981844287,0.4576523031203566,1175605200000,1483102800000
"('cond', 13, 1, 'rev', 24)",2019,-1.9448241703827038,-3.3210436968512886,0.45269935611688955,1175605200000,1483102800000
"('cond', 13, 4, 'mom', 24)",2019,-0.8008420009918931,-0.7833688190174788,0.4794452699356117,1175605200000,1483102800000
"('cond', 13, 4, 'rev', 24)",2019,-1.956067360080569,-1.9051118148737183,0.4749876176324913,1175605200000,1483102800000
"('cond', 13, 8, 'mom', 24)",2019,0.3122337790972624,0.2526463768335692,0.48192174343734523,1175605200000,1483102800000
"('cond', 13, 8, 'rev', 24)",2019,-2.3890044576536154,-1.9517859551785561,0.46904408122833086,1175605200000,1483102800000
"('cond', 14, 1, 'mom', 1)",2529,-1.6741004349558546,-3.307428359551062,0.46579675761170425,1175522400000,1483106400000
"('cond', 14, 1, 'rev', 1)",2529,-1.6011862396217014,-3.14782468108722,0.46223803875049424,1175522400000,1483106400000
"('cond', 14, 4, 'mom', 1)",2529,-1.9016211941491967,-2.3263160150503417,0.46026097271648875,1175522400000,1483106400000
"('cond', 14, 4, 'rev', 1)",2529,-1.857137208384065,-2.2638629106245864,0.48398576512455516,1175522400000,1483106400000
"('cond', 14, 8, 'mom', 1)",2529,-0.8255041518399748,-0.8467850195465619,0.48398576512455516,1175522400000,1483106400000
"('cond', 14, 8, 'rev', 1)",2529,-3.102293396600744,-3.229311650948917,0.4586793198892843,1175522400000,1483106400000
"('cond', 14, 1, 'mom', 4)",2533,-1.2820765890262014,-2.523446857508371,0.47058823529411764,1175522400000,1483106400000
"('cond', 14, 1, 'rev', 4)",2533,-2.0081326490340623,-3.968288008741332,0.4583497828661666,1175522400000,1483106400000
"('cond', 14, 4, 'mom', 4)",2533,-0.8066324516396827,-0.9988143601034786,0.46624555862613504,1175522400000,1483106400000
"('cond', 14, 4, 'rev', 4)",2533,-2.985787603633366,-3.6041474669537705,0.47808922226608763,1175522400000,1483106400000
"('cond', 14, 8, 'mom', 4)",2533,0.269482826686435,0.28014707075153555,0.4848006316620608,1175522400000,1483106400000
"('cond', 14, 8, 'rev', 4)",2533,-4.24354520331754,-4.371702156729608,0.45716541650217135,1175522400000,1483106400000
"('cond', 14, 1, 'mom', 12)",2532,-1.1631121642983278,-2.289467160423289,0.4687993680884676,1175522400000,1483106400000
"('cond', 14, 1, 'rev', 12)",2532,-2.126145339653744,-4.214933094030596,0.4597156398104265,1175522400000,1483106400000
"('cond', 14, 4, 'mom', 12)",2532,-1.3849921011071535,-1.7091550061091332,0.46248025276461296,1175522400000,1483106400000
"('cond', 14, 4, 'rev', 12)",2532,-2.4157977883109463,-2.9280856558605617,0.48183254344391785,1175522400000,1483106400000
"('cond', 14, 8, 'mom', 12)",2532,-0.19644549763162858,-0.20354981326389623,0.4782780410742496,1175522400000,1483106400000
"('cond', 14, 8, 'rev', 12)",2532,-3.7775276461308476,-3.9032091053994113,0.4636650868878357,1175522400000,1483106400000
"('cond', 14, 1, 'mom', 24)",2023,-1.5338606030660868,-2.657582612140548,0.46910528917449335,1175608800000,1483106400000
"('cond', 14, 1, 'rev', 24)",2023,-1.7708353929820047,-3.065222253995524,0.45773603559070686,1175608800000,1483106400000
"('cond', 14, 4, 'mom', 24)",2023,-1.620612951064088,-1.769386880489527,0.4671280276816609,1175608800000,1483106400000
"('cond', 14, 4, 'rev', 24)",2023,-2.1789421651026384,-2.310130923656983,0.4784972812654474,1175608800000,1483106400000
"('cond', 14, 8, 'mom', 24)",2023,-0.7145823035109504,-0.6519325399304036,0.48788927335640137,1175608800000,1483106400000
"('cond', 14, 8, 'rev', 24)",2023,-3.1831438457748944,-2.849864668525035,0.4547701433514582,1175608800000,1483106400000
"('cond', 15, 1, 'mom', 1)",2528,-1.487697784811452,-3.3532045661182828,0.4295886075949367,1175526000000,1483110000000
"('cond', 15, 1, 'rev', 1)",2528,-1.7161787974696618,-3.820046577313621,0.47389240506329117,1175526000000,1483110000000
"('cond', 15, 4, 'mom', 1)",2528,-1.2082278481025905,-1.6723849819595884,0.4612341772151899,1175526000000,1483110000000
"('cond', 15, 4, 'rev', 1)",2528,-1.5365110759506473,-2.1277214241063995,0.47943037974683544,1175526000000,1483110000000
"('cond', 15, 8, 'mom', 1)",2528,-0.6671281645582889,-0.8081894332728077,0.4596518987341772,1175526000000,1483110000000
"('cond', 15, 8, 'rev', 1)",2528,-2.3359572784822973,-2.834366594485074,0.47270569620253167,1175526000000,1483110000000
"('cond', 15, 1, 'mom', 4)",2529,-1.8123764333741696,-4.0818047562113415,0.4302095689996046,1175526000000,1483110000000
"('cond', 15, 1, 'rev', 4)",2529,-1.3929221035995942,-3.105675990888503,0.47291419533412415,1175526000000,1483110000000
"('cond', 15, 4, 'mom', 4)",2529,-1.8807433768300852,-2.625054738388018,0.44286279161724,1175526000000,1483110000000
"('cond', 15, 4, 'rev', 4)",2529,-0.85915381573875,-1.1834717255429867,0.4974298141557928,1175526000000,1483110000000
"('cond', 15, 8, 'mom', 4)",2529,-1.3203637801515524,-1.6151513394060206,0.4476077500988533,1175526000000,1483110000000
"('cond', 15, 8, 'rev', 4)",2529,-1.6724792408079576,-2.0129599524234134,0.48398576512455516,1175526000000,1483110000000
"('cond', 15, 1, 'mom', 12)",2530,-1.3278656126495298,-2.9883446183225275,0.424901185770751,1175526000000,1483110000000
"('cond', 15, 1, 'rev', 12)",2530,-1.8784980237167395,-4.1983480099108865,0.47786561264822136,1175526000000,1483110000000
"('cond', 15, 4, 'mom', 12)",2530,-0.8951383399222502,-1.2562656029883492,0.458102766798419,1175526000000,1483110000000
"('cond', 15, 4, 'rev', 12)",2530,-1.8513833992107889,-2.5344563964656306,0.4818181818181818,1175526000000,1483110000000
"('cond', 15, 8, 'mom', 12)",2530,-0.4400395256929996,-0.5352184096200878,0.4632411067193676,1175526000000,1483110000000
"('cond', 15, 8, 'rev', 12)",2530,-2.565177865613959,-3.105616997072915,0.4683794466403162,1175526000000,1483110000000
"('cond', 15, 1, 'mom', 24)",2020,-1.0660891089121771,-2.0791269257073646,0.44554455445544555,1175612400000,1483110000000
"('cond', 15, 1, 'rev', 24)",2020,-2.12504950495181,-4.150485245615204,0.4623762376237624,1175612400000,1483110000000
"('cond', 15, 4, 'mom', 24)",2020,-0.848613861387426,-1.0478855758672752,0.4613861386138614,1175612400000,1483110000000
"('cond', 15, 4, 'rev', 24)",2020,-1.8423267326745703,-2.2048668094965294,0.4797029702970297,1175612400000,1483110000000
"('cond', 15, 8, 'mom', 24)",2020,-0.22495049505079168,-0.23977703610514922,0.47425742574257423,1175612400000,1483110000000
"('cond', 15, 8, 'rev', 24)",2020,-2.616683168318123,-2.7708568879599036,0.45792079207920794,1175612400000,1483110000000
"('cond', 16, 1, 'mom', 1)",2526,-2.4958828186869684,-6.817803293000854,0.41488519398258117,1175529600000,1483113600000
"('cond', 16, 1, 'rev', 1)",2526,-0.6286619160741804,-1.7084055748177316,0.4897070467141726,1175529600000,1483113600000
"('cond', 16, 4, 'mom', 1)",2526,-2.1421615201913444,-3.2273061920299133,0.4418052256532066,1175529600000,1483113600000
"('cond', 16, 4, 'rev', 1)",2526,-1.1190023752982508,-1.6835164654701487,0.4837688044338876,1175529600000,1483113600000
"('cond', 16, 8, 'mom', 1)",2526,-1.8630641330179372,-2.4943608760364717,0.447347585114806,1175529600000,1483113600000
"('cond', 16, 8, 'rev', 1)",2526,-1.3253365003972033,-1.7797151754285083,0.4829770387965162,1175529600000,1483113600000
"('cond', 16, 1, 'mom', 4)",2531,-2.132911892533914,-5.828296415539235,0.41050967996839194,1175529600000,1483113600000
"('cond', 16, 1, 'rev', 4)",2531,-0.9918609245370756,-2.698496017291318,0.4930857368629,1175529600000,1483113600000
"('cond', 16, 4, 'mom', 4)",2531,-1.5526669300685083,-2.3592451108066217,0.4381667325167918,1175529600000,1483113600000
"('cond', 16, 4, 'rev', 4)",2531,-1.6970367443711327,-2.535729561243733,0.48755432635322005,1175529600000,1483113600000
"('cond', 16, 8, 'mom', 4)",2531,-0.7338206242605091,-0.982618989878995,0.45476096404583166,1175529600000,1483113600000
"('cond', 16, 8, 'rev', 4)",2531,-2.454998024497553,-3.3061002946113693,0.4757013038324773,1175529600000,1483113600000
"('cond', 16, 1, 'mom', 12)",2533,-2.536083695224374,-6.928833180727487,0.401500197394394,1175529600000,1483113600000
"('cond', 16, 1, 'rev', 12)",2533,-0.5896960126345628,-1.6100817403321508,0.5013817607579945,1175529600000,1483113600000
"('cond', 16, 4, 'mom', 12)",2533,-1.516186340309266,-2.291634489337621,0.44769048559020924,1175529600000,1483113600000
"('cond', 16, 4, 'rev', 12)",2533,-1.7341492301631924,-2.6082553645231696,0.4772996446900908,1175529600000,1483113600000
"('cond', 16, 8, 'mom', 12)",2533,-0.7532964863811068,-1.007462879593308,0.4559810501381761,1175529600000,1483113600000
"('cond', 16, 8, 'rev', 12)",2533,-2.4371891038307605,-3.287077474984223,0.4745361231741019,1175529600000,1483113600000
"('cond', 16, 1, 'mom', 24)",2019,-2.896681525508995,-6.974203114380821,0.399702823179792,1175616000000,1483113600000
"('cond', 16, 1, 'rev', 24)",2019,-0.23184744923362197,-0.5563138433677476,0.5066864784546805,1175616000000,1483113600000
"('cond', 16, 4, 'mom', 24)",2019,-1.0441307578022172,-1.3637388858979516,0.4611193660227836,1175616000000,1483113600000
"('cond', 16, 4, 'rev', 24)",2019,-2.04715205547435,-2.704230074377628,0.4640911342248638,1175616000000,1483113600000
"('cond', 16, 8, 'mom', 24)",2019,-0.4697870232801696,-0.5383463036945414,0.4650817236255572,1175616000000,1483113600000
"('cond', 16, 8, 'rev', 24)",2019,-2.535710747896289,-3.013416346500161,0.46854878652798415,1175616000000,1483113600000
"('cond', 17, 1, 'mom', 1)",2524,-2.279754358162949,-6.772528295186903,0.4041204437400951,1175533200000,1483117200000
"('cond', 17, 1, 'rev', 1)",2524,-0.963114104597195,-2.8025263610852944,0.47583201267828845,1175533200000,1483117200000
"('cond', 17, 4, 'mom', 1)",2524,-2.7344294770219064,-4.435314836412795,0.4231378763866878,1175533200000,1483117200000
"('cond', 17, 4, 'rev', 1)",2524,-0.619374009510027,-1.04704109436399,0.48534072900158476,1175533200000,1483117200000
"('cond', 17, 8, 'mom', 1)",2524,-2.371671949288132,-3.411367960767518,0.4469096671949287,1175533200000,1483117200000
"('cond', 17, 8, 'rev', 1)",2524,-0.7013470681471219,-1.0449021263092215,0.49445324881141045,1175533200000,1483117200000
"('cond', 17, 1, 'mom', 4)",2529,-1.5637010676169512,-4.636151282931961,0.42269671807038356,1175533200000,1483117200000
"('cond', 17, 1, 'rev', 4)",2529,-1.6795175958890238,-4.898105282273317,0.4570976670620799,1175533200000,1483117200000
"('cond', 17, 4, 'mom', 4)",2529,-1.2299723210768088,-1.998232229389789,0.4523527085804666,1175533200000,1483117200000
"('cond', 17, 4, 'rev', 4)",2529,-2.115579280349291,-3.566973588260824,0.45670225385527874,1175533200000,1483117200000
"('cond', 17, 8, 'mom', 4)",2529,-1.046540134441786,-1.5033767688660205,0.46777382364570974,1175533200000,1483117200000
"('cond', 17, 8, 'rev', 4)",2529,-2.02854883353235,-3.0349666322347786,0.4737050217477264,1175533200000,1483117200000
"('cond', 17, 1, 'mom', 12)",2533,-1.7153178049756361,-5.018766258977042,0.42913541255428345,1175533200000,1483117200000
"('cond', 17, 1, 'rev', 12)",2533,-1.5294907224647998,-4.534710517880226,0.4500592183181998,1175533200000,1483117200000
"('cond', 17, 4, 'mom', 12)",2533,-0.48278720884456616,-0.786920388174796,0.4603237268061587,1175533200000,1483117200000
"('cond', 17, 4, 'rev', 12)",2533,-2.8656533754454547,-4.837271846637882,0.44808527437820767,1175533200000,1483117200000
"('cond', 17, 8, 'mom', 12)",2533,-0.23805763916433734,-0.34554182524440175,0.4733517568101066,1175533200000,1483117200000
"('cond', 17, 8, 'rev', 12)",2533,-2.8426766679839455,-4.214902504658956,0.4682195025661271,1175533200000,1483117200000
"('cond', 17, 1, 'mom', 24)",2021,-1.0946066303823003,-2.864695883142144,0.4487877288471054,1175619600000,1483117200000
"('cond', 17, 1, 'rev', 24)",2021,-2.1104898565079964,-5.492653177625375,0.4359228104898565,1175619600000,1483117200000
"('cond', 17, 4, 'mom', 24)",2021,-0.18322612568166458,-0.25964154321364,0.4764967837704107,1175619600000,1483117200000
"('cond', 17, 4, 'rev', 24)",2021,-2.9766452251373847,-4.28068336166007,0.4408708560118753,1175619600000,1483117200000
"('cond', 17, 8, 'mom', 24)",2021,-0.13577436912549146,-0.17083346865169127,0.48193963384463134,1175619600000,1483117200000
"('cond', 17, 8, 'rev', 24)",2021,-2.747253834736584,-3.567248595275886,0.45719940623453736,1175619600000,1483117200000
"('cond', 18, 1, 'mom', 1)",2522,-1.8446074544025695,-5.2664102012863285,0.40245836637589216,1175536800000,1483120800000
"('cond', 18, 1, 'rev', 1)",2522,-1.2368754956396817,-3.4086717301366805,0.4639175257731959,1175536800000,1483120800000
"('cond', 18, 4, 'mom', 1)",2522,-2.873314829501679,-5.469497692569327,0.41118160190325137,1175536800000,1483120800000
"('cond', 18, 4, 'rev', 1)",2522,-0.4806106264882257,-0.8741636205783094,0.4821570182394925,1175536800000,1483120800000
"('cond', 18, 8, 'mom', 1)",2522,-2.9277954004771076,-4.5855653761177,0.4409199048374306,1175536800000,1483120800000
"('cond', 18, 8, 'rev', 1)",2522,-0.38747026169836246,-0.5889783477192223,0.4881046788263283,1175536800000,1483120800000
"('cond', 18, 1, 'mom', 4)",2527,-1.7379501385054663,-5.097656065311815,0.4103680253264741,1175536800000,1483120800000
"('cond', 18, 1, 'rev', 4)",2527,-1.3440443213309297,-3.628718868785404,0.4558765334388603,1175536800000,1483120800000
"('cond', 18, 4, 'mom', 4)",2527,-2.2165413533847627,-4.287567888307335,0.4190740007914523,1175536800000,1483120800000
"('cond', 18, 4, 'rev', 4)",2527,-1.1374356945006932,-2.0435173238450712,0.47328848436881676,1175536800000,1483120800000
"('cond', 18, 8, 'mom', 4)",2527,-2.791650178078074,-4.394642963438654,0.43569449940641075,1175536800000,1483120800000
"('cond', 18, 8, 'rev', 4)",2527,-0.5126632370412568,-0.7763390507850412,0.4930747922437673,1175536800000,1483120800000
"('cond', 18, 1, 'mom', 12)",2531,-0.6243382062439059,-1.73474674912374,0.43619122876333466,1175536800000,1483120800000
"('cond', 18, 1, 'rev', 12)",2531,-2.4580798103529258,-7.021548108446708,0.4298696167522718,1175536800000,1483120800000
"('cond', 18, 4, 'mom', 12)",2531,-0.5688265507717393,-1.053086571137563,0.444883445278546,1175536800000,1483120800000
"('cond', 18, 4, 'rev', 12)",2531,-2.7862109838021665,-5.240744206195704,0.447649150533386,1175536800000,1483120800000
"('cond', 18, 8, 'mom', 12)",2531,-1.1516791781917388,-1.7747366528893087,0.46305807981035163,1175536800000,1483120800000
"('cond', 18, 8, 'rev', 12)",2531,-2.1640063216133005,-3.3581305167694655,0.4658237850651916,1175536800000,1483120800000
"('cond', 18, 1, 'mom', 24)",2020,-0.6431188118824852,-1.5073249491171632,0.4410891089108911,1175623200000,1483120800000
"('cond', 18, 1, 'rev', 24)",2020,-2.373712871288429,-5.765410570102063,0.4282178217821782,1175623200000,1483120800000
"('cond', 18, 4, 'mom', 24)",2020,-0.22123762376367745,-0.35111958099362334,0.4608910891089109,1175623200000,1483120800000
"('cond', 18, 4, 'rev', 24)",2020,-3.0502970297042644,-4.947080755407366,0.44356435643564357,1175623200000,1483120800000
"('cond', 18, 8, 'mom', 24)",2020,-1.346831683169601,-1.8089622465293405,0.4693069306930693,1175623200000,1483120800000
"('cond', 18, 8, 'rev', 24)",2020,-1.898960396040901,-2.6101412693588393,0.4618811881188119,1175623200000,1483120800000
"('cond', 19, 1, 'mom', 1)",2519,-1.9529972211207975,-6.055898035068299,0.38467645891226676,1175281200000,1483124400000
"('cond', 19, 1, 'rev', 1)",2519,-1.4813815005968154,-4.623301423389081,0.4462088130210401,1175281200000,1483124400000
"('cond', 19, 4, 'mom', 1)",2519,-2.406986899564602,-5.3238232458959605,0.39380706629614926,1175281200000,1483124400000
"('cond', 19, 4, 'rev', 1)",2519,-1.1148868598663457,-2.6282357623083,0.48034934497816595,1175281200000,1483124400000
"('cond', 19, 8, 'mom', 1)",2519,-2.3379118697908776,-3.827178802388787,0.44462088130210403,1175281200000,1483124400000
"('cond', 19, 8, 'rev', 1)",2519,-0.9706629614939576,-1.6341108524890748,0.4684398570861453,1175281200000,1483124400000
"('cond', 19, 1, 'mom', 4)",2522,-2.372085646313777,-7.363979773261089,0.3719270420301348,1175540400000,1483124400000
"('cond', 19, 1, 'rev', 4)",2522,-1.064234734339146,-3.3254506744845473,0.4587628865979381,1175540400000,1483124400000
"('cond', 19, 4, 'mom', 4)",2522,-3.1386201427451503,-6.983003527289753,0.38620142743854086,1175540400000,1483124400000
"('cond', 19, 4, 'rev', 4)",2522,-0.38449643140495565,-0.9042231958781239,0.48770816812053924,1175540400000,1483124400000
"('cond', 19, 8, 'mom', 4)",2522,-3.2398096748625056,-5.395887732143482,0.4183187946074544,1175540400000,1483124400000
"('cond', 19, 8, 'rev', 4)",2522,-0.06970658207901137,-0.11577723485176236,0.4948453608247423,1175540400000,1483124400000
"('cond', 19, 1, 'mom', 12)",2523,-1.6537059056691699,-5.153234668323157,0.3947681331747919,1175540400000,1483124400000
"('cond', 19, 1, 'rev', 12)",2523,-1.7820848196604682,-5.578454279940191,0.43559254855330953,1175540400000,1483124400000
"('cond', 19, 4, 'mom', 12)",2523,-1.4633769322248358,-3.276211284568799,0.4173602853745541,1175540400000,1483124400000
"('cond', 19, 4, 'rev', 12)",2523,-2.060721363457516,-4.801989915267458,0.4562029330162505,1175540400000,1483124400000
"('cond', 19, 8, 'mom', 12)",2523,-2.1878319460972038,-3.6226521841382198,0.4391597304795878,1175540400000,1483124400000
"('cond', 19, 8, 'rev', 12)",2523,-1.1221561632989558,-1.8719220659247238,0.4740388426476417,1175540400000,1483124400000
"('cond', 19, 1, 'mom', 24)",2014,-1.3419066534273356,-3.5819725841519223,0.4051638530287984,1175626800000,1483124400000
"('cond', 19, 1, 'rev', 24)",2014,-2.0801390268136557,-5.671857041017246,0.4299900695134062,1175626800000,1483124400000
"('cond', 19, 4, 'mom', 24)",2014,-0.9677259185712942,-1.8859306135018126,0.4314796425024826,1175626800000,1483124400000
"('cond', 19, 4, 'rev', 24)",2014,-2.5121648460787664,-5.063313177232464,0.4443892750744787,1175626800000,1483124400000
"('cond', 19, 8, 'mom', 24)",2014,-2.0367924528314574,-3.0514215792610435,0.4483614697120159,1175626800000,1483124400000
"('cond', 19, 8, 'rev', 24)",2014,-1.3212512413121185,-1.9470926799387094,0.46325719960278056,1175626800000,1483124400000
"('cond', 20, 1, 'mom', 1)",2009,-2.3961174713801006,-8.168229954004463,0.36585365853658536,1175544000000,1483041600000
"('cond', 20, 1, 'rev', 1)",2009,-1.7768541562979976,-5.946548392835033,0.4026879044300647,1175544000000,1483041600000
"('cond', 20, 4, 'mom', 1)",2009,-2.3498755599813994,-5.28931731124357,0.40467894474863114,1175544000000,1483041600000
"('cond', 20, 4, 'rev', 1)",2009,-1.2636635141874764,-2.8705015725395358,0.46291687406669985,1175544000000,1483041600000
"('cond', 20, 8, 'mom', 1)",2009,-2.006719761076459,-2.995397441260868,0.45843703334992536,1175544000000,1483041600000
"('cond', 20, 8, 'rev', 1)",2009,-1.3093081134906241,-1.9211431637273066,0.46789447486311597,1175544000000,1483041600000
"('cond', 20, 1, 'mom', 4)",2019,-1.9515106488373946,-6.6794755965962915,0.3620604259534423,1175544000000,1483041600000
"('cond', 20, 1, 'rev', 4)",2019,-2.217632491333642,-7.448370304082848,0.40614165428429916,1175544000000,1483041600000
"('cond', 20, 4, 'mom', 4)",2019,-1.785735512631322,-4.048389396013379,0.4125804853888063,1175544000000,1483041600000
"('cond', 20, 4, 'rev', 4)",2019,-1.8263001485897268,-4.162509392182334,0.45418524021792966,1175544000000,1483041600000
"('cond', 20, 8, 'mom', 4)",2019,-1.7412085190701443,-2.6093014545821918,0.45022288261515603,1175544000000,1483041600000
"('cond', 20, 8, 'rev', 4)",2019,-1.5773155027254449,-2.3274583270859117,0.4759782070331847,1175544000000,1483041600000
"('cond', 20, 1, 'mom', 12)",2020,-1.534950495050809,-5.2626798905452485,0.38366336633663367,1175544000000,1483041600000
"('cond', 20, 1, 'rev', 12)",2020,-2.634801980199353,-8.857681170330412,0.38415841584158417,1175544000000,1483041600000
"('cond', 20, 4, 'mom', 12)",2020,-0.9205445544567532,-2.0925370614002587,0.4207920792079208,1175544000000,1483041600000
"('cond', 20, 4, 'rev', 12)",2020,-2.691435643565673,-6.106445738452425,0.44603960396039605,1175544000000,1483041600000
"('cond', 20, 8, 'mom', 12)",2020,-2.32752475247654,-3.5542712556166474,0.4425742574257426,1175544000000,1483041600000
"('cond', 20, 8, 'rev', 12)",2020,-0.9894059405953893,-1.433471267873047,0.48366336633663365,1175544000000,1483041600000
"('cond', 20, 1, 'mom', 24)",1514,-1.5295904887727652,-4.490918212810128,0.40224570673712023,1175630400000,1483041600000
"('cond', 20, 1, 'rev', 24)",1514,-2.658520475562771,-7.617585275363186,0.3718626155878468,1175630400000,1483041600000
"('cond', 20, 4, 'mom', 24)",1514,-0.4633421400277238,-0.8807391910485278,0.4464993394980185,1175630400000,1483041600000
"('cond', 20, 4, 'rev', 24)",1514,-3.1123513870554778,-6.118202555471977,0.4233817701453104,1175630400000,1483041600000
"('cond', 20, 8, 'mom', 24)",1514,-1.5415455746379971,-2.016095583161829,0.45904887714663145,1175630400000,1483041600000
"('cond', 20, 8, 'rev', 24)",1514,-1.765125495377834,-2.2080072065093557,0.4669749009247028,1175630400000,1483041600000
"('cond', 21, 1, 'mom', 1)",1824,-2.763870614036381,-11.713641968878878,0.2807017543859649,1175634000000,1483045200000
"('cond', 21, 1, 'rev', 1)",1824,-1.4424890350890434,-6.211527505885273,0.3887061403508772,1175634000000,1483045200000
"('cond', 21, 4, 'mom', 1)",1824,-3.0402412280715057,-6.4062520833779555,0.3925438596491228,1175634000000,1483045200000
"('cond', 21, 4, 'rev', 1)",1824,-0.7725877192995353,-1.6331643207639435,0.5005482456140351,1175634000000,1483045200000
"('cond', 21, 8, 'mom', 1)",1824,-3.575932017545162,-5.35992016106911,0.4303728070175439,1175634000000,1483045200000
"('cond', 21, 8, 'rev', 1)",1824,0.14479166666537038,0.21773288477688552,0.4906798245614035,1175634000000,1483045200000
"('cond', 21, 1, 'mom', 4)",1824,-2.4803728070188393,-10.65077973739797,0.29221491228070173,1175634000000,1483045200000
"('cond', 21, 1, 'rev', 4)",1824,-1.728782894738162,-7.321995143287881,0.37774122807017546,1175634000000,1483045200000
"('cond', 21, 4, 'mom', 4)",1824,-2.4238486842118263,-5.137782702701012,0.4309210526315789,1175634000000,1483045200000
"('cond', 21, 4, 'rev', 4)",1824,-1.3909539473697399,-2.910366156883677,0.4616228070175439,1175634000000,1483045200000
"('cond', 21, 8, 'mom', 4)",1824,-1.7071820175451553,-2.5449000300695817,0.4517543859649123,1175634000000,1483045200000
"('cond', 21, 8, 'rev', 4)",1824,-1.7108552631591936,-2.567370191939354,0.46875,1175634000000,1483045200000
"('cond', 21, 1, 'mom', 12)",1829,-2.038928376163162,-8.795620789180619,0.30945872061235646,1175634000000,1483045200000
"('cond', 21, 1, 'rev', 12)",1829,-2.167905959542027,-9.172443671213827,0.35975943138326955,1175634000000,1483045200000
"('cond', 21, 4, 'mom', 12)",1829,-2.2825041006027313,-4.84813437061039,0.42864953526517224,1175634000000,1483045200000
"('cond', 21, 4, 'rev', 12)",1829,-1.5328048113736443,-3.225182284370015,0.46364133406232916,1175634000000,1483045200000
"('cond', 21, 8, 'mom', 12)",1829,-2.4405686167317584,-3.6632266438255194,0.44231820667031163,1175634000000,1483045200000
"('cond', 21, 8, 'rev', 12)",1829,-0.9797156916360618,-1.4696681078390144,0.47840349917987973,1175634000000,1483045200000
"('cond', 21, 1, 'mom', 24)",1374,-1.917685589520986,-6.862426248701343,0.326783114992722,1175634000000,1483045200000
"('cond', 21, 1, 'rev', 24)",1374,-2.292867540030399,-8.057033292664054,0.34934497816593885,1175634000000,1483045200000
"('cond', 21, 4, 'mom', 24)",1374,-2.1338427947611027,-3.9644551934795143,0.4483260553129549,1175634000000,1483045200000
"('cond', 21, 4, 'rev', 24)",1374,-1.738209606988205,-3.184907921276761,0.44250363901018924,1175634000000,1483045200000
"('cond', 21, 8, 'mom', 24)",1374,-2.6246724890842694,-3.3915907565729055,0.46652110625909754,1175634000000,1483045200000
"('cond', 21, 8, 'rev', 24)",1374,-0.8868995633200647,-1.1461875779165627,0.46142649199417757,1175634000000,1483045200000
"('cond', 22, 1, 'mom', 1)",1917,-2.7795513823696023,-12.821475645072816,0.2968179447052686,1175551200000,1482962400000
"('cond', 22, 1, 'rev', 1)",1917,-1.1081898800221883,-5.4260929091727865,0.396452790818988,1175551200000,1482962400000
"('cond', 22, 4, 'mom', 1)",1917,-3.6696400625991092,-6.942600128630397,0.4204486176317162,1175551200000,1482962400000
"('cond', 22, 4, 'rev', 1)",1917,-0.10944183620372466,-0.20791403742076253,0.4757433489827856,1175551200000,1482962400000
"('cond', 22, 8, 'mom', 1)",1917,-3.865571205009142,-5.470713893414972,0.4475743348982786,1175551200000,1482962400000
"('cond', 22, 8, 'rev', 1)",1917,0.3706311945735119,0.5091346928786862,0.4835680751173709,1175551200000,1482962400000
"('cond', 22, 1, 'mom', 4)",1921,-2.3353461738690835,-10.7989792838679,0.30348776678813116,1175551200000,1482962400000
"('cond', 22, 1, 'rev', 4)",1921,-1.5469547110893114,-7.56196301858972,0.3899010931806351,1175551200000,1482962400000
"('cond', 22, 4, 'mom', 4)",1921,-2.1502863092152533,-4.107206536695728,0.43935450286309213,1175551200000,1482962400000
"('cond', 22, 4, 'rev', 4)",1921,-1.6465903175442698,-3.1229745825567017,0.45757418011452367,1175551200000,1482962400000
"('cond', 22, 8, 'mom', 4)",1921,-2.413951067153838,-3.393692988192175,0.43831337844872464,1175551200000,1482962400000
"('cond', 22, 8, 'rev', 4)",1921,-1.0779802186374765,-1.4966708746546795,0.4924518479958355,1175551200000,1482962400000
"('cond', 22, 1, 'mom', 12)",1927,-2.1802802283355196,-10.084777216251382,0.3269330565646082,1175551200000,1482962400000
"('cond', 22, 1, 'rev', 12)",1927,-1.704722366373922,-8.341545908542788,0.365334717176959,1175551200000,1482962400000
"('cond', 22, 4, 'mom', 12)",1927,-3.314997405294509,-6.326482589722321,0.4104826154644525,1175551200000,1482962400000
"('cond', 22, 4, 'rev', 12)",1927,-0.46071613907760467,-0.8727529041440061,0.485729112610275,1175551200000,1482962400000
"('cond', 22, 8, 'mom', 12)",1927,-2.608873897250935,-3.731429241638935,0.44525168655941877,1175551200000,1482962400000
"('cond', 22, 8, 'rev', 12)",1927,-0.8824597820459696,-1.2046578697226535,0.4852101712506487,1175551200000,1482962400000
"('cond', 22, 1, 'mom', 24)",1776,-2.1701013513526592,-9.666273085731754,0.32207207207207206,1175551200000,1482962400000
"('cond', 22, 1, 'rev', 24)",1776,-1.6829391891905248,-7.953369228859648,0.3716216216216216,1175551200000,1482962400000
"('cond', 22, 4, 'mom', 24)",1776,-3.1899774774787857,-5.945355700944206,0.4115990990990991,1175551200000,1482962400000
"('cond', 22, 4, 'rev', 24)",1776,-0.5734234234247371,-1.0530069320416158,0.48085585585585583,1175551200000,1482962400000
"('cond', 22, 8, 'mom', 24)",1776,-3.0777590090103377,-4.28263317075327,0.44256756756756754,1175551200000,1482962400000
"('cond', 22, 8, 'rev', 24)",1776,-0.3665540540553867,-0.47659961501225756,0.48930180180180183,1175551200000,1482962400000
"('cond', 23, 1, 'mom', 1)",1976,-2.0265182186248114,-8.005223396871061,0.35931174089068824,1175554800000,1483052400000
"('cond', 23, 1, 'rev', 1)",1976,-1.7068825910944412,-6.675823079625467,0.409919028340081,1175554800000,1483052400000
"('cond', 23, 4, 'mom', 1)",1976,-1.6423076923089843,-2.9151329887953747,0.4524291497975709,1175554800000,1483052400000
"('cond', 23, 4, 'rev', 1)",1976,-1.7762145749000995,-3.214516271098657,0.45546558704453444,1175554800000,1483052400000
"('cond', 23, 8, 'mom', 1)",1976,-2.1750000000012917,-2.8987729198891365,0.4660931174089069,1175554800000,1483052400000
"('cond', 23, 8, 'rev', 1)",1976,-1.1105769230782423,-1.4861152816828578,0.4716599190283401,1175554800000,1483052400000
"('cond', 23, 1, 'mom', 4)",1989,-1.9705379587745946,-7.67125132974837,0.36701860231271993,1175554800000,1483052400000
"('cond', 23, 1, 'rev', 4)",1989,-1.7611362493728553,-7.002039343743582,0.4022121669180493,1175554800000,1483052400000
"('cond', 23, 4, 'mom', 4)",1989,-2.852036199096333,-5.28838026678504,0.4318753142282554,1175554800000,1483052400000
"('cond', 23, 4, 'rev', 4)",1989,-0.5560080442446367,-0.976998068211452,0.47561588738059324,1175554800000,1483052400000
"('cond', 23, 8, 'mom', 4)",1989,-2.740723981901753,-3.7467259193668756,0.46656611362493716,1175554800000,1483052400000
"('cond', 23, 8, 'rev', 4)",1989,-0.5723479135256964,-0.7577677182109885,0.4710910005027652,1175554800000,1483052400000
"('cond', 23, 1, 'mom', 12)",1993,-1.3668339187168446,-5.385893206222616,0.37932764676367287,1175554800000,1483052400000
"('cond', 23, 1, 'rev', 12)",1993,-2.364776718516114,-9.264829152449156,0.39036628198695433,1175554800000,1483052400000
"('cond', 23, 4, 'mom', 12)",1993,-2.766432513799602,-4.872860307338096,0.408429503261415,1175554800000,1483052400000
"('cond', 23, 4, 'rev', 12)",1993,-0.6482187656811828,-1.1952309876597134,0.4992473657802308,1175554800000,1483052400000
"('cond', 23, 8, 'mom', 12)",1993,-3.079628700452885,-4.156359609332369,0.4430506773707978,1175554800000,1483052400000
"('cond', 23, 8, 'rev', 12)",1993,-0.2435524335186201,-0.32577681489854254,0.49473156046161565,1175554800000,1483052400000
"('cond', 23, 1, 'mom', 24)",1998,-1.269019019020355,-4.9476502714089685,0.3913913913913914,1175554800000,1483052400000
"('cond', 23, 1, 'rev', 24)",1998,-2.4644144144157303,-9.794530005021267,0.3793793793793794,1175554800000,1483052400000
"('cond', 23, 4, 'mom', 24)",1998,-3.044894894896227,-5.626301513667194,0.4124124124124124,1175554800000,1483052400000
"('cond', 23, 4, 'rev', 24)",1998,-0.34429429429557273,-0.6056992501365895,0.4944944944944945,1175554800000,1483052400000
"('cond', 23, 8, 'mom', 24)",1998,-2.7168168168181173,-3.741321145079237,0.45295295295295296,1175554800000,1483052400000
"('cond', 23, 8, 'rev', 24)",1998,-0.5891391391404504,-0.7747243902285271,0.484984984984985,1175554800000,1483052400000
