label,n,mean_R,sd_R,t,mean_pips,hit,PF,yrs_pos,monthly_at_0.5pct,DD_at_0.5pct,DD10_monthly,risk_at_DD10
"('1h', 24, 0, 2.0)",3644,-0.05415581614002936,0.9787930597165565,-3.339976476071452,-2.704610318332806,0.3504390779363337,0.860705124128074,2/10,-0.008433495470695168,0.6638299365750373,0.0,
"('1h', 24, 0, 3.0)",3644,-0.024178424795736904,1.3623025474451016,-1.0713802072855338,-1.5684138309562847,0.35071350164654225,0.9383127396124267,4/10,-0.0037652213656267208,0.573056247809111,0.0,
"('1h', 24, 1, 2.0)",2933,-0.0158311791048781,1.0082567937349172,-0.8503508237670855,-0.9507330378465124,0.36413228775997275,0.9502183359337797,5/10,-0.0019843097570345076,0.3817786074190124,0.0,
"('1h', 24, 1, 3.0)",2933,-0.0001033709374020458,1.345073428814318,-0.004162061494052974,-0.5600409137414919,0.3624275485850665,0.9777312018046629,6/10,-1.29567076666772e-05,0.3948152945404607,0.0,
"('1h', 55, 0, 2.0)",2365,-0.04055235018161978,0.9779988515001267,-2.0164769231809663,-1.8835517970414684,0.3522198731501057,0.903155816825163,3/10,-0.004098560178612426,0.45236420636155394,0.0,
"('1h', 55, 0, 3.0)",2365,-0.03435488046617081,1.2796556527716534,-1.3056022650761423,-1.938985200846975,0.3585623678646934,0.923758078165503,5/10,-0.0034721919787390585,0.5436700349836165,0.0,
"('1h', 55, 1, 2.0)",2195,-0.022970219019882453,0.9950532891627364,-1.0815237449910027,-1.1825968109352407,0.35854214123006833,0.9389670147256304,5/10,-0.00215468507472829,0.31801664805061236,0.0,
"('1h', 55, 1, 3.0)",2195,-0.011314615118563378,1.2992906455305113,-0.40799114382291124,-1.0752619589990324,0.36355353075170843,0.9575363069792376,5/10,-0.0010613495805660942,0.40080954524119994,0.0,
"('1h', 120, 0, 2.0)",1593,-0.03661035099917915,0.9613705834083204,-1.5199207756741864,-1.3549278091663848,0.36095417451349654,0.9288114909546016,4/10,-0.0024923200487902736,0.3036503266863475,0.0,
"('1h', 120, 0, 3.0)",1593,-0.02923628742847695,1.2395939829536982,-0.9413489690125261,-1.3139987445085175,0.36220966729441306,0.9469622107017649,5/10,-0.0019903164903232393,0.40144054802895723,0.0,
"('1h', 120, 1, 2.0)",1592,-0.03603596777433744,0.9613992019421242,-1.4955604243263079,-1.3351758793982733,0.3611809045226131,0.9298173785852549,4/10,-0.0024516778075532146,0.3036503266863476,0.0,
"('1h', 120, 1, 3.0)",1592,-0.028797510775767515,1.239859734398215,-0.9267314998293147,-1.2990577889460229,0.36243718592964824,0.9475648498646843,5/10,-0.0019592152630351226,0.40077898060684414,0.0,
"('4h', 20, 0, 2.0)",1236,-0.03510930364046864,0.8673335386384475,-1.423132415057838,-4.262297734629139,0.3964401294498382,0.8741462552287406,4/10,-0.00185449142306065,0.28399172469701606,0.0,
"('4h', 20, 0, 3.0)",1236,-0.008631764858237674,1.0596622925157273,-0.28637912374917696,-2.4926375404543775,0.4279935275080906,0.938401834609225,4/10,-0.0004559342463581946,0.2602500760295682,0.0,
"('4h', 20, 1, 2.0)",975,-0.013464454596760213,0.852433045429301,-0.49320877725913737,-1.0860512820525936,0.41025641025641024,0.9660362955217161,5/10,-0.0005610189415316754,0.18284122116071022,0.0,
"('4h', 20, 1, 3.0)",975,0.002242968908145626,1.0390813440652105,0.06740250136258921,-0.29579487179619113,0.4317948717948718,0.9923262156588498,6/10,9.345703783940106e-05,0.1753955664621457,4.672851891970053e-05,0.0025
"('4h', 50, 0, 2.0)",771,-0.02584431791130202,0.8464931885335701,-0.8477519469663577,-2.4977950713372317,0.40077821011673154,0.9224380970792067,4/10,-0.0008515371414364896,0.18369331466748606,0.0,
"('4h', 50, 0, 3.0)",771,-0.017249181280998324,1.0480987837473588,-0.4569760700544898,-2.421011673153083,0.4150453955901427,0.9383836349891894,4/10,-0.0005683384088739196,0.22018598399793632,0.0,
"('4h', 50, 1, 2.0)",723,-0.023850755709657934,0.8465607973251646,-0.7575532044666871,-2.280636237898958,0.3983402489626556,0.9290493586516019,4/10,-0.0007369271956445588,0.15858977545061026,0.0,
"('4h', 50, 1, 3.0)",723,-0.01263581397185313,1.0537780205391705,-0.3224209373240349,-1.8680497925324608,0.4107883817427386,0.952396561386409,4/10,-0.0003904142522072569,0.19102056025547998,0.0,
