entry_k,exit_k,dir,fill,exit_px,sl,tp,lots,pnl,R,reason,equity_after
13602.0,13641.0,-1.0,1.0643099999999999,1.0654910768014902,1.0654810768014902,1.0615573079962748,1.28,-160.1378305907683,-1.0675855372717886,0.0,9839.862169409233
111417.0,111570.0,-1.0,1.0723799999999999,1.0707635937649216,1.0730825624940312,1.0707635937649216,2.1,324.745309366444,2.200202291288403,1.0,10164.607478775677
418201.0,418252.0,1.0,1.2349,1.2339006522978662,1.2339106522978662,1.237233369255335,1.54,-164.67954612862766,-1.0800846399134687,0.0,9999.92793264705
561837.0,561897.0,-1.0,1.16729,1.1648695925174568,1.168314162993017,1.1648695925174568,1.46,343.15949245129696,2.287746436858306,1.0,10343.087425098347
571042.0,571899.0,-1.0,1.16828,1.1648668376173594,1.169687264953056,1.1648668376173594,1.1,367.7478620904611,2.3703293931242158,1.0,10710.835287188807
574835.0,574891.0,-1.0,1.17291,1.1738810467445586,1.1738710467445586,1.1706823831386037,1.67,-173.8548063413068,-1.0821117225672334,0.0,10536.9804808475
711945.0,712806.0,1.0,1.12911,1.1276140858455177,1.1276240858455178,1.132719785386206,1.06,-165.98690037512998,-1.0501863772506455,0.0,10370.99358047237
857421.0,857734.0,-1.0,1.1243299999999998,1.1248133650778187,1.1248033650778186,1.1232865873054536,2.7600000000000002,-152.72876147800974,-0.9817687527103415,0.0,10218.264818994361
1361121.0,1362184.0,1.0,1.1817,1.180321550053617,1.1803315500536171,1.184876124865957,1.12,-162.2263939948871,-1.0584079708806031,0.0,10056.038424999473
1371196.0,1371417.0,-1.0,1.18326,1.1848683902525177,1.1848583902525176,1.1793690243687056,0.9400000000000001,-157.76868373666272,-1.0459299979366776,0.0,9898.269741262811
1534516.0,1534565.0,1.0,1.21113,1.210142211269591,1.210152211269591,1.2134344718260217,1.51,-159.72609829176747,-1.0757846402583473,0.0,9738.543642971044
1745628.0,1746222.0,-1.0,1.1805999999999999,1.1818135027407226,1.1818035027407225,1.1776962431481939,1.21,-155.30383162745133,-1.0631557607318725,0.0,9583.239811343594
1855469.0,1855753.0,1.0,1.1340700000000001,1.1356970991092306,1.133363160356308,1.1356970991092306,2.0300000000000002,316.09111917377595,2.1989162008977505,1.0,9899.33093051737
1923911.0,1924048.0,-1.0,1.09665,1.0994914357521421,1.099481435752142,1.0896764106196453,0.52,-151.39465911139652,-1.019561558749265,0.0,9747.936271405973
