entry_ts,exit_ts,dir,entry,exit,lots,gross,comm,net,reason,risk_usd,sl,tp,mae,mfe,spread_in,sig,hold_min
1484304301391.0,1484306613569.0,-1.0,1.06435,1.06562,1.29,-163.83000000001348,9.030000000000001,-172.86000000001349,0.0,150.0,0.0011610768014902462,0.0027626920037253644,-0.0012600000000000389,0.00027999999999983594,2e-05,0.0,38.5363
1492601102339.0,1492610263430.0,-1.0,1.07237,1.070743593764922,2.12,344.7981218365675,14.84,329.95812183656744,1.0,147.40709999999982,0.000692562494031268,0.0016264062350781483,-0.00045999999999990493,0.0016300000000000203,4e-05,1.0,152.68485
1518612001918.0,1518615001444.0,1.0,1.2349100000000002,1.23336,1.55,-240.25000000002515,10.85,-251.10000000002518,0.0,152.35647182754835,0.0009793477021338148,0.0023433692553347374,-0.0015400000000000968,0.00021999999999988695,2e-05,0.0,49.9921
1530687902023.0,1530691481497.0,-1.0,1.16726,1.164829592517457,1.46,354.8394924512741,10.219999999999999,344.6194924512741,1.0,148.58997182754797,0.0010141629930171536,0.0024304074825429733,-0.0004900000000001015,0.0024599999999999067,4e-05,1.0,59.6579
1531413301841.0,1531464831039.0,-1.0,1.16828,1.1648568376173596,1.1,376.5478620904439,7.700000000000001,368.84786209044387,1.0,153.75926421431706,0.0013972649530560322,0.003423162382640399,-0.00042000000000008697,0.0034799999999999276,3e-05,2.0,858.8199666666667
1531813801020.0,1531817131446.0,-1.0,1.17292,1.17389,1.67,-161.99000000002295,11.69,-173.68000000002294,0.0,159.2919821456737,0.0009510467445585924,0.002237616861396452,-0.0009600000000000719,0.00035999999999991594,3e-05,3.0,55.5071
1543340401017.0,1543392016307.0,1.0,1.1290900000000001,1.1275899999999999,1.06,-159.00000000002956,7.42,-166.42000000002957,0.0,156.68678214567336,0.0014759141544822274,0.003619785386205887,-0.0014900000000002134,0.0011799999999999589,5e-05,4.0,860.2548333333333
1555665901055.0,1555684692489.0,-1.0,1.1243299999999998,1.12481,2.74,-131.5200000000707,19.18,-150.7000000000707,0.0,154.19048214567297,0.0004633650778187448,0.0010534126945462852,-0.0004700000000001925,6.999999999979245e-05,2e-05,0.0,313.19056666666665
1598360401028.0,1598425304873.0,1.0,1.18172,1.18035,1.11,-152.07000000001037,7.7700000000000005,-159.84000000001035,0.0,151.9299821456719,0.0013584499463827893,0.0031861248659570407,-0.0013600000000000279,0.00262999999999991,3e-05,0.0,1081.73075
1599142801513.0,1599156040104.0,-1.0,1.18323,1.18485,0.9400000000000001,-152.27999999999577,6.58,-158.85999999999575,0.0,149.53238214567173,0.0015883902525175575,0.0039009756312942123,-0.0016099999999998893,0.0020999999999999908,3e-05,1.0,220.64318333333333
1613125202187.0,1613128110327.0,1.0,1.21114,1.21016,1.52,-148.96000000003085,10.64,-159.60000000003083,0.0,147.14948214567175,0.000967788730408703,0.0023144718260217356,-0.0009700000000001374,0.00023999999999979593,3e-05,0.0,48.469
1631550001123.0,1631587781526.0,-1.0,1.18062,1.1818300000000002,1.21,-146.4100000000188,8.469999999999999,-154.8800000000188,0.0,144.75548214567132,0.0011935027407226073,0.0029137568518060597,-0.0012000000000000899,0.00045999999999990493,2e-05,1.0,629.6733833333333
1640804401401.0,1640822156262.0,1.0,1.1340700000000001,1.1357070991092306,2.04,333.9682182830197,14.280000000000001,319.68821828301975,1.0,142.43228214567102,0.0006968396436921598,0.0016370991092304887,-0.000280000000000058,0.0016399999999998638,2e-05,2.0,295.91435
1646823601215.0,1646831811559.0,-1.0,1.09665,1.0995000000000001,0.52,-148.20000000001255,3.64,-151.84000000001254,0.0,147.22760541991636,0.0028214357521421096,0.0069835893803547044,-0.0028400000000001757,0.002449999999999841,3e-05,0.0,136.83906666666667
