chart,drawn,drawn_x,detector_signals,entry_matched,sl_err_ATR,R_ratio
2026-03-31-002-3.2R,SHORT,839,0,False,,
2026-04-26-001-5.3R,LONG,1004,0,False,,
2026-05-08-001-1.3R,SHORT,1161,0,False,,
2026-05-11-001-1.6R,SHORT,795,0,False,,
2026-05-13-001-13.1R,LONG,560,0,False,,
2026-05-13-002-2.2R,LONG,886,0,False,,
2026-05-15-001-5.5R,SHORT,629,0,False,,
2026-05-19-001-2.1R,SHORT,648,0,False,,
2026-05-21-001-SL,SHORT,765,1,True,-0.38,0.89
2026-05-28-001-12.9R,LONG,307,0,False,,
2026-06-01-001-4.7R,LONG,490,0,False,,
2026-06-02-001-10R,SHORT,408,0,False,,
2026-06-02-002-1R,SHORT,424,0,False,,
2026-06-03-001-1.6R,LONG,869,0,False,,
2026-06-05-001-1.6R,SHORT,767,0,False,,
