family,config,risk_pct,signals,TF,TP_R,SL_BUF_ATR,MIN_STOP_ATR,trades,win_pct,mean_R,pf,total_pct,monthly_geo_pct,max_dd_pct,worst_month_pct,pos_months_pct,n_months,tp_share,sl_share
grid,TF1 TP2.5 SLB0.1 MSA0.0,0.25,2266,1,2.5,0.1,0.0,2127,29.055007052186177,-0.28446212252959363,0.6437662788861008,-78.24290995462125,-1.7993651697281177,78.91205502350583,-6.130334335830312,17.857142857142858,84,28.63187588152327,70.75693464974142
grid,TF1 TP2.5 SLB0.1 MSA0.0,0.5,2266,1,2.5,0.1,0.0,2127,29.055007052186177,-0.2753615760076351,0.6312003225400283,-94.90673757885484,-3.482270737439841,95.19047903036086,-11.66716779166812,17.857142857142858,84,28.63187588152327,70.75693464974142
grid,TF1 TP2.5 SLB0.1 MSA0.0,1.0,2266,1,2.5,0.1,0.0,2127,29.055007052186177,-0.2231913673063179,0.6037667608829628,-99.26111624537609,-5.675197145491461,99.37621220940274,-15.750399322112251,19.047619047619047,84,28.63187588152327,70.75693464974142
grid,TF1 TP2.5 SLB0.1 MSA0.0,2.0,2266,1,2.5,0.1,0.0,1868,29.710920770877948,-0.1369634376511621,0.5517896939136825,-99.59307354161719,-6.898912847418459,99.65068053078686,-21.438748564848233,22.07792207792208,77,29.282655246252677,70.07494646680942
grid,TF1 TP2.5 SLB0.1 MSA2.0,0.25,1235,1,2.5,0.1,2.0,1162,28.74354561101549,-0.2669602110426174,0.6795139471236493,-54.27874862810316,-0.9615289162433593,55.638440976121075,-4.446865493670627,22.22222222222222,81,28.055077452667813,70.99827882960413
grid,TF1 TP2.5 SLB0.1 MSA2.0,0.5,1235,1,2.5,0.1,2.0,1162,28.74354561101549,-0.26214979717497866,0.6931363714409321,-78.80220657239694,-1.8969294468616282,80.01947530522303,-8.728857009730318,23.456790123456788,81,28.055077452667813,70.99827882960413
grid,TF1 TP2.5 SLB0.1 MSA2.0,1.0,1235,1,2.5,0.1,2.0,1162,28.74354561101549,-0.23764271036325435,0.7160783437153659,-94.2818088784762,-3.47106505701279,94.85005294858499,-15.171128632873321,19.753086419753085,81,28.055077452667813,70.99827882960413
grid,TF1 TP2.5 SLB0.1 MSA2.0,2.0,1235,1,2.5,0.1,2.0,1162,28.74354561101549,-0.16461903434256453,0.7535698308146563,-98.34005082249426,-4.933859748458436,98.61341281571326,-19.35595896900093,23.456790123456788,81,28.055077452667813,70.99827882960413
grid,TF1 TP2.5 SLB0.25 MSA0.0,0.25,2266,1,2.5,0.25,0.0,2120,29.103773584905664,-0.2669758982759653,0.6641519318962471,-76.0136885116214,-1.6852650491265497,76.85164336540224,-6.748874400394356,17.857142857142858,84,28.58490566037736,70.75471698113208
grid,TF1 TP2.5 SLB0.25 MSA0.0,0.5,2266,1,2.5,0.25,0.0,2120,29.103773584905664,-0.25851230545747844,0.6557895997234858,-93.8559597960886,-3.2665150868485426,94.25422910732355,-12.710514506169513,17.857142857142858,84,28.58490566037736,70.75471698113208
grid,TF1 TP2.5 SLB0.25 MSA0.0,1.0,2266,1,2.5,0.25,0.0,2120,29.103773584905664,-0.21484659798970415,0.6329233881122155,-99.10838965897001,-5.463978219045062,99.22431803897187,-18.411846073265238,19.047619047619047,84,28.58490566037736,70.75471698113208
grid,TF1 TP2.5 SLB0.25 MSA0.0,2.0,2266,1,2.5,0.25,0.0,1877,29.83484283431007,-0.13542920624687027,0.5817385450575661,-99.58665011447093,-6.7948366188877,99.65138930002134,-28.465444091621627,23.076923076923077,78,29.30207778369739,70.00532765050612
grid,TF1 TP2.5 SLB0.25 MSA2.0,0.25,1437,1,2.5,0.25,2.0,1350,29.777777777777775,-0.23102657339015373,0.7205882904139795,-54.5270288114737,-0.9564358946393181,56.05492904956808,-5.613317654579475,24.390243902439025,82,28.962962962962962,70.07407407407408
grid,TF1 TP2.5 SLB0.25 MSA2.0,0.5,1437,1,2.5,0.25,2.0,1350,29.777777777777775,-0.228493927456933,0.7339056183499776,-79.3122831821868,-1.9031569269696624,80.63933417945553,-10.947576260250269,21.951219512195124,82,28.962962962962962,70.07407407407408
grid,TF1 TP2.5 SLB0.25 MSA2.0,1.0,1437,1,2.5,0.25,2.0,1350,29.777777777777775,-0.20527467925443305,0.7549469808704815,-94.44503300521667,-3.4635692444235033,95.0707559822837,-18.95617540473703,24.390243902439025,82,28.962962962962962,70.07407407407408
grid,TF1 TP2.5 SLB0.25 MSA2.0,2.0,1437,1,2.5,0.25,2.0,1350,29.777777777777775,-0.14358006094331305,0.7743932057000562,-98.51204540131504,-5.001989906969984,98.78802706894196,-25.02955130194463,25.609756097560975,82,28.962962962962962,70.07407407407408
grid,TF1 TP3.0 SLB0.1 MSA0.0,0.25,2266,1,3.0,0.1,0.0,2115,26.004728132387704,-0.2743099189715503,0.6769782472039593,-76.90034822334447,-1.7293396931324034,77.93777654233726,-6.598322780607835,21.428571428571427,84,25.295508274231675,73.85342789598108
grid,TF1 TP3.0 SLB0.1 MSA0.0,0.5,2266,1,3.0,0.1,0.0,2115,26.004728132387704,-0.26290652312693225,0.6739299334930987,-94.14609766194721,-3.322206060463806,94.6475781005608,-12.422139005007137,21.428571428571427,84,25.295508274231675,73.85342789598108
grid,TF1 TP3.0 SLB0.1 MSA0.0,1.0,2266,1,3.0,0.1,0.0,2115,26.004728132387704,-0.21351432808518692,0.6570245729199556,-99.09702449836743,-5.449722211322506,99.24695584198085,-19.09194640483547,21.428571428571427,84,25.295508274231675,73.85342789598108
grid,TF1 TP3.0 SLB0.1 MSA0.0,2.0,2266,1,3.0,0.1,0.0,1912,26.778242677824267,-0.13108471165310362,0.6203993217962228,-99.5765549597214,-6.683281931520213,99.65651358420108,-24.47456721817103,25.31645569620253,79,26.04602510460251,73.06485355648536
grid,TF1 TP3.0 SLB0.1 MSA2.0,0.25,1235,1,3.0,0.1,2.0,1154,25.38994800693241,-0.2702505049104006,0.6916730486590734,-54.522729548239965,-0.9680708126396653,56.42062439872208,-4.329960803270128,24.691358024691358,81,24.176776429809358,74.4367417677643
grid,TF1 TP3.0 SLB0.1 MSA2.0,0.5,1235,1,3.0,0.1,2.0,1154,25.38994800693241,-0.26520797045430533,0.7076340922077284,-79.05275071984614,-1.9113286541478591,80.75908627787469,-8.49255447297712,24.691358024691358,81,24.176776429809358,74.4367417677643
grid,TF1 TP3.0 SLB0.1 MSA2.0,1.0,1235,1,3.0,0.1,2.0,1154,25.38994800693241,-0.24245035130367013,0.7316159623044062,-94.5762629277318,-3.5340474391689636,95.32756590727057,-15.616992804864594,25.925925925925924,81,24.176776429809358,74.4367417677643
grid,TF1 TP3.0 SLB0.1 MSA2.0,2.0,1235,1,3.0,0.1,2.0,1154,25.38994800693241,-0.1682127719449367,0.7684009922123806,-98.49870259432181,-5.051689001868819,98.81575625556633,-21.81009602701677,24.691358024691358,81,24.176776429809358,74.4367417677643
grid,TF1 TP3.0 SLB0.25 MSA0.0,0.25,2266,1,3.0,0.25,0.0,2108,26.091081593927896,-0.2529687468345348,0.6994424761604492,-74.0299953481552,-1.5922212886195553,75.32491875867579,-7.198313910460207,22.61904761904762,84,25.332068311195442,73.76660341555977
grid,TF1 TP3.0 SLB0.25 MSA0.0,0.5,2266,1,3.0,0.25,0.0,2108,26.091081593927896,-0.2436578034342609,0.7006764592232259,-92.7742537867819,-3.0795838337140724,93.43254749579502,-13.723797971749118,21.428571428571427,84,25.332068311195442,73.76660341555977
grid,TF1 TP3.0 SLB0.25 MSA0.0,1.0,2266,1,3.0,0.25,0.0,2108,26.091081593927896,-0.20321562485100297,0.6917853392301272,-98.87072423875158,-5.197662059743536,99.06674203369235,-20.295532243680036,21.428571428571427,84,25.332068311195442,73.76660341555977
grid,TF1 TP3.0 SLB0.25 MSA0.0,2.0,2266,1,3.0,0.25,0.0,1918,26.7466110531804,-0.12893607623903885,0.6625631858520166,-99.56714388096759,-6.498397044915716,99.65614334549228,-26.429193404353903,24.691358024691358,81,25.96454640250261,73.09697601668404
grid,TF1 TP3.0 SLB0.25 MSA2.0,0.25,1437,1,3.0,0.25,2.0,1345,26.61710037174721,-0.2205664968153269,0.7475423134110164,-52.8386230081685,-0.9123913792684735,54.84358997506074,-6.290700332320387,26.82926829268293,82,25.427509293680295,73.23420074349443
grid,TF1 TP3.0 SLB0.25 MSA2.0,0.5,1437,1,3.0,0.25,2.0,1345,26.61710037174721,-0.2158808701384288,0.7643449099147829,-77.49696205963157,-1.8024840391960284,79.36523346387018,-12.21919714094063,26.82926829268293,82,25.427509293680295,73.23420074349443
grid,TF1 TP3.0 SLB0.25 MSA2.0,1.0,1437,1,3.0,0.25,2.0,1345,26.61710037174721,-0.19340278997904853,0.7866237030434176,-93.56541333332723,-3.290360569365758,94.47232367208352,-20.3088347059032,26.82926829268293,82,25.427509293680295,73.23420074349443
grid,TF1 TP3.0 SLB0.25 MSA2.0,2.0,1437,1,3.0,0.25,2.0,1345,26.61710037174721,-0.13194903149958218,0.8122254937503257,-98.0690274641869,-4.6995765283159185,98.5395118585329,-26.579173076402295,28.04878048780488,82,25.427509293680295,73.23420074349443
grid,TF5 TP2.5 SLB0.1 MSA0.0,0.25,522,5,2.5,0.1,0.0,485,27.216494845360824,-0.21441926968376754,0.7129533942926825,-23.118290639622042,-0.31248952650704265,24.740592344448075,-2.3099867838001775,32.142857142857146,84,24.329896907216494,70.9278350515464
grid,TF5 TP2.5 SLB0.1 MSA0.0,0.5,522,5,2.5,0.1,0.0,485,27.216494845360824,-0.21209642320471433,0.7158781015907199,-40.92173804091607,-0.6245973577664987,43.375501509446146,-4.6511638166745195,32.142857142857146,84,24.329896907216494,70.9278350515464
grid,TF5 TP2.5 SLB0.1 MSA0.0,1.0,522,5,2.5,0.1,0.0,485,27.216494845360824,-0.2054715493880329,0.716875343653357,-64.79054891893074,-1.2349958402518735,67.51562403146109,-9.107815980813683,32.142857142857146,84,24.329896907216494,70.9278350515464
grid,TF5 TP2.5 SLB0.1 MSA0.0,2.0,522,5,2.5,0.1,0.0,485,27.216494845360824,-0.1714584979876964,0.7322860370458667,-83.95025817609482,-2.154403246461678,86.9355569753724,-16.88481216542592,33.33333333333333,84,24.329896907216494,70.9278350515464
grid,TF5 TP2.5 SLB0.1 MSA2.0,0.25,254,5,2.5,0.1,2.0,232,28.448275862068968,-0.13857990871903775,0.8041717434843774,-7.855626239845426,-0.10350786067082618,10.91763645767333,-1.6411336439472457,43.037974683544306,79,25.862068965517242,68.53448275862068
grid,TF5 TP2.5 SLB0.1 MSA2.0,0.5,254,5,2.5,0.1,2.0,232,28.448275862068968,-0.14126802631377258,0.8004439518191131,-15.616102516471708,-0.2146977896999802,21.061524119737317,-3.2818972412077208,43.037974683544306,79,25.862068965517242,68.53448275862068
grid,TF5 TP2.5 SLB0.1 MSA2.0,1.0,254,5,2.5,0.1,2.0,232,28.448275862068968,-0.14154241581214103,0.7941978252199418,-29.68059778821854,-0.44473272165108657,38.2199943290401,-6.266930751899869,43.037974683544306,79,25.862068965517242,68.53448275862068
grid,TF5 TP2.5 SLB0.1 MSA2.0,2.0,254,5,2.5,0.1,2.0,232,28.448275862068968,-0.12975090347119556,0.7890545636685706,-49.81071415453169,-0.8688222306320492,60.49603209102876,-11.121217291689955,41.77215189873418,79,25.862068965517242,68.53448275862068
grid,TF5 TP2.5 SLB0.25 MSA0.0,0.25,522,5,2.5,0.25,0.0,484,27.27272727272727,-0.21269745480349117,0.7147901792976419,-22.91195097255949,-0.3093086563186298,24.494457915690703,-2.3071298760116488,33.33333333333333,84,23.553719008264462,70.86776859504133
grid,TF5 TP2.5 SLB0.25 MSA0.0,0.5,522,5,2.5,0.25,0.0,484,27.27272727272727,-0.21398472580701317,0.7173920952468549,-41.11734075195523,-0.6285207176772389,43.72113822723769,-4.643145070922894,35.714285714285715,84,23.553719008264462,70.86776859504133
grid,TF5 TP2.5 SLB0.25 MSA0.0,1.0,522,5,2.5,0.25,0.0,484,27.27272727272727,-0.2075423894290251,0.7246998107526083,-65.05553637419601,-1.2438778191424693,67.99222043022685,-9.12205410226301,35.714285714285715,84,23.553719008264462,70.86776859504133
grid,TF5 TP2.5 SLB0.25 MSA0.0,2.0,522,5,2.5,0.25,0.0,484,27.27272727272727,-0.18005327838159296,0.7436446380215509,-85.19051052471866,-2.248039291780002,87.93309492491889,-16.888086478430388,33.33333333333333,84,23.553719008264462,70.86776859504133
grid,TF5 TP2.5 SLB0.25 MSA2.0,0.25,307,5,2.5,0.25,2.0,280,28.57142857142857,-0.1500797837809082,0.787831187933076,-10.124108734019954,-0.13169154784371528,12.51700951453939,-2.071052159718445,44.44444444444444,81,24.642857142857146,68.92857142857143
grid,TF5 TP2.5 SLB0.25 MSA2.0,0.5,307,5,2.5,0.25,2.0,280,28.57142857142857,-0.15515185992515232,0.7829492409493344,-20.084019569539546,-0.2764004540736109,24.351140512475588,-4.1559515717743185,45.67901234567901,81,24.642857142857146,68.92857142857143
grid,TF5 TP2.5 SLB0.25 MSA2.0,1.0,307,5,2.5,0.25,2.0,280,28.57142857142857,-0.1525186110364898,0.7824302917764908,-36.57651036882862,-0.5605660116202338,43.41299881738843,-8.262870524934375,44.44444444444444,81,24.642857142857146,68.92857142857143
grid,TF5 TP2.5 SLB0.25 MSA2.0,2.0,307,5,2.5,0.25,2.0,280,28.57142857142857,-0.13647070385384177,0.7847093389568657,-58.0681025661589,-1.0672557958268492,66.34029352925054,-15.144833556973026,44.44444444444444,81,24.642857142857146,68.92857142857143
grid,TF5 TP3.0 SLB0.1 MSA0.0,0.25,522,5,3.0,0.1,0.0,483,24.637681159420293,-0.2099788158572335,0.729210303679431,-22.65877111965412,-0.3054171863319577,25.94794433418408,-2.7052569352913336,30.952380952380953,84,20.910973084886127,73.49896480331263
grid,TF5 TP3.0 SLB0.1 MSA0.0,0.5,522,5,3.0,0.1,0.0,483,24.637681159420293,-0.21036098249633045,0.7300563362321565,-40.661882018906056,-0.619405023309727,45.36865227993907,-5.34939525021162,30.952380952380953,84,20.910973084886127,73.49896480331263
grid,TF5 TP3.0 SLB0.1 MSA0.0,1.0,522,5,3.0,0.1,0.0,483,24.637681159420293,-0.20388506000336495,0.7339955281266858,-64.64319065797795,-1.2300851492432874,69.86036324984728,-10.477864659876602,32.142857142857146,84,20.910973084886127,73.49896480331263
grid,TF5 TP3.0 SLB0.1 MSA0.0,2.0,522,5,3.0,0.1,0.0,483,24.637681159420293,-0.17582992549797272,0.7512093173218656,-84.8970307575933,-2.225200827107332,89.02564425136053,-18.64531900605889,32.142857142857146,84,20.910973084886127,73.49896480331263
grid,TF5 TP3.0 SLB0.1 MSA2.0,0.25,254,5,3.0,0.1,2.0,232,24.568965517241377,-0.17832086070457806,0.7604784028704478,-9.971982861182093,-0.13288537915887577,13.424467702203536,-1.8199763042924921,39.24050632911392,79,20.689655172413794,72.41379310344827
grid,TF5 TP3.0 SLB0.1 MSA2.0,0.5,254,5,3.0,0.1,2.0,232,24.568965517241377,-0.18215754252060376,0.7562714628483267,-19.589844230650467,-0.27560647095667967,25.588697837645334,-3.6468046943163968,39.24050632911392,79,20.689655172413794,72.41379310344827
grid,TF5 TP3.0 SLB0.1 MSA2.0,1.0,254,5,3.0,0.1,2.0,232,24.568965517241377,-0.1822820565866232,0.7490776046173142,-36.226226468681034,-0.5677847008936698,45.20790061358427,-7.225341297325672,39.24050632911392,79,20.689655172413794,72.41379310344827
grid,TF5 TP3.0 SLB0.1 MSA2.0,2.0,254,5,3.0,0.1,2.0,232,24.568965517241377,-0.1715876913060405,0.7387574081448037,-59.11704628741201,-1.1258385031759133,68.81018223311017,-13.332853080360108,36.708860759493675,79,20.689655172413794,72.41379310344827
grid,TF5 TP3.0 SLB0.25 MSA0.0,0.25,522,5,3.0,0.25,0.0,482,24.273858921161825,-0.22016649267373123,0.7180683679082897,-23.556919445483782,-0.31927941473604005,26.89325136016114,-2.6541680445194116,32.142857142857146,84,20.12448132780083,73.85892116182573
grid,TF5 TP3.0 SLB0.25 MSA0.0,0.5,522,5,3.0,0.25,0.0,482,24.273858921161825,-0.22478745413015092,0.7187165387635547,-42.61462581345003,-0.6589866207464934,47.3078335894786,-5.33989146697289,32.142857142857146,84,20.12448132780083,73.85892116182573
grid,TF5 TP3.0 SLB0.25 MSA0.0,1.0,522,5,3.0,0.25,0.0,482,24.273858921161825,-0.219232002490117,0.7289932402222506,-67.06898687287321,-1.3136234219381704,72.1526465571559,-10.384108299923234,33.33333333333333,84,20.12448132780083,73.85892116182573
grid,TF5 TP3.0 SLB0.25 MSA0.0,2.0,522,5,3.0,0.25,0.0,482,24.273858921161825,-0.18807836870786399,0.7598983876918821,-86.55574749116668,-2.360524807907949,90.33415344649838,-18.91908738171766,33.33333333333333,84,20.12448132780083,73.85892116182573
grid,TF5 TP3.0 SLB0.25 MSA2.0,0.25,307,5,3.0,0.25,2.0,280,25.357142857142854,-0.16080750967840832,0.7823428104987177,-10.821251983591152,-0.14129197238232916,14.112367640595025,-2.075770138091171,38.2716049382716,81,21.071428571428573,72.14285714285714
grid,TF5 TP3.0 SLB0.25 MSA2.0,0.5,307,5,3.0,0.25,2.0,280,25.357142857142854,-0.16100612279926263,0.7837563262074634,-20.833696917531075,-0.28800353825643166,26.850162752293862,-4.164413188323235,38.2716049382716,81,21.071428571428573,72.14285714285714
grid,TF5 TP3.0 SLB0.25 MSA2.0,1.0,307,5,3.0,0.25,2.0,280,25.357142857142854,-0.16118573398049973,0.7800475385331554,-38.39330672727228,-0.5962396709983886,47.45375987157732,-8.220628291229248,38.2716049382716,81,21.071428571428573,72.14285714285714
grid,TF5 TP3.0 SLB0.25 MSA2.0,2.0,307,5,3.0,0.25,2.0,280,25.357142857142854,-0.14678526659601934,0.7806320879608206,-61.09828826166677,-1.158828236914744,71.2478283280372,-15.13194708732919,37.03703703703704,81,21.071428571428573,72.14285714285714
grid,TF15 TP2.5 SLB0.1 MSA0.0,0.25,187,15,2.5,0.1,0.0,176,31.25,-0.07911819013994836,0.8763451944507226,-3.5230976370846157,-0.04912020610898793,6.860862697888881,-1.2045919398876337,39.726027397260275,73,24.431818181818183,67.04545454545455
grid,TF15 TP2.5 SLB0.1 MSA0.0,0.5,187,15,2.5,0.1,0.0,176,31.25,-0.08017348126043018,0.8721918209846987,-7.2234173891424724,-0.10265401522082662,13.534720919903197,-2.515850861227853,39.726027397260275,73,24.431818181818183,67.04545454545455
grid,TF15 TP2.5 SLB0.1 MSA0.0,1.0,187,15,2.5,0.1,0.0,176,31.25,-0.08247626532575701,0.8584325225718611,-15.058538835200274,-0.22332267253616367,26.25290746689617,-4.9926870777608485,39.726027397260275,73,24.431818181818183,67.04545454545455
grid,TF15 TP2.5 SLB0.1 MSA0.0,2.0,187,15,2.5,0.1,0.0,176,31.25,-0.09400751545069305,0.8171193211356453,-33.02410681105235,-0.5475876192572282,47.38886866546156,-9.824045682209025,39.726027397260275,73,24.431818181818183,67.04545454545455
grid,TF15 TP2.5 SLB0.1 MSA2.0,0.25,94,15,2.5,0.1,2.0,88,28.40909090909091,-0.20847400007658753,0.6923365652459584,-4.526203627974679,-0.0857379641528544,4.9573135424134,-0.7718803386144502,31.48148148148148,54,18.181818181818183,69.31818181818183
grid,TF15 TP2.5 SLB0.1 MSA2.0,0.5,94,15,2.5,0.1,2.0,88,28.40909090909091,-0.21018989740720537,0.6948232940120457,-9.009007082268905,-0.1746799664534171,9.93045718584007,-1.56054485826842,31.48148148148148,54,18.181818181818183,69.31818181818183
grid,TF15 TP2.5 SLB0.1 MSA2.0,1.0,94,15,2.5,0.1,2.0,88,28.40909090909091,-0.21303603534742702,0.6889723515839404,-17.74835335259156,-0.3611735574958086,19.339698341872193,-3.092357009236013,31.48148148148148,54,18.181818181818183,69.31818181818183
grid,TF15 TP2.5 SLB0.1 MSA2.0,2.0,94,15,2.5,0.1,2.0,88,28.40909090909091,-0.21186741050341398,0.6786087370107489,-33.28092175663442,-0.7466049607917857,35.691106187889645,-6.1412249738989955,31.48148148148148,54,18.181818181818183,69.31818181818183
grid,TF15 TP2.5 SLB0.25 MSA0.0,0.25,187,15,2.5,0.25,0.0,176,31.25,-0.09181892440553607,0.8566073026978188,-4.056677428582356,-0.05671344437739867,6.625062882622068,-1.230638169308873,41.0958904109589,73,22.15909090909091,67.04545454545455
grid,TF15 TP2.5 SLB0.25 MSA0.0,0.5,187,15,2.5,0.25,0.0,176,31.25,-0.09782681370304108,0.8467578181497593,-8.640009575165298,-0.12370772689203058,13.439850931668463,-2.455262143650505,41.0958904109589,73,22.15909090909091,67.04545454545455
grid,TF15 TP2.5 SLB0.25 MSA0.0,1.0,187,15,2.5,0.25,0.0,176,31.25,-0.09860052248636529,0.8368686742526769,-17.385649755652178,-0.26128379618702846,25.657387656225527,-4.976306699970367,41.0958904109589,73,22.15909090909091,67.04545454545455
grid,TF15 TP2.5 SLB0.25 MSA0.0,2.0,187,15,2.5,0.25,0.0,176,31.25,-0.10103580361930141,0.8116267857276463,-34.576086026216466,-0.5795229310258887,46.274235042506504,-9.864835339231416,41.0958904109589,73,22.15909090909091,67.04545454545455
grid,TF15 TP2.5 SLB0.25 MSA2.0,0.25,110,15,2.5,0.25,2.0,104,30.76923076923077,-0.1526664642446161,0.7648730793815703,-3.9432033581858428,-0.06592995792401579,3.9906159808193897,-0.9736068775356266,36.0655737704918,61,18.269230769230766,67.3076923076923
grid,TF15 TP2.5 SLB0.25 MSA2.0,0.5,110,15,2.5,0.25,2.0,104,30.76923076923077,-0.15561306842650452,0.7647336347003006,-7.984599568952088,-0.13632376013270608,8.187072967112153,-1.956465677479191,34.42622950819672,61,18.269230769230766,67.3076923076923
grid,TF15 TP2.5 SLB0.25 MSA2.0,1.0,110,15,2.5,0.25,2.0,104,30.76923076923077,-0.16210459133986854,0.7532676194771352,-16.306953536131786,-0.2914013028028406,16.824860480553127,-3.986251886523573,36.0655737704918,61,18.269230769230766,67.3076923076923
grid,TF15 TP2.5 SLB0.25 MSA2.0,2.0,110,15,2.5,0.25,2.0,104,30.76923076923077,-0.15811913216300819,0.7465086222199152,-30.702669343778823,-0.5994482263700807,31.54001940211577,-7.905278629357937,34.42622950819672,61,18.269230769230766,67.3076923076923
grid,TF15 TP3.0 SLB0.1 MSA0.0,0.25,187,15,3.0,0.1,0.0,176,28.97727272727273,-0.06540909902303763,0.8996098750716979,-2.9571084602943443,-0.04111089564237114,5.603729825651749,-1.2137382175340883,38.35616438356164,73,20.454545454545457,68.75
grid,TF15 TP3.0 SLB0.1 MSA0.0,0.5,187,15,3.0,0.1,0.0,176,28.97727272727273,-0.06798705803576156,0.8924978954565771,-6.289953354145162,-0.08895326390701008,11.062337058341654,-2.525512605861968,38.35616438356164,73,20.454545454545457,68.75
grid,TF15 TP3.0 SLB0.1 MSA0.0,1.0,187,15,3.0,0.1,0.0,176,28.97727272727273,-0.07101310720873967,0.8770257686245093,-13.566923716764833,-0.1995263742242681,22.223621527556492,-5.021972946837261,38.35616438356164,73,20.454545454545457,68.75
grid,TF15 TP3.0 SLB0.1 MSA0.0,2.0,187,15,3.0,0.1,0.0,176,28.97727272727273,-0.07911457202259586,0.8405535517002445,-30.185919019780528,-0.4910294801094506,41.684980965461314,-9.821355522874853,36.986301369863014,73,20.454545454545457,68.75
grid,TF15 TP3.0 SLB0.1 MSA2.0,0.25,94,15,3.0,0.1,2.0,88,26.136363636363637,-0.23265724477148922,0.6642932969828343,-5.036518104574439,-0.09565379550607878,5.426346281175465,-0.7738845672748074,29.629629629629626,54,13.636363636363635,70.45454545454545
grid,TF15 TP3.0 SLB0.1 MSA2.0,0.5,94,15,3.0,0.1,2.0,88,26.136363636363637,-0.2281795642459306,0.67332618050366,-9.74109255378669,-0.18961240844628247,10.467254225654465,-1.5652754333000174,29.629629629629626,54,13.636363636363635,70.45454545454545
grid,TF15 TP3.0 SLB0.1 MSA2.0,1.0,94,15,3.0,0.1,2.0,88,26.136363636363637,-0.23209853494152383,0.6646794271191134,-19.16730374264004,-0.3932776772918811,20.393930810042736,-3.0990451631552784,29.629629629629626,54,13.636363636363635,70.45454545454545
grid,TF15 TP3.0 SLB0.1 MSA2.0,2.0,94,15,3.0,0.1,2.0,88,26.136363636363637,-0.2337516197146077,0.6477052615805092,-35.95766384003698,-0.8218372975543287,37.80094823594392,-6.158811430534083,29.629629629629626,54,13.636363636363635,70.45454545454545
grid,TF15 TP3.0 SLB0.25 MSA0.0,0.25,187,15,3.0,0.25,0.0,176,30.113636363636363,-0.032017778902673724,0.9474609025690522,-1.520627966769894,-0.02098831868404538,5.008021070756219,-1.2163615855216525,41.0958904109589,73,20.454545454545457,67.61363636363636
grid,TF15 TP3.0 SLB0.25 MSA0.0,0.5,187,15,3.0,0.25,0.0,176,30.113636363636363,-0.03583848825472172,0.9379366525672883,-3.6062860876921676,-0.050301310230871366,10.318947386599064,-2.4904766599787687,41.0958904109589,73,20.454545454545457,67.61363636363636
grid,TF15 TP3.0 SLB0.25 MSA0.0,1.0,187,15,3.0,0.25,0.0,176,30.113636363636363,-0.03398285056429173,0.9305039094279418,-7.777023556785911,-0.1108438436921988,19.940365203923093,-4.978035741332842,41.0958904109589,73,20.454545454545457,67.61363636363636
grid,TF15 TP3.0 SLB0.25 MSA0.0,2.0,187,15,3.0,0.25,0.0,176,30.113636363636363,-0.0380914224079141,0.9018506811559952,-19.51834359399006,-0.2970113313177203,38.28993850096045,-9.826419522875174,41.0958904109589,73,20.454545454545457,67.61363636363636
grid,TF15 TP3.0 SLB0.25 MSA2.0,0.25,110,15,3.0,0.25,2.0,104,28.846153846153843,-0.13422112840365719,0.79568980567393,-3.4898260031190342,-0.05821543050286149,3.5348894444773404,-0.9690774722373674,34.42622950819672,61,15.384615384615385,68.26923076923077
grid,TF15 TP3.0 SLB0.25 MSA2.0,0.5,110,15,3.0,0.25,2.0,104,28.846153846153843,-0.1402301819752963,0.7900939813727474,-7.280131809989266,-0.12383704307823429,7.388244666066801,-1.9418894858182933,32.78688524590164,61,15.384615384615385,68.26923076923077
grid,TF15 TP3.0 SLB0.25 MSA2.0,1.0,110,15,3.0,0.25,2.0,104,28.846153846153843,-0.1409543151099541,0.7840021071756466,-14.57003394001475,-0.2578199508724621,14.592149411665245,-4.0419644543644555,32.78688524590164,61,15.384615384615385,68.26923076923077
grid,TF15 TP3.0 SLB0.25 MSA2.0,2.0,110,15,3.0,0.25,2.0,104,28.846153846153843,-0.14047196649371932,0.7695360107412875,-28.526896195850526,-0.5490592240724568,28.526896195850526,-7.913397253270949,32.78688524590164,61,15.384615384615385,68.26923076923077
ofat,V1 time divergence required,0.25,86,5,2.5,0.25,2.0,81,28.39506172839506,-0.20462259547214856,0.7107400332629649,-4.100837157951631,-0.08541846422420729,5.052794087862489,-1.0359418203989446,36.734693877551024,49,20.98765432098765,67.90123456790124
ofat,V1 time divergence required,0.5,86,5,2.5,0.25,2.0,81,28.39506172839506,-0.21251371136069994,0.7055137836955532,-8.41337645282476,-0.17919630465409453,10.222072636049207,-2.106182307640947,34.69387755102041,49,20.98765432098765,67.90123456790124
ofat,V1 time divergence required,1.0,86,5,2.5,0.25,2.0,81,28.39506172839506,-0.21042882071714802,0.7076978870150842,-16.2902856690883,-0.36223042622601787,19.569467377380956,-4.214414198912786,34.69387755102041,49,20.98765432098765,67.90123456790124
ofat,V1 time divergence required,2.0,86,5,2.5,0.25,2.0,81,28.39506172839506,-0.2193614911053786,0.6881834696457125,-31.81880953358084,-0.7785888024256948,36.828659584924125,-7.521197463816431,36.734693877551024,49,20.98765432098765,67.90123456790124
ofat,V2 confirmation body >= 0.8 ATR,0.25,214,5,2.5,0.25,2.0,196,29.081632653061224,-0.16983537335681756,0.7664098063665794,-8.092127400952142,-0.11552704545552128,10.73496006463417,-2.0693762050245756,38.35616438356164,73,24.489795918367346,68.36734693877551
ofat,V2 confirmation body >= 0.8 ATR,0.5,214,5,2.5,0.25,2.0,196,29.081632653061224,-0.16239589439587407,0.7812741819047434,-15.128321625413754,-0.22444601141888842,20.478698353122894,-4.1816931081969155,39.726027397260275,73,24.489795918367346,68.36734693877551
ofat,V2 confirmation body >= 0.8 ATR,1.0,214,5,2.5,0.25,2.0,196,29.081632653061224,-0.16034469823871758,0.7872980865436623,-28.387340154393335,-0.45635049324440624,37.196642981792614,-8.242526109204096,41.0958904109589,73,24.489795918367346,68.36734693877551
ofat,V2 confirmation body >= 0.8 ATR,2.0,214,5,2.5,0.25,2.0,196,29.081632653061224,-0.1370184830816951,0.8082925282498573,-45.58213855058689,-0.8300669259728499,57.86992874877812,-15.135394334172492,39.726027397260275,73,24.489795918367346,68.36734693877551
ofat,V3 signal range >= 1.2 ATR,0.25,230,5,2.5,0.25,2.0,211,27.014218009478675,-0.20277891483405325,0.7246113891559145,-10.253833682923618,-0.14414251429066827,11.649946431404512,-1.8409503554558504,38.666666666666664,75,22.748815165876778,70.61611374407583
ofat,V3 signal range >= 1.2 ATR,0.5,230,5,2.5,0.25,2.0,211,27.014218009478675,-0.2070129562853342,0.7266033711796493,-20.02560913634015,-0.2975081870251972,22.666956673088745,-3.683687718545714,38.666666666666664,75,22.748815165876778,70.61611374407583
ofat,V3 signal range >= 1.2 ATR,1.0,230,5,2.5,0.25,2.0,211,27.014218009478675,-0.20221511646709803,0.7381295968858742,-36.062613748722185,-0.5945798974847927,40.17804523561737,-7.272150695151536,38.666666666666664,75,22.748815165876778,70.61611374407583
ofat,V3 signal range >= 1.2 ATR,2.0,230,5,2.5,0.25,2.0,211,27.014218009478675,-0.18079413436258115,0.7601928925042253,-56.85883913894202,-1.11466457514795,62.25589263080179,-13.353024385251388,37.333333333333336,75,22.748815165876778,70.61611374407583
ofat,V4 entries 07:00-21:00 UTC only,0.25,182,5,2.5,0.25,2.0,171,33.91812865497076,0.023747459825827336,1.0329824531573026,0.9097489495233813,0.012579064181350574,4.922310721539979,-0.7749990525239947,45.83333333333333,72,27.485380116959064,61.98830409356725
ofat,V4 entries 07:00-21:00 UTC only,0.5,182,5,2.5,0.25,2.0,171,33.91812865497076,0.027559421668199833,1.033808592981788,1.9175822856818403,0.026384429894710237,9.878242455578834,-1.555184906283802,44.44444444444444,72,27.485380116959064,61.98830409356725
ofat,V4 entries 07:00-21:00 UTC only,1.0,182,5,2.5,0.25,2.0,171,33.91812865497076,0.025710228739179188,1.0221857071329166,2.568867194482327,0.035234347576729164,19.373116996912955,-3.1070925030852847,45.83333333333333,72,27.485380116959064,61.98830409356725
ofat,V4 entries 07:00-21:00 UTC only,2.0,182,5,2.5,0.25,2.0,171,33.91812865497076,0.027203413577196293,1.0090015191512127,2.0789665202312513,0.028582569236879074,36.134343167067726,-6.167352001872295,44.44444444444444,72,27.485380116959064,61.98830409356725
ofat,V5 confirmation wait <= 5 bars,0.25,151,5,2.5,0.25,2.0,137,27.73722627737226,-0.19694563455664807,0.7282207284474911,-6.597165413268979,-0.09474466154197891,7.640167977613588,-1.2643141713458261,43.05555555555556,72,23.357664233576642,69.34306569343066
ofat,V5 confirmation wait <= 5 bars,0.5,151,5,2.5,0.25,2.0,137,27.73722627737226,-0.1973824144964473,0.7293233586356314,-12.933994975967577,-0.19218131220292145,14.900089684109885,-2.568362821491754,41.66666666666667,72,23.357664233576642,69.34306569343066
ofat,V5 confirmation wait <= 5 bars,1.0,151,5,2.5,0.25,2.0,137,27.73722627737226,-0.1993281948910126,0.7231327720904093,-24.899932806403534,-0.3969167677041141,28.344906013393857,-5.135630260235002,41.66666666666667,72,23.357664233576642,69.34306569343066
ofat,V5 confirmation wait <= 5 bars,2.0,151,5,2.5,0.25,2.0,137,27.73722627737226,-0.18447768485225055,0.7198932910551438,-42.52455826240157,-0.7662332806095296,47.81610517893764,-10.052031889560398,41.66666666666667,72,23.357664233576642,69.34306569343066
ofat,V6 confirmation wait <= 30 bars,0.25,373,5,2.5,0.25,2.0,337,29.673590504451035,-0.12442422089912783,0.8205582762467245,-10.13451540485325,-0.1286596314956645,14.709303103174875,-2.077357495095433,44.57831325301205,83,25.222551928783382,67.95252225519289
ofat,V6 confirmation wait <= 30 bars,0.5,373,5,2.5,0.25,2.0,337,29.673590504451035,-0.12401264764010402,0.8220591231348594,-19.542571827421927,-0.26163543035034875,27.85578592715474,-4.172339654355439,45.78313253012048,83,25.222551928783382,67.95252225519289
ofat,V6 confirmation wait <= 30 bars,1.0,373,5,2.5,0.25,2.0,337,29.673590504451035,-0.12404956352128803,0.8187964119934771,-36.38391572676177,-0.543462269373185,48.89889134373087,-8.220000543889627,45.78313253012048,83,25.222551928783382,67.95252225519289
ofat,V6 confirmation wait <= 30 bars,2.0,373,5,2.5,0.25,2.0,337,29.673590504451035,-0.11116199527221024,0.8226424810711725,-58.412598349873115,-1.0515083829667038,72.8765843017629,-15.146672162774788,42.168674698795186,83,25.222551928783382,67.95252225519289
ofat,V7 B position 0.4-0.6 of signal,0.25,176,5,2.5,0.25,2.0,162,27.160493827160494,-0.18424434978567264,0.7455202480618462,-7.27938659689551,-0.10491627341906451,8.600642705093254,-1.3317599834004712,38.88888888888889,72,23.456790123456788,70.37037037037037
ofat,V7 B position 0.4-0.6 of signal,0.5,176,5,2.5,0.25,2.0,162,27.160493827160494,-0.1877483448644067,0.743623529905856,-14.449746269768637,-0.21652388669705092,17.00060028367931,-2.669384025811683,38.88888888888889,72,23.456790123456788,70.37037037037037
ofat,V7 B position 0.4-0.6 of signal,1.0,176,5,2.5,0.25,2.0,162,27.160493827160494,-0.1847810485185881,0.744370427112276,-27.061533574785035,-0.43731048135630113,31.430288882125723,-5.301908275867939,38.88888888888889,72,23.456790123456788,70.37037037037037
ofat,V7 B position 0.4-0.6 of signal,2.0,176,5,2.5,0.25,2.0,162,27.160493827160494,-0.18084058839420242,0.7350864521462663,-47.601481379245904,-0.893610941896561,53.99750200953655,-9.585705041137583,38.88888888888889,72,23.456790123456788,70.37037037037037
ofat,V8 signal upper wick <= 0.20,0.25,204,5,2.5,0.25,2.0,183,29.508196721311474,-0.11267317971565136,0.8352115441430007,-5.131058159023361,-0.07115549195720883,11.384471665451512,-2.0870231492649993,41.891891891891895,74,26.229508196721312,67.75956284153006
ofat,V8 signal upper wick <= 0.20,0.5,204,5,2.5,0.25,2.0,183,29.508196721311474,-0.10647751099128569,0.8412945124163865,-9.708014495639016,-0.13790682589768233,21.781186125812567,-4.137546800953595,41.891891891891895,74,26.229508196721312,67.75956284153006
ofat,V8 signal upper wick <= 0.20,1.0,204,5,2.5,0.25,2.0,183,29.508196721311474,-0.11163106958911774,0.826153613795584,-20.011985939965584,-0.3012930188160845,39.907942967830465,-8.232354235374007,41.891891891891895,74,26.229508196721312,67.75956284153006
ofat,V8 signal upper wick <= 0.20,2.0,204,5,2.5,0.25,2.0,183,29.508196721311474,-0.10587583173928407,0.8120928812095572,-36.69061932983657,-0.6158480958708079,63.75466811392989,-15.150208713473589,40.54054054054054,74,26.229508196721312,67.75956284153006
ofat,V9 AB noise candles = 0,0.25,114,5,2.5,0.25,2.0,103,31.06796116504854,-0.10091257055691931,0.853143431584622,-2.627501102139995,-0.04511925444996567,4.0262315671204085,-1.3148115691627993,40.67796610169492,59,26.21359223300971,67.96116504854369
ofat,V9 AB noise candles = 0,0.5,114,5,2.5,0.25,2.0,103,31.06796116504854,-0.09973216663564896,0.8540498416027471,-5.261371752041432,-0.09156545614291689,8.061005136782729,-2.668642663143339,40.67796610169492,59,26.21359223300971,67.96116504854369
ofat,V9 AB noise candles = 0,1.0,114,5,2.5,0.25,2.0,103,31.06796116504854,-0.09652485475501293,0.852091322082006,-10.444634273234021,-0.1867967418877292,15.735935346921547,-5.269244631408987,40.67796610169492,59,26.21359223300971,67.96116504854369
ofat,V9 AB noise candles = 0,2.0,114,5,2.5,0.25,2.0,103,31.06796116504854,-0.07487942560205116,0.8604817231519659,-17.602151470118788,-0.32761616236792745,27.362582117188474,-9.522211653307878,40.67796610169492,59,26.21359223300971,67.96116504854369
combo,V2+V4 (v1-selected),0.25,114,5,2.5,0.25,2.0,109,34.862385321100916,0.022803846002461176,1.0314443355423015,0.5543096818004578,0.009531127276374285,4.74924240068193,-0.8283592627840508,44.827586206896555,58,27.522935779816514,60.550458715596335
combo,V2+V4 (v1-selected),0.5,114,5,2.5,0.25,2.0,109,34.862385321100916,0.03644731758570206,1.046125301597435,1.707113988733333,0.02918885453977449,9.559662689240344,-1.7052069323932328,44.827586206896555,58,27.522935779816514,60.550458715596335
combo,V2+V4 (v1-selected),1.0,114,5,2.5,0.25,2.0,109,34.862385321100916,0.03661665752338316,1.0363580021554648,2.843292423733379,0.04834997950555753,18.47814943711288,-3.4183856389023215,44.827586206896555,58,27.522935779816514,60.550458715596335
combo,V2+V4 (v1-selected),2.0,114,5,2.5,0.25,2.0,109,34.862385321100916,0.04194462603363704,1.0271978486731845,4.579685846786341,0.0772352228015194,33.67028889636931,-6.78597476436229,44.827586206896555,58,27.522935779816514,60.550458715596335
