variant,risk_pct,signals,gross_mean_R,trades,win_pct,mean_R,pf,total_pct,monthly_geo_pct,max_dd_pct,worst_month_pct,pos_months_pct,n_months,tp_share,sl_share
"base (TF5, TP2.5, SLB0.25, MSA2)",0.25,69,0.08088235294117647,66,31.818181818181817,-0.027337675418441516,0.9566347202529465,-0.4940689706152246,-0.010766670927431221,2.244848301811553,-0.6892686479169519,39.130434782608695,46,28.78787878787879,66.66666666666666
"base (TF5, TP2.5, SLB0.25, MSA2)",0.5,69,0.08088235294117647,66,31.818181818181817,-0.033822448947426885,0.9447696612389822,-1.2905427601003105,-0.028233896323104357,4.536329197901356,-1.4737925133996965,36.95652173913043,46,28.78787878787879,66.66666666666666
"base (TF5, TP2.5, SLB0.25, MSA2)",1.0,69,0.08088235294117647,66,31.818181818181817,-0.022242624085482807,0.9534008281210297,-2.1848929467644274,-0.04801271374813565,8.888899221758917,-3.0075841243734858,39.130434782608695,46,28.78787878787879,66.66666666666666
"base (TF5, TP2.5, SLB0.25, MSA2)",2.0,69,0.08088235294117647,66,31.818181818181817,0.010420629931768698,0.984508595804349,-1.3583913853548846,-0.029728231004177985,16.765238867935462,-6.05453812821265,39.130434782608695,46,28.78787878787879,66.66666666666666
V1 require time divergence (BC bars > AB bars),0.25,4,0.75,4,50.0,0.14886529037507207,1.2926722686844359,0.14689962391836175,0.03670469251735309,0.5019253261631773,-0.26129904972818085,50.0,4,25.0,50.0
V1 require time divergence (BC bars > AB bars),0.5,4,0.75,4,50.0,0.13869208927949814,1.2612715080351398,0.26926299489948846,0.06724788413958738,1.0305869052636085,-0.5225980994563728,50.0,4,25.0,50.0
V1 require time divergence (BC bars > AB bars),1.0,4,0.75,4,50.0,0.1295728082182917,1.2356024781924677,0.4856176577456184,0.12118395315963149,2.061173810527217,-1.0451961989127678,50.0,4,25.0,50.0
V1 require time divergence (BC bars > AB bars),2.0,4,0.75,4,50.0,-0.09430532271352007,0.7956910717955128,-0.8367699689621588,-0.20985213737362285,4.095611368117225,-2.0903923978255246,50.0,4,25.0,50.0
V2 confirmation body >= 0.8 ATR,0.25,47,0.3404255319148936,44,38.63636363636363,0.1846190297118543,1.2857935962417526,2.0177040816995673,0.05258271898094247,1.6309724521471392,-0.2989237797800359,42.10526315789473,38,36.36363636363637,59.09090909090909
V2 confirmation body >= 0.8 ATR,0.5,47,0.3404255319148936,44,38.63636363636363,0.19205504090106615,1.2805724284833009,4.170515709419753,0.10758136582824651,3.296657499618927,-0.5974207806551224,42.10526315789473,38,36.36363636363637,59.09090909090909
V2 confirmation body >= 0.8 ATR,1.0,47,0.3404255319148936,44,38.63636363636363,0.20554040416673372,1.2840612928081316,8.853198033657982,0.2234861521396514,6.431902559883607,-1.1972725158266861,42.10526315789473,38,36.36363636363637,59.09090909090909
V2 confirmation body >= 0.8 ATR,2.0,47,0.3404255319148936,44,38.63636363636363,0.2570165995139532,1.374072784101615,22.852611623550256,0.5430882787556435,11.094924124884075,-2.146548276442106,42.10526315789473,38,36.36363636363637,59.09090909090909
V3 signal range >= 1.2 ATR,0.25,52,-0.0392156862745098,49,28.57142857142857,-0.10349724223591455,0.8518293147071074,-1.2908024616246405,-0.03820463275311381,2.569708286296679,-0.6892686479169519,38.23529411764706,34,26.53061224489796,69.38775510204081
V3 signal range >= 1.2 ATR,0.5,52,-0.0392156862745098,49,28.57142857142857,-0.10822710464221807,0.8455266743298334,-2.742691547308862,-0.08176083738804518,5.363630730530078,-1.4737925133996965,38.23529411764706,34,26.53061224489796,69.38775510204081
V3 signal range >= 1.2 ATR,1.0,52,-0.0392156862745098,49,28.57142857142857,-0.09997974097149824,0.8515872967094148,-5.279802110147536,-0.15941082236172743,10.493752281944978,-3.0075841243734858,38.23529411764706,34,26.53061224489796,69.38775510204081
V3 signal range >= 1.2 ATR,2.0,52,-0.0392156862745098,49,28.57142857142857,-0.06792186584934795,0.8771688271101058,-8.29454315286644,-0.2543474605351759,18.51994144419036,-6.05453812821265,38.23529411764706,34,26.53061224489796,69.38775510204081
V4 entries only 07:00-21:00 UTC,0.25,46,0.32222222222222224,46,39.130434782608695,0.22083132308102393,1.371457039974924,2.537930096834806,0.06964255546355602,1.7119542018644407,-0.5148078767404418,47.22222222222222,36,34.78260869565217,58.69565217391305
V4 entries only 07:00-21:00 UTC,0.5,46,0.32222222222222224,46,39.130434782608695,0.22817441141896064,1.367090554665502,5.240407076447129,0.14198163821725895,3.456962918041684,-1.0428525654133658,47.22222222222222,36,34.78260869565217,58.69565217391305
V4 entries only 07:00-21:00 UTC,1.0,46,0.32222222222222224,46,39.130434782608695,0.22674640190524273,1.3452082498403266,10.359691183611242,0.27419401798158827,6.844439208370201,-2.099006174291218,47.22222222222222,36,34.78260869565217,58.69565217391305
V4 entries only 07:00-21:00 UTC,2.0,46,0.32222222222222224,46,39.130434782608695,0.23268740296709164,1.3344870197443293,21.09501847483699,0.5330974011407363,12.997070560094947,-4.178877325976604,47.22222222222222,36,34.78260869565217,58.69565217391305
V5 confirmation wait <= 5 bars,0.25,34,-0.07352941176470588,33,27.27272727272727,-0.21701770162117423,0.7149426681976417,-1.7947470993988635,-0.06705336176716648,2.2879010167155434,-0.5211270026493353,25.925925925925924,27,24.242424242424242,72.72727272727273
V5 confirmation wait <= 5 bars,0.5,34,-0.07352941176470588,33,27.27272727272727,-0.21174110473887434,0.7228317703242869,-3.5163637524505464,-0.13249276031728208,4.560017881977307,-1.0491052286713987,25.925925925925924,27,24.242424242424242,72.72727272727273
V5 confirmation wait <= 5 bars,1.0,34,-0.07352941176470588,33,27.27272727272727,-0.20100379601485813,0.7297971180709814,-6.740684200534486,-0.2581337829605901,8.811711030776104,-2.0947878296630584,29.629629629629626,27,24.242424242424242,72.72727272727273
V5 confirmation wait <= 5 bars,2.0,34,-0.07352941176470588,33,27.27272727272727,-0.13686789747126413,0.7770281624671742,-9.759169004688351,-0.37960430228826114,16.201598846211695,-4.1719458402007525,29.629629629629626,27,24.242424242424242,72.72727272727273
V6 confirmation wait <= 30 bars,0.25,80,0.12179487179487179,76,34.21052631578947,0.02966970925792006,1.040330742316024,0.5134962866607307,0.01067103578185069,2.3472990449882936,-0.7731150835007861,41.66666666666667,48,30.263157894736842,64.47368421052632
V6 confirmation wait <= 30 bars,0.5,80,0.12179487179487179,76,34.21052631578947,0.026700723666653613,1.0308069602162833,0.8052772320390922,0.016710816458131994,4.694321161689697,-1.5486179283874302,41.66666666666667,48,30.263157894736842,64.47368421052632
V6 confirmation wait <= 30 bars,1.0,80,0.12179487179487179,76,34.21052631578947,0.03411853838668553,1.0329990494446721,1.7476469822603313,0.03610133285019135,9.267083474625437,-3.0995583193318743,43.75,48,30.263157894736842,64.47368421052632
V6 confirmation wait <= 30 bars,2.0,80,0.12179487179487179,76,34.21052631578947,0.0652004172789074,1.068159432897602,6.902925620593581,0.1391613219084764,17.533587381830728,-6.172011164138302,43.75,48,30.263157894736842,64.47368421052632
V7 B position within signal 0.4-0.6,0.25,42,0.08333333333333333,41,31.70731707317073,-0.04729716949380972,0.9293207017774948,-0.5109181665705509,-0.01652211288937222,2.0208114118479448,-0.5150327497085994,32.25806451612903,31,29.268292682926827,68.29268292682927
V7 B position within signal 0.4-0.6,0.5,42,0.08333333333333333,41,31.70731707317073,-0.045938944483999225,0.9291047193206567,-1.0503016248301522,-0.034054078343759286,4.1592209047149105,-1.037687344015259,32.25806451612903,31,29.268292682926827,68.29268292682927
V7 B position within signal 0.4-0.6,1.0,42,0.08333333333333333,41,31.70731707317073,-0.033793501823083,0.9387803839420736,-1.8337890119123568,-0.05968577276614928,8.336389047845827,-2.071643894332831,35.483870967741936,31,29.268292682926827,68.29268292682927
V7 B position within signal 0.4-0.6,2.0,42,0.08333333333333333,41,31.70731707317073,-0.018600076580830467,0.9442378310970043,-3.1714484377433627,-0.10390817493515225,15.684426591902835,-4.1508309388746945,35.483870967741936,31,29.268292682926827,68.29268292682927
V8 signal upper wick <= 0.20 of range,0.25,46,0.21739130434782608,43,34.883720930232556,0.07980449104328913,1.1184310074870305,0.8313991311080349,0.024354790179592634,2.0416892993027957,-0.6827920485759864,41.17647058823529,34,32.55813953488372,62.7906976744186
V8 signal upper wick <= 0.20 of range,0.5,46,0.21739130434782608,43,34.883720930232556,0.08132559210322765,1.1128208866002565,1.637375213351433,0.04777949248035984,4.089043150000515,-1.4574412039434104,41.17647058823529,34,32.55813953488372,62.7906976744186
V8 signal upper wick <= 0.20 of range,1.0,46,0.21739130434782608,43,34.883720930232556,0.08049386208718441,1.1000706535808418,3.0003969037136757,0.08698679884957539,8.057474269239762,-3.0391939506930865,41.17647058823529,34,32.55813953488372,62.7906976744186
V8 signal upper wick <= 0.20 of range,2.0,46,0.21739130434782608,43,34.883720930232556,0.09307277535348296,1.1081174658443615,6.326200001186444,0.1805791459168704,15.194373460107757,-6.016398633269815,41.17647058823529,34,32.55813953488372,62.7906976744186
V9 AB noise candles = 0,0.25,30,0.3275862068965517,29,37.93103448275862,0.1344220501467236,1.2144403789667775,0.9589917271452864,0.03818419190810829,1.0913211620074637,-0.6876450154983504,40.0,25,31.03448275862069,58.620689655172406
V9 AB noise candles = 0,0.5,30,0.3275862068965517,29,37.93103448275862,0.12541550144749283,1.189347857806519,1.7512386878583586,0.0694673657938738,2.3586200317187167,-1.4676199958040925,40.0,25,31.03448275862069,58.620689655172406
V9 AB noise candles = 0,1.0,30,0.3275862068965517,29,37.93103448275862,0.13620372435190362,1.1956783692627506,3.6806107881081296,0.14468431765986,4.8251665714444165,-2.9837912909902453,40.0,25,31.03448275862069,58.620689655172406
V9 AB noise candles = 0,2.0,30,0.3275862068965517,29,37.93103448275862,0.17709650169384,1.274710177185865,9.482820616078236,0.36304727234901524,8.477990956226321,-6.019563187437493,40.0,25,31.03448275862069,58.620689655172406
