TF,TP_R,SL_BUF_ATR,MIN_STOP_ATR,risk_pct,signals,trades,win_pct,mean_R,pf,total_pct,monthly_geo_pct,max_dd_pct,worst_month_pct,pos_months_pct,n_months,tp_share,sl_share
1,2.5,0.1,0.0,0.25,502,490,29.38775510204082,-0.29983540536110914,0.6264679739623166,-30.94547620488092,-0.4505354371198922,32.667994199670645,-2.542336161167491,25.609756097560975,82,28.97959183673469,70.61224489795919
1,2.5,0.1,0.0,0.5,502,490,29.38775510204082,-0.2937178254500718,0.6211598028543969,-51.872998103013316,-0.8878966552161693,54.11929632576255,-4.797963127474258,23.170731707317074,82,28.97959183673469,70.61224489795919
1,2.5,0.1,0.0,1.0,502,490,29.38775510204082,-0.24798323069764608,0.6253835929442417,-71.48428829262829,-1.518493034856272,73.82241244487305,-8.296252305577422,25.609756097560975,82,28.97959183673469,70.61224489795919
1,2.5,0.1,0.0,2.0,502,490,29.38775510204082,-0.16499614417519795,0.6524669002711101,-82.03850299708705,-2.072060589840763,84.03324177739115,-12.102789723479557,28.04878048780488,82,28.97959183673469,70.61224489795919
1,2.5,0.1,2.0,0.25,252,244,27.459016393442624,-0.31999340534037135,0.614079043167852,-17.856011964764352,-0.30686652260795144,19.679716864247954,-1.7615790211130689,29.6875,64,26.639344262295083,72.54098360655738
1,2.5,0.1,2.0,0.5,252,244,27.459016393442624,-0.3051560020962412,0.6245502078050572,-31.492201846570623,-0.5892300116518645,34.50319032848152,-3.521934004413707,29.6875,64,26.639344262295083,72.54098360655738
1,2.5,0.1,2.0,1.0,252,244,27.459016393442624,-0.2736638193254236,0.6337922991603769,-49.78809437568417,-1.0706615887448812,53.88170127221359,-5.875103202550591,29.6875,64,26.639344262295083,72.54098360655738
1,2.5,0.1,2.0,2.0,252,244,27.459016393442624,-0.1928223475027256,0.66681645797839,-63.110736295501916,-1.5461253870977076,68.29983646696994,-8.386966893300862,29.6875,64,26.639344262295083,72.54098360655738
1,2.5,0.25,0.0,0.25,502,489,28.22085889570552,-0.31308732957356006,0.6175659743909457,-32.00443599614744,-0.46929500989363326,33.967715652415166,-3.2549474110906584,25.609756097560975,82,27.811860940695297,71.77914110429448
1,2.5,0.25,0.0,0.5,502,489,28.22085889570552,-0.30539856922404374,0.6178412813736328,-53.162064351563856,-0.9207069073588037,55.752886488945094,-6.277698043128977,23.170731707317074,82,27.811860940695297,71.77914110429448
1,2.5,0.25,0.0,1.0,502,489,28.22085889570552,-0.26412274690969934,0.6252693481661765,-73.61023423513699,-1.6115008396477948,76.10516827428118,-11.20988162197003,28.04878048780488,82,27.811860940695297,71.77914110429448
1,2.5,0.25,0.0,2.0,502,489,28.22085889570552,-0.17620825500175574,0.6593904316661855,-83.95921623434492,-2.2070315527433215,85.95647486727799,-15.394212153047393,29.268292682926827,82,27.811860940695297,71.77914110429448
1,2.5,0.25,2.0,0.25,305,296,29.054054054054053,-0.25954734872182,0.6823231781199701,-17.62918092521959,-0.2890425834971344,20.068979637134554,-1.9355783955504857,37.3134328358209,67,28.37837837837838,70.94594594594594
1,2.5,0.25,2.0,0.5,305,296,29.054054054054053,-0.2518395685620801,0.6913627691039543,-31.625939641906676,-0.5658210311589973,35.56190188165932,-3.884618836856646,37.3134328358209,67,28.37837837837838,70.94594594594594
1,2.5,0.25,2.0,1.0,305,296,29.054054054054053,-0.2162885854944705,0.713573272791807,-48.66520847273181,-0.9902900827303829,54.0182999440012,-7.658152958330334,37.3134328358209,67,28.37837837837838,70.94594594594594
1,2.5,0.25,2.0,2.0,305,296,29.054054054054053,-0.1397106646401722,0.7629611994683739,-59.38136875910517,-1.3356909449142473,66.52412008721609,-12.14760865831266,37.3134328358209,67,28.37837837837838,70.94594594594594
1,3.0,0.1,0.0,0.25,502,489,25.766871165644172,-0.30581094618024907,0.6424131878373434,-31.43368623634869,-0.4591485592885025,33.80685191472171,-3.216532682530082,29.268292682926827,82,25.153374233128833,74.23312883435584
1,3.0,0.1,0.0,0.5,502,489,25.766871165644172,-0.29630875491209485,0.643662639599962,-52.20683962774502,-0.89630976598426,55.35484821788933,-6.112224988162218,29.268292682926827,82,25.153374233128833,74.23312883435584
1,3.0,0.1,0.0,1.0,502,489,25.766871165644172,-0.24813364090952225,0.6574883575387925,-71.64238940436964,-1.5251700682725078,74.79747797500559,-10.713102317240875,28.04878048780488,82,25.153374233128833,74.23312883435584
1,3.0,0.1,0.0,2.0,502,489,25.766871165644172,-0.1554016241385005,0.7028681338146906,-80.59879914205898,-1.9799356993275952,83.40183445948007,-14.455368706758598,29.268292682926827,82,25.153374233128833,74.23312883435584
1,3.0,0.1,2.0,0.25,252,243,23.456790123456788,-0.3516086366519627,0.6004971721067452,-19.371197852492383,-0.3358632345527135,21.95393901390904,-1.8697656578452015,31.25,64,22.22222222222222,76.5432098765432
1,3.0,0.1,2.0,0.5,252,243,23.456790123456788,-0.3391439065020667,0.6108626942184591,-34.21943899947978,-0.6523097511333176,38.30032661400872,-3.739392630726046,31.25,64,22.22222222222222,76.5432098765432
1,3.0,0.1,2.0,1.0,252,243,23.456790123456788,-0.3127050219762285,0.6178827770925139,-54.340733568910004,-1.2174712534594123,59.43977904109525,-6.532659350019243,28.125,64,22.22222222222222,76.5432098765432
1,3.0,0.1,2.0,2.0,252,243,23.456790123456788,-0.21331426338569676,0.6663734563448991,-66.77042558244715,-1.706720641762316,72.71674825275635,-10.570055291917246,29.6875,64,22.22222222222222,76.5432098765432
1,3.0,0.25,0.0,0.25,502,489,24.74437627811861,-0.31840536132560615,0.6292834993425258,-32.48130906325647,-0.47783729755210835,34.90479720126014,-3.138369940311425,30.48780487804878,82,24.130879345603272,75.25562372188139
1,3.0,0.25,0.0,0.5,502,489,24.74437627811861,-0.3112903308536333,0.6287763928242528,-53.92922632640704,-0.940659338567662,57.097675322210065,-6.063704270969749,30.48780487804878,82,24.130879345603272,75.25562372188139
1,3.0,0.25,0.0,1.0,502,489,24.74437627811861,-0.2643640050803301,0.6408290342946138,-73.83792217111976,-1.6218974630724081,76.86905324490341,-10.810925729428366,30.48780487804878,82,24.130879345603272,75.25562372188139
1,3.0,0.25,0.0,2.0,502,489,24.74437627811861,-0.16845390761520843,0.6810369123213944,-83.051526725445,-2.1413650397301254,85.62781478186052,-14.801347431370548,32.926829268292686,82,24.130879345603272,75.25562372188139
1,3.0,0.25,2.0,0.25,305,296,26.351351351351347,-0.24003013397440523,0.7176793907178869,-16.461236371046585,-0.2680869091379212,19.625340811025637,-1.945988600914439,35.82089552238806,67,25.33783783783784,73.64864864864865
1,3.0,0.25,2.0,0.5,305,296,26.351351351351347,-0.22912494573656234,0.7293297391279197,-29.391388039369172,-0.5180832453479223,34.6040484465679,-3.8640456926149036,35.82089552238806,67,25.33783783783784,73.64864864864865
1,3.0,0.25,2.0,1.0,305,296,26.351351351351347,-0.19697651407484307,0.7484588162259136,-45.931247094455415,-0.9135829510082849,53.0425655834039,-7.654199755245383,32.83582089552239,67,25.33783783783784,73.64864864864865
1,3.0,0.25,2.0,2.0,305,296,26.351351351351347,-0.11573069760478387,0.8045625498140576,-53.911669485664035,-1.1494773702889205,63.94676992875456,-12.164349871185365,34.32835820895522,67,25.33783783783784,73.64864864864865
5,2.5,0.1,0.0,0.25,127,124,26.61290322580645,-0.222343686354894,0.7092604197132348,-6.732304418863222,-0.10716773512584599,7.504901318777835,-1.1959974831710518,36.92307692307693,65,25.0,72.58064516129032
5,2.5,0.1,0.0,0.5,127,124,26.61290322580645,-0.2192579490791339,0.713233405326595,-12.984866916526771,-0.21375297452265185,14.366443641701732,-2.273570888822507,36.92307692307693,65,25.0,72.58064516129032
5,2.5,0.1,0.0,1.0,127,124,26.61290322580645,-0.19789066173006944,0.7295266247174635,-22.733527352494963,-0.3959985493011242,25.187825051354817,-4.360628356511576,38.46153846153847,65,25.0,72.58064516129032
5,2.5,0.1,0.0,2.0,127,124,26.61290322580645,-0.1537958038920452,0.7499444629329738,-34.65375278362877,-0.652431858184932,38.80960420630763,-7.501857957845881,36.92307692307693,65,25.0,72.58064516129032
5,2.5,0.1,2.0,0.25,55,52,25.0,-0.24316914088488806,0.6833395866418948,-3.1423836215147105,-0.07978854762535903,3.993393802369749,-0.7514955692801251,25.0,40,23.076923076923077,73.07692307692307
5,2.5,0.1,2.0,0.5,55,52,25.0,-0.24877372677525283,0.6808800551904962,-6.384237590983044,-0.16479260482079594,7.990574560351982,-1.511011852054911,25.0,40,23.076923076923077,73.07692307692307
5,2.5,0.1,2.0,1.0,55,52,25.0,-0.23589273676632908,0.6955666009205675,-12.00420975565869,-0.3191925210185964,15.127640456489234,-3.0227564415786,25.0,40,23.076923076923077,73.07692307692307
5,2.5,0.1,2.0,2.0,55,52,25.0,-0.18416391267114632,0.735872814556846,-19.00314972414713,-0.5255141117106121,24.62179524818704,-6.064215798357742,25.0,40,23.076923076923077,73.07692307692307
5,2.5,0.25,0.0,0.25,127,124,26.61290322580645,-0.2255791996056502,0.7022157408202616,-6.824101242392011,-0.10868104511192467,7.525951230928585,-1.182684787601751,38.46153846153847,65,24.193548387096776,72.58064516129032
5,2.5,0.25,0.0,0.5,127,124,26.61290322580645,-0.22049268357613758,0.710503625462006,-13.049191601986509,-0.21488824231445935,14.498474715190412,-2.301091629121499,38.46153846153847,65,24.193548387096776,72.58064516129032
5,2.5,0.25,0.0,1.0,127,124,26.61290322580645,-0.20239466028685305,0.7236080448198484,-23.15357832516306,-0.40435148825382905,25.7348342453386,-4.321416463879169,40.0,65,24.193548387096776,72.58064516129032
5,2.5,0.25,0.0,2.0,127,124,26.61290322580645,-0.16084627816936484,0.7430441174194371,-35.806534326224906,-0.6796319249390392,40.02598429192512,-7.5296120277022816,36.92307692307693,65,24.193548387096776,72.58064516129032
5,2.5,0.25,2.0,0.25,69,66,31.818181818181817,-0.027337675418441516,0.9566347202529465,-0.4940689706152246,-0.010766670927431221,2.244848301811553,-0.6892686479169519,39.130434782608695,46,28.78787878787879,66.66666666666666
5,2.5,0.25,2.0,0.5,69,66,31.818181818181817,-0.033822448947426885,0.9447696612389822,-1.2905427601003105,-0.028233896323104357,4.536329197901356,-1.4737925133996965,36.95652173913043,46,28.78787878787879,66.66666666666666
5,2.5,0.25,2.0,1.0,69,66,31.818181818181817,-0.022242624085482807,0.9534008281210297,-2.1848929467644274,-0.04801271374813565,8.888899221758917,-3.0075841243734858,39.130434782608695,46,28.78787878787879,66.66666666666666
5,2.5,0.25,2.0,2.0,69,66,31.818181818181817,0.010420629931768698,0.984508595804349,-1.3583913853548846,-0.029728231004177985,16.765238867935462,-6.05453812821265,39.130434782608695,46,28.78787878787879,66.66666666666666
5,3.0,0.1,0.0,0.25,127,124,24.193548387096776,-0.22719183464000126,0.7113349177056921,-6.8829554235550265,-0.10965205400522704,8.229670027734691,-1.1983281167269988,36.92307692307693,65,20.967741935483872,75.0
5,3.0,0.1,0.0,0.5,127,124,24.193548387096776,-0.2269077606558723,0.7120571264542237,-13.436837910860866,-0.2217473779037915,15.88718052920064,-2.2705978084641476,36.92307692307693,65,20.967741935483872,75.0
5,3.0,0.1,0.0,1.0,127,124,24.193548387096776,-0.2039489163521116,0.7283428631662805,-23.452809449990497,-0.41032932445130843,27.79548835315746,-4.349948419916028,36.92307692307693,65,20.967741935483872,75.0
5,3.0,0.1,0.0,2.0,127,124,24.193548387096776,-0.16805236319451017,0.7363993667696624,-37.29147491702981,-0.715386962785447,44.07207955489256,-7.598280610764729,35.38461538461539,65,20.967741935483872,75.0
5,3.0,0.1,2.0,0.25,55,52,21.153846153846153,-0.30464214138218393,0.6192296436744927,-3.915833413689074,-0.09981426077910749,4.964460860964593,-0.7497744785518123,20.0,40,17.307692307692307,76.92307692307693
5,3.0,0.1,2.0,0.5,55,52,21.153846153846153,-0.3114971463954485,0.6174050635929523,-7.909706293372942,-0.20578955463660398,9.898085410214662,-1.5044221611822617,20.0,40,17.307692307692307,76.92307692307693
5,3.0,0.1,2.0,1.0,55,52,21.153846153846153,-0.3013832970457888,0.6278889776140545,-14.992889140652665,-0.405264766466662,18.7627120961933,-3.032710993226595,20.0,40,17.307692307692307,76.92307692307693
5,3.0,0.1,2.0,2.0,55,52,21.153846153846153,-0.2535250117727076,0.6545467437972893,-24.764647412543738,-0.7088481141492409,31.225239528835925,-6.0438587981578085,20.0,40,17.307692307692307,76.92307692307693
5,3.0,0.25,0.0,0.25,127,124,22.58064516129032,-0.27832500918728914,0.6504977952619854,-8.343791490235963,-0.1339493960381688,9.611268070680989,-1.179843070655584,33.84615384615385,65,19.35483870967742,76.61290322580645
5,3.0,0.25,0.0,0.5,127,124,22.58064516129032,-0.2781014357012299,0.6522682000143295,-16.13026328511742,-0.270257750887104,18.56014206965666,-2.3041972316221626,33.84615384615385,65,19.35483870967742,76.61290322580645
5,3.0,0.25,0.0,1.0,127,124,22.58064516129032,-0.2585287172309434,0.6636737246893518,-28.425511210079502,-0.5131886297056298,32.58189280468814,-4.337766099617824,33.84615384615385,65,19.35483870967742,76.61290322580645
5,3.0,0.25,0.0,2.0,127,124,22.58064516129032,-0.2228162823274727,0.6675382984089345,-45.20849518724725,-0.9213219270067796,51.225030328037334,-7.648461601675239,33.84615384615385,65,19.35483870967742,76.61290322580645
5,3.0,0.25,2.0,0.25,69,66,25.757575757575758,-0.12121941231045782,0.8338242980124567,-2.0282852487480296,-0.04453654467654333,4.256633461977044,-0.6870464933408704,30.434782608695656,46,22.727272727272727,72.72727272727273
5,3.0,0.25,2.0,0.5,69,66,25.757575757575758,-0.12026425974068702,0.834775330056672,-4.08850605512624,-0.09070743990894359,8.554987129603031,-1.4638457379235748,30.434782608695656,46,22.727272727272727,72.72727272727273
5,3.0,0.25,2.0,1.0,69,66,25.757575757575758,-0.11732433796415909,0.8317362462521206,-8.219263028296487,-0.18627791148246864,16.819008802642323,-3.0077837865631674,30.434782608695656,46,22.727272727272727,72.72727272727273
5,3.0,0.25,2.0,2.0,69,66,25.757575757575758,-0.08518015321360296,0.8491660599796836,-13.349720352351891,-0.31101521752187056,30.22022147476506,-6.005630122574757,30.434782608695656,46,22.727272727272727,72.72727272727273
15,2.5,0.1,0.0,0.25,44,42,28.57142857142857,-0.09221256587628957,0.8640166518462166,-0.9895813470757076,-0.02687504334361046,3.8253712944463336,-0.5066381828232602,32.432432432432435,37,26.190476190476193,69.04761904761905
15,2.5,0.1,0.0,0.5,44,42,28.57142857142857,-0.09742678843793054,0.8559799084812226,-2.1332611816787916,-0.058262590140534254,7.679336141236681,-1.0136332266297954,32.432432432432435,37,26.190476190476193,69.04761904761905
15,2.5,0.1,0.0,1.0,44,42,28.57142857142857,-0.08880681990841412,0.8591869568718676,-4.092368124675049,-0.11286767718867718,14.88854111650253,-2.0278659756142403,32.432432432432435,37,26.190476190476193,69.04761904761905
15,2.5,0.1,0.0,2.0,44,42,28.57142857142857,-0.09247916111319339,0.834906458304863,-9.06352601078446,-0.2564517108744724,27.818302643179727,-4.071585423411195,32.432432432432435,37,26.190476190476193,69.04761904761905
15,2.5,0.1,2.0,0.25,16,15,26.666666666666668,-0.11616230192507228,0.8232026497657969,-0.44306402653754295,-0.031712717887411035,1.6616216550312979,-0.48504441944022814,28.57142857142857,14,20.0,66.66666666666666
15,2.5,0.1,2.0,0.5,16,15,26.666666666666668,-0.12504619475637105,0.8120006297971452,-0.9686880795555797,-0.06950514708442546,3.4037292687533527,-0.9953930156617163,28.57142857142857,14,20.0,66.66666666666666
15,2.5,0.1,2.0,1.0,16,15,26.666666666666668,-0.13445093712524292,0.7963384640159569,-2.140394949634683,-0.15442589745000568,6.864434301945954,-2.050161477732282,28.57142857142857,14,20.0,66.66666666666666
15,2.5,0.1,2.0,2.0,16,15,26.666666666666668,-0.13491150128526505,0.7833852693390179,-4.535255638798386,-0.3309737535695967,13.453729258684932,-4.101126303556935,28.57142857142857,14,20.0,66.66666666666666
15,2.5,0.25,0.0,0.25,44,42,26.190476190476193,-0.158958160883695,0.7728261726158504,-1.6793870026597157,-0.04576381174772326,3.6641529057048206,-0.4902876942081136,29.72972972972973,37,23.809523809523807,71.42857142857143
15,2.5,0.25,0.0,0.5,44,42,26.190476190476193,-0.1627166252235204,0.7706186958348167,-3.4604883800370745,-0.09513799779773402,7.57332238344458,-1.0159407625181083,29.72972972972973,37,23.809523809523807,71.42857142857143
15,2.5,0.25,0.0,1.0,44,42,26.190476190476193,-0.16408500243979943,0.7635220340933253,-7.0568672773409835,-0.19759467543032372,14.762029382464558,-2.031016775474559,29.72972972972973,37,23.809523809523807,71.42857142857143
15,2.5,0.25,0.0,2.0,44,42,26.190476190476193,-0.16238410502399037,0.7487542894706696,-14.200381380243654,-0.41307859382351264,27.81435850473022,-4.0682698826341674,29.72972972972973,37,23.809523809523807,71.42857142857143
15,2.5,0.25,2.0,0.25,23,22,27.27272727272727,-0.11948880918108674,0.8222453396667908,-0.6676897312908658,-0.03189628115969345,1.884248370101349,-0.4866629460194005,28.57142857142857,21,22.727272727272727,68.18181818181817
15,2.5,0.25,2.0,0.5,23,22,27.27272727272727,-0.12215692926563544,0.8190359308851157,-1.386990897355267,-0.06648738696289902,3.840647389029661,-0.9992558578911681,28.57142857142857,21,22.727272727272727,68.18181818181817
15,2.5,0.25,2.0,1.0,23,22,27.27272727272727,-0.11838036499004052,0.8216596786878224,-2.788295251962769,-0.1345715737748443,7.7593681601099025,-2.032057585427516,28.57142857142857,21,22.727272727272727,68.18181818181817
15,2.5,0.25,2.0,2.0,23,22,27.27272727272727,-0.11665457697659164,0.812332884388064,-5.854378330400978,-0.28686126804216006,15.047289085947002,-4.069168007330182,28.57142857142857,21,22.727272727272727,68.18181818181817
15,3.0,0.1,0.0,0.25,44,42,23.809523809523807,-0.13213374006481474,0.8137271446695882,-1.4068403040489619,-0.0382853748641665,3.716126741239678,-0.48782944007541573,27.027027027027028,37,21.428571428571427,71.42857142857143
15,3.0,0.1,0.0,0.5,44,42,23.809523809523807,-0.12875815855016118,0.8166855157654865,-2.7879290495339992,-0.07639052513555011,7.338852268029528,-1.0142006069297826,27.027027027027028,37,21.428571428571427,71.42857142857143
15,3.0,0.1,0.0,1.0,44,42,23.809523809523807,-0.1255706271734066,0.8122917555517978,-5.615328384523732,-0.15607133311172916,14.39337953115405,-2.0465052539097917,27.027027027027028,37,21.428571428571427,71.42857142857143
15,3.0,0.1,0.0,2.0,44,42,23.809523809523807,-0.1360419300663511,0.7762543831901029,-12.49896371899818,-0.360213316896163,27.135759668254135,-4.089761895426869,27.027027027027028,37,21.428571428571427,71.42857142857143
15,3.0,0.1,2.0,0.25,16,15,20.0,-0.23008890020521452,0.6609822586739135,-0.8672941060388295,-0.062200432486925195,1.723209657256708,-0.4876775383590215,21.428571428571427,14,13.333333333333334,66.66666666666666
15,3.0,0.1,2.0,0.5,16,15,20.0,-0.22506546379761302,0.6736556541676451,-1.7094135950430078,-0.12308081733901632,3.5276444669435802,-1.0052948409698947,21.428571428571427,14,13.333333333333334,66.66666666666666
15,3.0,0.1,2.0,1.0,16,15,20.0,-0.24164448575837932,0.647620024551373,-3.69930228151647,-0.268885154202092,7.0772037415215205,-2.047762792654617,21.428571428571427,14,13.333333333333334,66.66666666666666
15,3.0,0.1,2.0,2.0,16,15,20.0,-0.23915460148293646,0.6337352788840859,-7.467032656977334,-0.5527893318150956,13.809729176802088,-4.081936095819394,21.428571428571427,14,13.333333333333334,66.66666666666666
15,3.0,0.25,0.0,0.25,44,42,23.809523809523807,-0.11770545162642308,0.8309236503677098,-1.2572550729200938,-0.03418943515770545,3.5668834332391874,-0.48875673374134676,27.027027027027028,37,21.428571428571427,71.42857142857143
15,3.0,0.25,0.0,0.5,44,42,23.809523809523807,-0.12655787084022285,0.8191330822970763,-2.743049837041378,-0.07514402049112467,7.401354457388698,-1.0108422745889967,27.027027027027028,37,21.428571428571427,71.42857142857143
15,3.0,0.25,0.0,1.0,44,42,23.809523809523807,-0.12165221194019991,0.8166275549269796,-5.4586600607057,-0.15159575432378558,14.28315220215145,-2.0312249854321784,27.027027027027028,37,21.428571428571427,71.42857142857143
15,3.0,0.25,0.0,2.0,44,42,23.809523809523807,-0.12308401716436601,0.7929830560921658,-11.57628641097359,-0.3319612969984842,27.089435373986458,-4.084399126359339,27.027027027027028,37,21.428571428571427,71.42857142857143
15,3.0,0.25,2.0,0.25,23,22,22.727272727272727,-0.1443499480650116,0.7876512254958656,-0.8046674390341457,-0.03846509362289696,1.8923830054817126,-0.4876870065201433,23.809523809523807,21,18.181818181818183,68.18181818181817
15,3.0,0.25,2.0,0.5,23,22,22.727272727272727,-0.1431535096686667,0.7898100785826252,-1.6205080813971318,-0.07776888294904749,3.8278091381223844,-1.003975083537323,23.809523809523807,21,18.181818181818183,68.18181818181817
15,3.0,0.25,2.0,1.0,23,22,22.727272727272727,-0.1402646574101939,0.7885510911260852,-3.276308067303302,-0.1585019150269651,7.674175319183274,-2.028469009370837,23.809523809523807,21,18.181818181818183,68.18181818181817
15,3.0,0.25,2.0,2.0,23,22,22.727272727272727,-0.14600972249784447,0.7664732755049665,-7.139870660092907,-0.35212055142548326,15.053552592741081,-4.066657266985018,23.809523809523807,21,18.181818181818183,68.18181818181817
