variant,period,triggers,median_risk_thresholds,return,SL_rate,role
dc2,reused_development,843,1.3850661664576716,,,PRICE_PATH_ONLY_NO_EXECUTABLE_QUOTES
dc2,reused_validation,317,1.3479567895493603,,,PRICE_PATH_ONLY_NO_EXECUTABLE_QUOTES
dc2,reused_late_period,379,1.3470153094767898,,,PRICE_PATH_ONLY_NO_EXECUTABLE_QUOTES
dc3_baseline,reused_development,345,1.2865961144798905,,,PRICE_PATH_ONLY_NO_EXECUTABLE_QUOTES
dc3_baseline,reused_validation,110,1.2334190775321083,,,PRICE_PATH_ONLY_NO_EXECUTABLE_QUOTES
dc3_baseline,reused_late_period,140,1.258223235299544,,,PRICE_PATH_ONLY_NO_EXECUTABLE_QUOTES
dc4,reused_development,132,1.2229646698935341,,,PRICE_PATH_ONLY_NO_EXECUTABLE_QUOTES
dc4,reused_validation,49,1.238318615686183,,,PRICE_PATH_ONLY_NO_EXECUTABLE_QUOTES
dc4,reused_late_period,57,1.261267207070283,,,PRICE_PATH_ONLY_NO_EXECUTABLE_QUOTES
dc3_eff060,reused_development,196,1.281414518047638,,,PRICE_PATH_ONLY_NO_EXECUTABLE_QUOTES
dc3_eff060,reused_validation,60,1.2275145507810348,,,PRICE_PATH_ONLY_NO_EXECUTABLE_QUOTES
dc3_eff060,reused_late_period,76,1.258223235299544,,,PRICE_PATH_ONLY_NO_EXECUTABLE_QUOTES
dc3_retrace065,reused_development,489,1.2909819477237272,,,PRICE_PATH_ONLY_NO_EXECUTABLE_QUOTES
dc3_retrace065,reused_validation,160,1.245528417181652,,,PRICE_PATH_ONLY_NO_EXECUTABLE_QUOTES
dc3_retrace065,reused_late_period,211,1.2815380705724906,,,PRICE_PATH_ONLY_NO_EXECUTABLE_QUOTES
