variant,RR,role,detected_triggers,total_return,max_drawdown,trades,win_rate,profit_factor,net_pnl,mean_trade_pnl,gap_affected_trades,gap_affected_pnl,worst_realized_R,complete_months,drawdown_breaker_triggered,breaker_overshoot,submitted_signals,stale_or_outside_signals,mean_complete_month_return,fraction_months_ge_3pct,worst_month
dc2,2.5,REUSED_WEEK_SMOKE_NOT_OOS,44,-0.010462418120277261,0.024988889324935815,18,0.2222222222222222,0.6681771590032269,-104.62418120277289,-5.812454511264918,0,0.0,-1.0607966407380873,0,False,0.0,44,0,,,
dc2,3.0,REUSED_WEEK_SMOKE_NOT_OOS,44,-0.006127349557661699,0.02387307356059809,18,0.2222222222222222,0.8060574032836512,-61.27349557661728,-3.4040830875900485,0,0.0,-1.0607966407380873,0,False,0.0,44,0,,,
dc3_baseline,2.5,REUSED_WEEK_SMOKE_NOT_OOS,24,-0.010560064347939768,0.02139495440460404,11,0.18181818181818182,0.5133977364480107,-105.60064347939806,-9.600058498127188,1,-28.135887229757632,-1.1324392562873427,0,False,0.0,24,0,,,
dc3_baseline,3.0,REUSED_WEEK_SMOKE_NOT_OOS,24,-0.013890074587879053,0.02323021160155958,10,0.1,0.3268604235189267,-138.90074587879099,-13.890074587879269,2,-38.022953456805425,-1.1324392562873427,0,False,0.0,24,0,,,
spread1.5_slip2,2.5,BASELINE_COST_STRESS_SMOKE,24,-0.011444786237359783,0.021630224380547958,11,0.18181818181818182,0.4887084743382363,-114.44786237359767,-10.404351124872697,1,-28.463574156158447,-1.1460201605317357,0,False,0.0,24,0,,,
spread2_slip3,2.5,BASELINE_COST_STRESS_SMOKE,24,-0.017034552337882425,0.023102747051040984,10,0.1,0.2395606007432241,-170.3455233788245,-17.034552337882694,1,-24.850701837793952,-1.0898620787226476,0,False,0.0,24,0,,,
dc4,2.5,REUSED_WEEK_SMOKE_NOT_OOS,17,0.00399617131924157,0.010809271383947272,5,0.4,1.529462369318352,39.96171319241512,7.992342638483061,0,0.0,-1.0197556220753183,0,False,0.0,17,0,,,
dc4,3.0,REUSED_WEEK_SMOKE_NOT_OOS,17,-0.006374502463792675,0.010809271383947272,5,0.2,0.3782677169488985,-63.74502463792669,-12.749004927585052,1,38.783067236444914,-1.086067917336264,0,False,0.0,17,0,,,
dc3_eff060,2.5,REUSED_WEEK_SMOKE_NOT_OOS,15,-0.006086378416680027,0.015461958010684507,6,0.16666666666666666,0.47881031654763845,-60.86378416680054,-10.143964027800168,1,-28.351052075476737,-1.1324392562873429,0,False,0.0,15,0,,,
dc3_eff060,3.0,REUSED_WEEK_SMOKE_NOT_OOS,15,-0.004929659729899005,0.015461958010684396,6,0.16666666666666666,0.5783533405237825,-49.29659729898958,-8.21609954983152,1,-28.384047087330345,-1.1324392562873429,0,False,0.0,15,0,,,
dc3_retrace065,2.5,REUSED_WEEK_SMOKE_NOT_OOS,37,-0.018128702618041448,0.028341214559372885,14,0.14285714285714285,0.3797426141201285,-181.2870261804146,-12.949073298601272,1,-27.991315775265736,-1.1324392562873429,0,False,0.0,37,0,,,
dc3_retrace065,3.0,REUSED_WEEK_SMOKE_NOT_OOS,37,-0.021433240222368144,0.030163444872809086,13,0.07692307692307693,0.23936064733004103,-214.33240222368113,-16.487107863360084,2,-37.80283393832965,-1.1324392562873429,0,False,0.0,37,0,,,
