time,side,distance,rr,stop_price,setup_id,a,b,c,d,a_time,b_time,c_time,d_time,c_confirmation_time,signal_time,ab_thresholds,efficiency,retrace,cd_ab_ratio,threshold,confirmation_lag_seconds,late_C_confirmation,risk_thresholds,direction
2016-04-04 01:38:00+00:00,1,0.0003540094562060059,2.5,1.4232259905437938,DC:-1:2016-04-04 01:23:00+00:00,1.42404,1.42333,1.4237,1.42325,2016-04-04 01:04:00+00:00,2016-04-04 01:21:00+00:00,2016-04-04 01:30:00+00:00,2016-04-04 01:31:00+00:00,2016-04-04 01:31:00+00:00,2016-04-04 01:38:00+00:00,3.3750149875220203,0.4580645161288456,0.5211267605633627,0.6338028169015053,0.00024009456206006241,420.0,1.0,1.4744584515722865,-1
2016-04-04 03:10:00+00:00,-1,0.00018565715826390772,2.5,1.4238656571582637,DC:1:2016-04-04 03:06:00+00:00,1.42336,1.42371,1.42355,1.42385,2016-04-04 02:54:00+00:00,2016-04-04 03:01:00+00:00,2016-04-04 03:06:00+00:00,2016-04-04 03:08:00+00:00,2016-04-04 03:07:00+00:00,2016-04-04 03:10:00+00:00,2.357283905560345,0.7777777777774488,0.45714285714258523,0.8571428571425852,0.0001565715826367185,120.0,1.0,1.1857653549729668,1
2016-04-04 05:51:00+00:00,1,0.00018667916715253696,2.5,1.4220933208328475,DC:-1:2016-04-04 05:33:00+00:00,1.42261,1.42213,1.42242,1.42211,2016-04-04 05:21:00+00:00,2016-04-04 05:31:00+00:00,2016-04-04 05:33:00+00:00,2016-04-04 05:46:00+00:00,2016-04-04 05:45:00+00:00,2016-04-04 05:51:00+00:00,2.4411821531395597,0.8571428571427439,0.6041666666668787,0.6458333333333526,0.00016679167152444847,300.0,1.0,1.1192355436354828,-1
2016-04-04 06:15:00+00:00,1,0.0007826202466074683,2.5,1.4207273797533926,DC:-1:2016-04-04 06:11:00+00:00,1.42232,1.4212,1.4215799999999998,1.42075,2016-04-04 05:54:00+00:00,2016-04-04 06:06:00+00:00,2016-04-04 06:13:00+00:00,2016-04-04 06:14:00+00:00,2016-04-04 06:14:00+00:00,2016-04-04 06:15:00+00:00,6.996163102093612,0.8888888888891826,0.339285714285555,0.7410714285713206,0.0002262024660748374,60.0,1.0,3.4598219028635357,-1
2016-04-04 06:53:00+00:00,1,0.0009732358213498937,2.5,1.4204767641786502,DC:-1:2016-04-04 06:35:00+00:00,1.42248,1.42099,1.42159,1.42054,2016-04-04 06:29:00+00:00,2016-04-04 06:34:00+00:00,2016-04-04 06:35:00+00:00,2016-04-04 06:49:00+00:00,2016-04-04 06:37:00+00:00,2016-04-04 06:53:00+00:00,2.9227893578420634,1.0,0.40268456375834727,0.7046979865771822,0.0006323582134975983,240.0,1.0,1.5390577691193223,-1
2016-04-04 11:29:00+00:00,-1,0.0006905869000242149,2.5,1.423870586900024,DC:1:2016-04-04 11:23:00+00:00,1.42234,1.42375,1.42315,1.42382,2016-04-04 11:02:00+00:00,2016-04-04 11:19:00+00:00,2016-04-04 11:23:00+00:00,2016-04-04 11:25:00+00:00,2016-04-04 11:25:00+00:00,2016-04-04 11:29:00+00:00,2.868691956371696,0.4982332155477309,0.42553191489368736,0.47517730496461497,0.0005058690002394606,240.0,1.0,1.3651496725383752,1
2016-04-04 13:11:00+00:00,-1,0.0010235411062831101,2.5,1.432203541106283,DC:1:2016-04-04 12:48:00+00:00,1.4288299999999998,1.4317,1.43075,1.43213,2016-04-04 12:37:00+00:00,2016-04-04 12:45:00+00:00,2016-04-04 12:52:00+00:00,2016-04-04 13:07:00+00:00,2016-04-04 12:56:00+00:00,2016-04-04 13:11:00+00:00,4.7246552624220035,0.7157107231921244,0.3310104529616574,0.4808362369337507,0.000735411062830764,240.0,0.0,1.3917945459553849,1
2016-04-04 14:18:00+00:00,1,0.0009188765425907075,2.5,1.4276611234574093,DC:-1:2016-04-04 13:57:00+00:00,1.43098,1.42774,1.42976,1.42773,2016-04-04 13:32:00+00:00,2016-04-04 13:54:00+00:00,2016-04-04 14:05:00+00:00,2016-04-04 14:14:00+00:00,2016-04-04 14:09:00+00:00,2016-04-04 14:18:00+00:00,5.514715077338677,0.5664335664335338,0.6234567901234467,0.6265432098765533,0.0006887654259065835,240.0,0.0,1.3340921423011929,-1
2016-04-04 14:54:00+00:00,1,0.0010741785284640315,2.5,1.4267058214715358,DC:-1:2016-04-04 14:44:00+00:00,1.43009,1.4274,1.42831,1.42678,2016-04-04 14:21:00+00:00,2016-04-04 14:30:00+00:00,2016-04-04 14:44:00+00:00,2016-04-04 14:51:00+00:00,2016-04-04 14:46:00+00:00,2016-04-04 14:54:00+00:00,3.5949050690584494,0.97111913357398,0.3382899628252561,0.568773234200738,0.0007417852846409942,180.0,1.0,1.44809899940777,-1
2016-04-04 20:01:00+00:00,1,0.0005139441629107289,2.5,1.426316055837089,DC:-1:2016-04-04 19:59:00+00:00,1.42805,1.42654,1.42685,1.42634,2016-04-04 19:17:00+00:00,2016-04-04 19:57:00+00:00,2016-04-04 19:59:00+00:00,2016-04-04 20:00:00+00:00,2016-04-04 20:00:00+00:00,2016-04-04 20:01:00+00:00,5.0389655663849515,0.5451263537904951,0.205298013245038,0.3377483443708405,0.00023944162910930609,60.0,1.0,2.1464277737440187,-1
2016-04-04 23:38:00+00:00,-1,0.00015097326827318014,2.5,1.426520973268273,DC:1:2016-04-04 23:21:00+00:00,1.4261700000000002,1.42647,1.42632,1.42651,2016-04-04 23:04:00+00:00,2016-04-04 23:19:00+00:00,2016-04-04 23:22:00+00:00,2016-04-04 23:37:00+00:00,2016-04-04 23:27:00+00:00,2016-04-04 23:38:00+00:00,2.829167579924173,0.7499999999994449,0.5,0.63333333333358,0.00010973268273159286,60.0,0.0,1.3758277344085548,1
2016-04-05 05:31:00+00:00,1,0.00043275580291557425,2.5,1.4239072441970844,DC:-1:2016-04-05 05:14:00+00:00,1.42546,1.42405,1.42485,1.42394,2016-04-05 05:00:00+00:00,2016-04-05 05:13:00+00:00,2016-04-05 05:16:00+00:00,2016-04-05 05:23:00+00:00,2016-04-05 05:22:00+00:00,2016-04-05 05:31:00+00:00,5.605079936307725,0.875776397515533,0.5673758865247959,0.6453900709220026,0.00032755802915620093,480.0,0.0,1.321157670994559,-1
2016-04-05 08:12:00+00:00,1,0.0009966589697620876,2.5,1.420993341030238,DC:-1:2016-04-05 07:18:00+00:00,1.42477,1.42114,1.42298,1.42105,2016-04-05 06:57:00+00:00,2016-04-05 07:16:00+00:00,2016-04-05 07:47:00+00:00,2016-04-05 08:07:00+00:00,2016-04-05 08:00:00+00:00,2016-04-05 08:12:00+00:00,5.67748074815206,0.6470588235293512,0.5068870523415511,0.5316804407713431,0.0005665896976202955,300.0,0.0,1.759048874252575,-1
2016-04-05 10:08:00+00:00,1,0.0011169317105439447,2.5,1.4199230682894561,DC:-1:2016-04-05 09:45:00+00:00,1.42348,1.42061,1.4213,1.41998,2016-04-05 09:18:00+00:00,2016-04-05 09:43:00+00:00,2016-04-05 09:54:00+00:00,2016-04-05 10:07:00+00:00,2016-04-05 09:56:00+00:00,2016-04-05 10:08:00+00:00,5.272611563183771,0.5845213849287775,0.24041811846691405,0.45993031358882186,0.0005693171054399152,60.0,0.0,1.9618797676575763,-1
2016-04-05 10:33:00+00:00,-1,0.0007564499397492153,2.5,1.4219764499397491,DC:1:2016-04-05 10:19:00+00:00,1.41998,1.42163,1.42099,1.42192,2016-04-05 10:07:00+00:00,2016-04-05 10:14:00+00:00,2016-04-05 10:20:00+00:00,2016-04-05 10:31:00+00:00,2016-04-05 10:30:00+00:00,2016-04-05 10:33:00+00:00,2.9668273812303383,0.8730158730159625,0.3878787878787887,0.5636363636364469,0.0005644993974912583,120.0,1.0,1.34003675311439,1
2016-04-05 12:33:00+00:00,1,0.0011559142900920971,2.5,1.4178340857099079,DC:-1:2016-04-05 12:09:00+00:00,1.42051,1.41822,1.41917,1.41789,2016-04-05 11:36:00+00:00,2016-04-05 12:03:00+00:00,2016-04-05 12:10:00+00:00,2016-04-05 12:21:00+00:00,2016-04-05 12:12:00+00:00,2016-04-05 12:33:00+00:00,3.638589165011693,0.480083857442356,0.41484716157207274,0.558951965065503,0.0005591429009221777,720.0,1.0,2.067296728950117,-1
2016-04-05 19:52:00+00:00,-1,0.0003338793216169922,2.5,1.415793879321617,DC:1:2016-04-05 19:44:00+00:00,1.4146,1.41552,1.41532,1.41577,2016-04-05 19:36:00+00:00,2016-04-05 19:40:00+00:00,2016-04-05 19:44:00+00:00,2016-04-05 19:48:00+00:00,2016-04-05 19:47:00+00:00,2016-04-05 19:52:00+00:00,4.762449082323366,1.0,0.21739130434784706,0.48913043478277657,0.00023879321616930167,240.0,1.0,1.398194333042843,1
2016-04-06 00:50:00+00:00,-1,0.0004828451336484907,2.5,1.4158128451336485,DC:1:2016-04-06 00:22:00+00:00,1.41494,1.41574,1.41531,1.41579,2016-04-05 23:53:00+00:00,2016-04-06 00:15:00+00:00,2016-04-06 00:22:00+00:00,2016-04-06 00:26:00+00:00,2016-04-06 00:24:00+00:00,2016-04-06 00:50:00+00:00,3.1606787134920156,0.5882352941177623,0.5374999999999722,0.600000000000111,0.00022845133648458383,1440.0,0.0,2.1135579291350464,1
2016-04-06 01:36:00+00:00,1,0.00042767606284210835,2.5,1.4143823239371578,DC:-1:2016-04-06 01:13:00+00:00,1.41533,1.41459,1.41491,1.41441,2016-04-06 01:00:00+00:00,2016-04-06 01:12:00+00:00,2016-04-06 01:13:00+00:00,2016-04-06 01:25:00+00:00,2016-04-06 01:15:00+00:00,2016-04-06 01:36:00+00:00,3.420899976208671,0.5362318840577098,0.43243243243228646,0.6756756756756351,0.0002767606284212233,660.0,1.0,1.5452922812098666,-1
2016-04-06 06:17:00+00:00,1,0.0005738496570948382,2.5,1.4136461503429052,DC:-1:2016-04-06 06:13:00+00:00,1.41479,1.41378,1.41433,1.41369,2016-04-06 06:05:00+00:00,2016-04-06 06:08:00+00:00,2016-04-06 06:15:00+00:00,2016-04-06 06:16:00+00:00,2016-04-06 06:16:00+00:00,2016-04-06 06:17:00+00:00,2.9009436643068933,1.0,0.5445544554456185,0.6336633663368557,0.0004384965709474318,60.0,1.0,1.3086753582928994,-1
2016-04-06 14:54:00+00:00,-1,0.0011388823196192277,2.5,1.4097888823196192,DC:1:2016-04-06 14:22:00+00:00,1.40604,1.40931,1.4075,1.4097,2016-04-06 13:52:00+00:00,2016-04-06 14:19:00+00:00,2016-04-06 14:23:00+00:00,2016-04-06 14:52:00+00:00,2016-04-06 14:27:00+00:00,2016-04-06 14:54:00+00:00,3.7788425785433084,0.4759825327511273,0.5535168195718748,0.6727828746177089,0.0008888231961931374,120.0,0.0,1.2813373058861455,1
2016-04-06 16:05:00+00:00,-1,0.0013666493328237106,2.5,1.4168566493328236,DC:1:2016-04-06 15:55:00+00:00,1.4088200000000002,1.41603,1.41391,1.41676,2016-04-06 15:09:00+00:00,2016-04-06 15:52:00+00:00,2016-04-06 15:59:00+00:00,2016-04-06 16:02:00+00:00,2016-04-06 16:00:00+00:00,2016-04-06 16:05:00+00:00,8.233593259995615,0.5457986373958931,0.29403606102634994,0.3952843273231805,0.0009664933282367429,180.0,1.0,1.4140287293208809,1
2016-04-06 21:15:00+00:00,1,0.00039550702113322345,2.5,1.4115044929788667,DC:-1:2016-04-06 21:10:00+00:00,1.41226,1.41169,1.41204,1.41153,2016-04-06 21:04:00+00:00,2016-04-06 21:08:00+00:00,2016-04-06 21:11:00+00:00,2016-04-06 21:13:00+00:00,2016-04-06 21:13:00+00:00,2016-04-06 21:15:00+00:00,3.0071526779618454,1.0,0.6140350877192299,0.8947368421049966,0.0002550702113332702,120.0,1.0,1.5505809912724815,-1
2016-04-07 01:05:00+00:00,-1,0.00028950563628593606,2.5,1.414069505636286,DC:1:2016-04-07 00:55:00+00:00,1.41319,1.41399,1.41363,1.41405,2016-04-07 00:28:00+00:00,2016-04-07 00:53:00+00:00,2016-04-07 00:59:00+00:00,2016-04-07 01:04:00+00:00,2016-04-07 01:03:00+00:00,2016-04-07 01:05:00+00:00,3.5857209836056168,0.5479452054792041,0.45000000000009716,0.5250000000000208,0.00019505636286054547,60.0,0.0,1.4842152905973982,1
2016-04-07 03:25:00+00:00,1,0.00040734794823049647,2.5,1.4108426520517694,DC:-1:2016-04-07 03:16:00+00:00,1.41195,1.4109,1.41136,1.41087,2016-04-07 02:58:00+00:00,2016-04-07 03:13:00+00:00,2016-04-07 03:17:00+00:00,2016-04-07 03:23:00+00:00,2016-04-07 03:23:00+00:00,2016-04-07 03:25:00+00:00,4.219371590258976,0.8139534883719409,0.4380952380951495,0.4666666666665539,0.0002734794823066998,120.0,1.0,1.4895009482783312,-1
2016-04-07 06:19:00+00:00,-1,0.0009087456716541098,2.5,1.4154987456716541,DC:1:2016-04-07 05:56:00+00:00,1.41243,1.41518,1.4143,1.41547,2016-04-07 05:15:00+00:00,2016-04-07 05:46:00+00:00,2016-04-07 05:59:00+00:00,2016-04-07 06:17:00+00:00,2016-04-07 06:06:00+00:00,2016-04-07 06:19:00+00:00,10.628972056444121,0.7372654155493843,0.3200000000000743,0.4254545454545827,0.00028745671654179867,120.0,0.0,3.1613304520646692,1
2016-04-07 09:42:00+00:00,1,0.0007793500015778054,2.5,1.4055406499984222,DC:-1:2016-04-07 09:29:00+00:00,1.40876,1.40565,1.40722,1.40561,2016-04-07 08:59:00+00:00,2016-04-07 09:19:00+00:00,2016-04-07 09:33:00+00:00,2016-04-07 09:41:00+00:00,2016-04-07 09:35:00+00:00,2016-04-07 09:42:00+00:00,3.9135129781003246,0.5298126064736016,0.5048231511253622,0.5176848874597805,0.0006935000157780337,60.0,0.0,1.1237923343137304,-1
2016-04-07 17:52:00+00:00,1,0.0005741006486197353,2.5,1.4052858993513804,DC:-1:2016-04-07 17:37:00+00:00,1.40689,1.40557,1.4060700000000002,1.40533,2016-04-07 17:21:00+00:00,2016-04-07 17:31:00+00:00,2016-04-07 17:37:00+00:00,2016-04-07 17:48:00+00:00,2016-04-07 17:48:00+00:00,2016-04-07 17:52:00+00:00,2.790001551301824,1.0,0.3787878787880088,0.5606060606062059,0.0004410064861954669,240.0,1.0,1.3017963830248003,-1
2016-04-08 01:19:00+00:00,-1,0.00044930037753831975,2.5,1.4068193003775382,DC:1:2016-04-08 01:06:00+00:00,1.40572,1.40672,1.40634,1.40679,2016-04-08 01:00:00+00:00,2016-04-08 01:04:00+00:00,2016-04-08 01:07:00+00:00,2016-04-08 01:18:00+00:00,2016-04-08 01:16:00+00:00,2016-04-08 01:19:00+00:00,3.5765794358217082,1.0,0.3800000000000888,0.45000000000011103,0.00029300377538128426,60.0,1.0,1.5334286288756775,1
2016-04-08 06:05:00+00:00,1,0.0007351121967820173,2.5,1.406364887803218,DC:-1:2016-04-08 05:53:00+00:00,1.4078700000000002,1.40659,1.40732,1.4064,2016-04-08 05:46:00+00:00,2016-04-08 05:50:00+00:00,2016-04-08 05:58:00+00:00,2016-04-08 06:03:00+00:00,2016-04-08 06:01:00+00:00,2016-04-08 06:05:00+00:00,4.092958541726634,1.0,0.5703124999998441,0.7187499999997561,0.0003511219678201691,120.0,0.0,2.093609241671011,-1
2016-04-08 09:01:00+00:00,1,0.001229154495786533,2.5,1.4095208455042134,DC:-1:2016-04-08 08:33:00+00:00,1.41356,1.41071,1.4116,1.40963,2016-04-08 08:29:00+00:00,2016-04-08 08:32:00+00:00,2016-04-08 08:33:00+00:00,2016-04-08 08:42:00+00:00,2016-04-08 08:40:00+00:00,2016-04-08 09:01:00+00:00,3.229592865931368,1.0,0.31228070175440403,0.6912280701754435,0.001091544957865245,1140.0,1.0,1.1260685938125843,-1
2016-04-08 10:32:00+00:00,1,0.0007640882439061691,2.5,1.4065059117560939,DC:-1:2016-04-08 10:24:00+00:00,1.4085299999999998,1.40671,1.40785,1.40656,2016-04-08 10:07:00+00:00,2016-04-08 10:18:00+00:00,2016-04-08 10:27:00+00:00,2016-04-08 10:31:00+00:00,2016-04-08 10:28:00+00:00,2016-04-08 10:32:00+00:00,3.2336517889520895,0.834862385321213,0.626373626373727,0.7087912087912424,0.0005408824390613817,60.0,0.0,1.4126697203039662,-1
2016-04-08 11:33:00+00:00,-1,0.0007208600526888986,2.5,1.407920860052689,DC:1:2016-04-08 11:10:00+00:00,1.40544,1.40743,1.40644,1.4078700000000002,2016-04-08 10:52:00+00:00,2016-04-08 11:05:00+00:00,2016-04-08 11:14:00+00:00,2016-04-08 11:29:00+00:00,2016-04-08 11:23:00+00:00,2016-04-08 11:33:00+00:00,3.5924661988094537,0.7683397683396505,0.4974874371859689,0.7185929648242765,0.0005086005268874744,240.0,0.0,1.4173403576681423,1
2016-04-08 11:51:00+00:00,-1,0.0006743044772421491,2.5,1.4083643044772423,DC:1:2016-04-08 11:33:00+00:00,1.40644,1.4078700000000002,1.4072,1.40831,2016-04-08 11:14:00+00:00,2016-04-08 11:29:00+00:00,2016-04-08 11:33:00+00:00,2016-04-08 11:44:00+00:00,2016-04-08 11:38:00+00:00,2016-04-08 11:51:00+00:00,2.8116368827841294,0.5884773662551079,0.4685314685315011,0.7762237762235938,0.0005430447724223121,420.0,1.0,1.2417106498131607,1
2016-04-08 14:12:00+00:00,-1,0.0008707549588904406,2.5,1.4102307549588904,DC:1:2016-04-08 14:08:00+00:00,1.40833,1.40985,1.40905,1.41016,2016-04-08 13:58:00+00:00,2016-04-08 14:05:00+00:00,2016-04-08 14:09:00+00:00,2016-04-08 14:11:00+00:00,2016-04-08 14:11:00+00:00,2016-04-08 14:12:00+00:00,2.19525925445533,0.8539325842696952,0.5263157894737842,0.7302631578948627,0.0007075495889035778,60.0,1.0,1.2306628009490708,1
2016-04-08 15:32:00+00:00,-1,0.0010970675335224556,2.5,1.4132270675335226,DC:1:2016-04-08 15:14:00+00:00,1.40973,1.41279,1.41184,1.41315,2016-04-08 14:55:00+00:00,2016-04-08 15:12:00+00:00,2016-04-08 15:14:00+00:00,2016-04-08 15:27:00+00:00,2016-04-08 15:21:00+00:00,2016-04-08 15:32:00+00:00,4.501498309799963,0.542553191489407,0.310457516339865,0.42810457516336453,0.0007706753352259787,300.0,1.0,1.4235145247003027,1
2016-04-08 18:57:00+00:00,-1,0.000522100477309495,2.5,1.4120121004773094,DC:1:2016-04-08 18:49:00+00:00,1.41088,1.41173,1.41134,1.4119700000000002,2016-04-08 18:38:00+00:00,2016-04-08 18:47:00+00:00,2016-04-08 18:49:00+00:00,2016-04-08 18:56:00+00:00,2016-04-08 18:54:00+00:00,2016-04-08 18:57:00+00:00,2.257974191193328,0.6204379562040483,0.4588235294116264,0.7411764705883735,0.0004210047730917579,60.0,1.0,1.2401295915847095,1
