entry_tick,exit_tick,side,units,entry,exit,pnl,reason,stop,quote_gap_over_60s,planned_loss,realized_R,entry_time,exit_time
31959.0,32085.0,-1.0,35128.39428109741,1.4233500000000001,1.4239,-21.779604454274367,1.0,1.423853724600016,False,20.856591843745708,-1.0442551984256931,2016-04-04 11:28:00.797000+00:00,2016-04-04 11:30:11.297000+00:00
38549.0,40432.0,-1.0,34217.57652117789,1.4315399999999998,1.429942431489528,52.26969239841331,2.0,1.4321790274041886,False,24.945550988864316,2.0953512881614236,2016-04-04 13:10:00.307000+00:00,2016-04-04 13:34:12.780000+00:00
51652.0,54006.0,1.0,34024.76849903995,1.4272699999999998,1.4265800000000002,-25.858824059257955,1.0,1.4266230008571381,False,25.076225219860348,-1.031208797677323,2016-04-04 15:56:00.277000+00:00,2016-04-04 16:52:34.253000+00:00
55539.0,55805.0,-1.0,35039.05488738366,1.42764,1.42806,-17.16913689482104,1.0,1.4280372599278537,False,17.073127356487202,-1.0056234301032938,2016-04-04 17:30:32.223000+00:00,2016-04-04 17:41:18.470000+00:00
100504.0,100848.0,1.0,30942.55930420448,1.4188999999999998,1.41816,-25.063473036397607,1.0,1.4181830643140405,False,24.96865531747515,-1.0037974699765309,2016-04-05 12:08:01.523000+00:00,2016-04-05 12:11:46.770000+00:00
128166.0,128223.0,-1.0,35192.127671285976,1.41543,1.4158199999999999,-16.188378728787693,1.0,1.4157859195477447,False,15.692857655354317,-1.03157621666595,2016-04-05 19:52:00.693000+00:00,2016-04-05 19:55:21.707000+00:00
173428.0,176875.0,1.0,21921.025951444208,1.4029199999999997,1.405530807701603,55.697111564476984,2.0,1.4018756769193583,False,24.865525688062185,2.2399330005404585,2016-04-06 12:50:01.017000+00:00,2016-04-06 13:28:49.280000+00:00
182667.0,185684.0,-1.0,32707.57563440523,1.4086899999999998,1.4094,-25.511908994842962,1.0,1.4093644947074788,False,25.004768466973378,-1.020281752600086,2016-04-06 14:21:01.280000+00:00,2016-04-06 14:50:41.267000+00:00
186047.0,186173.0,-1.0,20599.605020921652,1.40863,1.4097899999999999,-25.337514175730085,1.0,1.409750750821152,False,24.94098869448627,-1.0158985470103468,2016-04-06 14:54:00.267000+00:00,2016-04-06 14:55:04.530000+00:00
189162.0,189282.0,-1.0,33938.12804374257,1.4098399999999998,1.41051,-25.114214752375286,1.0,1.4104830293785495,False,24.877644909046943,-1.009509334351915,2016-04-06 15:26:00.267000+00:00,2016-04-06 15:27:56.517000+00:00
197248.0,199900.0,1.0,30968.84642634753,1.4132199999999997,1.4124400000000001,-26.32351946238174,1.0,1.41250871541127,False,24.814859372166,-1.0607966407380873,2016-04-06 17:02:00.267000+00:00,2016-04-06 17:59:50.493000+00:00
269664.0,275154.0,-1.0,28585.438056110048,1.41035,1.41116,-25.155185489376194,1.0,1.4111257922444613,False,24.74905057351005,-1.0164101210533243,2016-04-07 14:03:00.317000+00:00,2016-04-07 14:54:41.027000+00:00
285766.0,288314.0,-1.0,35107.21183475657,1.40633,1.40698,-25.277192521018318,1.0,1.406928932805465,False,24.186509941371806,-1.045094665674805,2016-04-07 17:26:01.250000+00:00,2016-04-07 18:14:15.517000+00:00
288724.0,288958.0,-1.0,35012.114306715855,1.4065400000000001,1.4069999999999998,-18.556420582548302,1.0,1.4069523212382233,False,17.587328611362153,-1.0551017151382545,2016-04-07 18:23:20.750000+00:00,2016-04-07 18:29:42.767000+00:00
341123.0,343043.0,-1.0,34842.10921506116,1.41074,1.409249509254185,49.49289370467295,2.0,1.4113361962983262,False,23.908526369247944,2.070093862762391,2016-04-08 13:30:00.357000+00:00,2016-04-08 13:49:55.843000+00:00
352493.0,353789.0,-1.0,28926.547755981577,1.41244,1.4105302559043982,53.21744544020886,2.0,1.4132038976382406,False,24.70031081128937,2.1545253356036973,2016-04-08 15:31:00.793000+00:00,2016-04-08 15:48:32.793000+00:00
360324.0,362507.0,-1.0,35187.432323133544,1.4114900000000004,1.41191,-17.24184183832287,1.0,1.4118809806762367,False,16.924474993800867,-1.018751946198523,2016-04-08 17:57:00.543000+00:00,2016-04-08 18:53:47.767000+00:00
362612.0,362715.0,-1.0,35125.60901764634,1.41152,1.41204,-20.72410932040621,1.0,1.411996758238639,False,19.907728297960183,-1.0410082461558245,2016-04-08 18:57:00.517000+00:00,2016-04-08 18:59:26.017000+00:00
